month,GPR,GPRT,GPRA,GPRH,GPRHT,GPRHA,SHARE_GPR,N10,SHARE_GPRH,N3H,GPRH_NOEW,GPR_NOEW,GPRH_AND,GPR_AND,GPRH_BASIC,GPR_BASIC,SHAREH_CAT_1,SHAREH_CAT_2,SHAREH_CAT_3,SHAREH_CAT_4,SHAREH_CAT_5,SHAREH_CAT_6,SHAREH_CAT_7,SHAREH_CAT_8,GPRC_ARG,GPRC_AUS,GPRC_BEL,GPRC_BRA,GPRC_CAN,GPRC_CHE,GPRC_CHL,GPRC_CHN,GPRC_COL,GPRC_DEU,GPRC_DNK,GPRC_EGY,GPRC_ESP,GPRC_FIN,GPRC_FRA,GPRC_GBR,GPRC_HKG,GPRC_HUN,GPRC_IDN,GPRC_IND,GPRC_ISR,GPRC_ITA,GPRC_JPN,GPRC_KOR,GPRC_MEX,GPRC_MYS,GPRC_NLD,GPRC_NOR,GPRC_PER,GPRC_PHL,GPRC_POL,GPRC_PRT,GPRC_RUS,GPRC_SAU,GPRC_SWE,GPRC_THA,GPRC_TUN,GPRC_TUR,GPRC_TWN,GPRC_UKR,GPRC_USA,GPRC_VEN,GPRC_VNM,GPRC_ZAF,GPRHC_ARG,GPRHC_AUS,GPRHC_BEL,GPRHC_BRA,GPRHC_CAN,GPRHC_CHE,GPRHC_CHL,GPRHC_CHN,GPRHC_COL,GPRHC_DEU,GPRHC_DNK,GPRHC_EGY,GPRHC_ESP,GPRHC_FIN,GPRHC_FRA,GPRHC_GBR,GPRHC_HKG,GPRHC_HUN,GPRHC_IDN,GPRHC_IND,GPRHC_ISR,GPRHC_ITA,GPRHC_JPN,GPRHC_KOR,GPRHC_MEX,GPRHC_MYS,GPRHC_NLD,GPRHC_NOR,GPRHC_PER,GPRHC_PHL,GPRHC_POL,GPRHC_PRT,GPRHC_RUS,GPRHC_SAU,GPRHC_SWE,GPRHC_THA,GPRHC_TUN,GPRHC_TUR,GPRHC_TWN,GPRHC_UKR,GPRHC_USA,GPRHC_VEN,GPRHC_VNM,GPRHC_ZAF,var_name,var_label
2016-01-01,118.21114349365234,124.23914337158203,109.52909851074219,97.50211334228516,116.34266662597656,90.7303695678711,3.5456061363220215,21576.0,3.5173161029815674,7392,122.07048034667969,131.37001037597656,73.04497528076172,119.09931945800781,170.0581817626953,126.98701477050781,0.28409090638160706,0.06764069199562073,1.2581168413162231,0.6222943663597107,0.5275974273681641,0.2976190447807312,0.2976190447807312,1.3122293949127197,0.013904337771236897,0.10659992694854736,0.18539117276668549,0.11123470216989517,0.24100853502750397,0.1251390427350998,0.00926955882459879,0.6952168941497803,0.004634779412299395,0.47738227248191833,0.07415647059679031,0.17612162232398987,0.055617351084947586,0.013904337771236897,1.0103819370269775,1.0242862701416016,0.04634779319167137,0.055617351084947586,0.1297738254070282,0.22246940433979034,0.2688172161579132,0.17148683965206146,0.27808675169944763,0.47738227248191833,0.07415647059679031,0.055617351084947586,0.09269558638334274,0.01853911764919758,0.00926955882459879,0.023173896595835686,0.05098257213830948,0.013904337771236897,0.7044864892959595,0.5005561709403992,0.1344086080789566,0.03244345635175705,0.0648869127035141,0.384686678647995,0.06025213375687599,0.11123470216989517,2.507415533065796,0.027808675542473793,0.013904337771236897,0.06952168792486191,0.013528138399124146,0.08116883039474487,0.16233766078948975,0.10822510719299316,0.12175324559211731,0.18939393758773804,0.013528138399124146,0.5681818127632141,0.013528138399124146,0.43290042877197266,0.09469696879386902,0.1758657991886139,0.013528138399124146,0.040584415197372437,0.987554132938385,0.5275974273681641,0.05411255359649658,0.05411255359649658,0.16233766078948975,0.25703462958335876,0.24350649118423462,0.1488095223903656,0.28409090638160706,0.43290042877197266,0.13528138399124146,0.09469696879386902,0.05411255359649658,0.02705627679824829,0.0,0.02705627679824829,0.06764069199562073,0.0,0.7169913649559021,0.45995670557022095,0.1758657991886139,0.040584415197372437,0.09469696879386902,0.5546537041664124,0.08116883039474487,0.12175324559211731,3.3955628871917725,0.0,0.040584415197372437,0.040584415197372437,,
2016-02-01,103.74964904785156,91.322021484375,117.58201599121094,84.31517028808594,83.2859878540039,89.14839172363281,3.1118505001068115,20438.0,3.041606903076172,6970,105.6784439086914,110.5731430053711,71.95018005371094,120.60470581054688,144.4699249267578,107.59513854980469,0.2725968360900879,0.014347202144563198,0.9038737416267395,0.45911046862602234,0.3730272650718689,0.44476327300071716,0.659971296787262,0.9038737416267395,0.014678539708256721,0.06360700726509094,0.24464233219623566,0.014678539708256721,0.1957138627767563,0.07339269667863846,0.009785693138837814,0.49907034635543823,0.009785693138837814,0.6605343222618103,0.044035620987415314,0.09785693138837814,0.07828554511070251,0.014678539708256721,0.6311772465705872,0.9492122530937195,0.03914277255535126,0.044035620987415314,0.009785693138837814,0.08317839354276657,0.1712496280670166,0.12232116609811783,0.2054995596408844,0.3571777939796448,0.10764262825250626,0.029357079416513443,0.06360700726509094,0.03914277255535126,0.009785693138837814,0.024464232847094536,0.07339269667863846,0.014678539708256721,1.193854570388794,0.4207848012447357,0.07828554511070251,0.024464232847094536,0.07339269667863846,0.7094627618789673,0.024464232847094536,0.2152852565050125,2.245816707611084,0.024464232847094536,0.004892846569418907,0.03914277255535126,0.0,0.028694404289126396,0.22955523431301117,0.014347202144563198,0.10043041408061981,0.04304160550236702,0.014347202144563198,0.5451936721801758,0.0,0.5882353186607361,0.04304160550236702,0.05738880857825279,0.10043041408061981,0.0,0.760401725769043,0.5882353186607361,0.028694404289126396,0.07173600792884827,0.014347202144563198,0.07173600792884827,0.14347201585769653,0.10043041408061981,0.22955523431301117,0.4160688519477844,0.11477761715650558,0.014347202144563198,0.05738880857825279,0.05738880857825279,0.0,0.04304160550236702,0.11477761715650558,0.014347202144563198,1.3055953979492188,0.34433284401893616,0.11477761715650558,0.0,0.05738880857825279,0.6169297099113464,0.0,0.3156384527683258,2.998565196990967,0.04304160550236702,0.014347202144563198,0.014347202144563198,,
2016-03-01,109.72029113769531,98.02693176269531,127.76814270019531,93.45272827148438,108.57923126220703,87.08402252197266,3.2909328937530518,22091.0,3.3712375164031982,7475,122.25773620605469,124.14441680908203,72.86384582519531,123.21012115478516,179.03359985351562,133.3084259033203,0.3478260934352875,0.06688962876796722,1.04347825050354,0.6020066738128662,0.5618728995323181,0.3344481587409973,0.21404682099819183,1.3645484447479248,0.02716038189828396,0.04526730254292488,0.9732470512390137,0.08600787818431854,0.20822960138320923,0.0769544169306755,0.004526730161160231,0.511520504951477,0.02716038189828396,0.4753066897392273,0.02716038189828396,0.16748902201652527,0.10864152759313583,0.009053460322320461,0.8691322207450867,0.9687203168869019,0.02263365127146244,0.04526730254292488,0.02263365127146244,0.153908833861351,0.20822960138320923,0.13127517700195312,0.23991671204566956,0.4255126416683197,0.1765424907207489,0.018106920644640923,0.19012267887592316,0.04074057191610336,0.018106920644640923,0.05432076379656792,0.04526730254292488,0.018106920644640923,0.7785975933074951,0.23538997769355774,0.06337422132492065,0.0,0.058847494423389435,0.5703680515289307,0.02716038189828396,0.1765424907207489,2.448961019515991,0.018106920644640923,0.01358019094914198,0.04526730254292488,0.05351170524954796,0.040133778005838394,1.0568561553955078,0.06688962876796722,0.05351170524954796,0.040133778005838394,0.01337792631238699,0.5083612203598022,0.01337792631238699,0.5618728995323181,0.040133778005838394,0.17391304671764374,0.1471571922302246,0.01337792631238699,1.0033445358276367,0.5351170301437378,0.02675585262477398,0.08026755601167679,0.02675585262477398,0.1872909665107727,0.2675585150718689,0.1872909665107727,0.3745819330215454,0.52173912525177,0.20066890120506287,0.01337792631238699,0.227424755692482,0.02675585262477398,0.02675585262477398,0.08026755601167679,0.08026755601167679,0.01337792631238699,0.8695651888847351,0.28093644976615906,0.12040133774280548,0.0,0.08026755601167679,0.6287625432014465,0.05351170524954796,0.2541806101799011,3.2775919437408447,0.0,0.040133778005838394,0.02675585262477398,,
2016-04-01,85.22145080566406,80.82244110107422,93.12298583984375,85.37211608886719,93.72856903076172,85.30022430419922,2.5561184883117676,21517.0,3.079735517501831,7111,104.19113159179688,105.59536743164062,66.32963562011719,107.9804458618164,130.18551635742188,93.91316986083984,0.2390662282705307,0.05625087767839432,0.8437631726264954,0.6750105619430542,0.36563071608543396,0.3234425485134125,0.5906342267990112,0.9562649130821228,0.04182739183306694,0.06041734293103218,0.46010130643844604,0.03717990592122078,0.14407213032245636,0.03717990592122078,0.0,0.3625040650367737,0.01858995296061039,0.30673420429229736,0.02788492850959301,0.12548217177391052,0.0464748814702034,0.013942464254796505,0.7250081300735474,0.8969652056694031,0.03717990592122078,0.013942464254796505,0.0232374407351017,0.13477715849876404,0.18125203251838684,0.14871962368488312,0.25096434354782104,0.26025933027267456,0.08365478366613388,0.03717990592122078,0.07900729775428772,0.03717990592122078,0.004647488240152597,0.06041734293103218,0.0697123184800148,0.02788492850959301,0.7761304974555969,0.2788492739200592,0.03717990592122078,0.004647488240152597,0.02788492850959301,0.3160291910171509,0.009294976480305195,0.20448946952819824,2.012362241744995,0.01858995296061039,0.01858995296061039,0.013942464254796505,0.07031359523534775,0.05625087767839432,0.562508761882782,0.01406271941959858,0.08437632024288177,0.02812543883919716,0.0,0.3796934187412262,0.01406271941959858,0.35156798362731934,0.02812543883919716,0.18281535804271698,0.07031359523534775,0.01406271941959858,0.8718886375427246,0.7031359672546387,0.02812543883919716,0.02812543883919716,0.01406271941959858,0.1406271904706955,0.281254380941391,0.18281535804271698,0.3796934187412262,0.4218815863132477,0.1406271904706955,0.02812543883919716,0.0984390377998352,0.05625087767839432,0.0,0.08437632024288177,0.12656447291374207,0.02812543883919716,0.9422022104263306,0.36563071608543396,0.02812543883919716,0.0,0.04218816012144089,0.46406975388526917,0.01406271941959858,0.2390662282705307,3.051610231399536,0.01406271941959858,0.05625087767839432,0.0,,
2016-05-01,88.3324203491211,84.46136474609375,93.63965606689453,77.35427856445312,84.60981750488281,73.39326477050781,2.649428606033325,21967.0,2.7904980182647705,6988,103.13721466064453,122.12577056884766,62.892513275146484,117.08540344238281,121.78587341308594,107.00524139404297,0.3148254156112671,0.028620492666959763,0.9301660060882568,0.3148254156112671,0.25758442282676697,0.30051517486572266,0.42930737137794495,0.901545524597168,0.031865980476140976,0.054627396166324615,0.36418265104293823,0.04552283138036728,0.17753903567790985,0.027313698083162308,0.009104565717279911,0.44612371921539307,0.009104565717279911,0.4006009101867676,0.013656849041581154,0.3095552325248718,0.06828424334526062,0.018209131434559822,0.7875449657440186,1.0106067657470703,0.018209131434559822,0.02276141569018364,0.027313698083162308,0.08194109052419662,0.13656848669052124,0.18209132552146912,0.23671871423721313,0.25037556886672974,0.1001502275466919,0.027313698083162308,0.06373196095228195,0.027313698083162308,0.0045522828586399555,0.10470250993967056,0.08649337291717529,0.04552283138036728,0.655528724193573,0.24582327902317047,0.018209131434559822,0.031865980476140976,0.07738880813121796,0.3095552325248718,0.018209131434559822,0.1411207765340805,1.9210634231567383,0.031865980476140976,0.06373196095228195,0.02276141569018364,0.10017172247171402,0.042930737137794495,0.2289639413356781,0.11448197066783905,0.11448197066783905,0.028620492666959763,0.014310246333479881,0.5294790863990784,0.014310246333479881,0.3291356563568115,0.0,0.3291356563568115,0.042930737137794495,0.0,0.6725815534591675,0.5724098682403564,0.0,0.028620492666959763,0.028620492666959763,0.057240985333919525,0.1431024670600891,0.17172294855117798,0.2718946635723114,0.3577561676502228,0.15741270780563354,0.028620492666959763,0.057240985333919525,0.0,0.014310246333479881,0.1431024670600891,0.10017172247171402,0.028620492666959763,0.7155123353004456,0.3291356563568115,0.014310246333479881,0.08586147427558899,0.057240985333919525,0.34344589710235596,0.057240985333919525,0.1431024670600891,2.704636573791504,0.042930737137794495,0.20034344494342804,0.014310246333479881,,
2016-06-01,90.16812896728516,80.51286315917969,100.85737609863281,74.2213134765625,70.72409057617188,80.73233032226562,2.704488515853882,21187.0,2.677478551864624,6536,104.31514739990234,126.38245391845703,62.91918182373047,122.07559204101562,143.1294403076172,116.41473388671875,0.15299877524375916,0.015299877151846886,0.7190942764282227,0.2600979208946228,0.3824969530105591,0.3824969530105591,0.2600979208946228,1.1321909427642822,0.009439750574529171,0.08495775610208511,0.3823099136352539,0.014159626327455044,0.16519564390182495,0.028319252654910088,0.018879501149058342,0.30207201838493347,0.014159626327455044,0.35871052742004395,0.04719875380396843,0.13215650618076324,0.10855713486671448,0.023599376901984215,0.6607825756072998,1.0383726358413696,0.009439750574529171,0.03303912654519081,0.03303912654519081,0.10855713486671448,0.19823476672172546,0.16519564390182495,0.14631614089012146,0.16991551220417023,0.0707981288433075,0.028319252654910088,0.08023788034915924,0.11327701061964035,0.0047198752872645855,0.0519186295568943,0.08967763185501099,0.04719875380396843,0.54278564453125,0.16991551220417023,0.04719875380396843,0.018879501149058342,0.056638505309820175,0.4672676622867584,0.009439750574529171,0.10855713486671448,1.7746731042861938,0.0519186295568943,0.018879501149058342,0.028319252654910088,0.0,0.015299877151846886,0.32129743695259094,0.0,0.10709914565086365,0.015299877151846886,0.03059975430369377,0.3059975504875183,0.03059975430369377,0.32129743695259094,0.03059975430369377,0.15299877524375916,0.06119950860738754,0.03059975430369377,0.7190942764282227,0.48959606885910034,0.03059975430369377,0.045899633318185806,0.0,0.19889840483665466,0.24479803442955017,0.22949816286563873,0.18359853327274323,0.22949816286563873,0.07649938762187958,0.0,0.07649938762187958,0.07649938762187958,0.0,0.045899633318185806,0.10709914565086365,0.015299877151846886,0.6272949576377869,0.2141982913017273,0.09179926663637161,0.0,0.03059975430369377,0.5048959851264954,0.015299877151846886,0.06119950860738754,2.5703794956207275,0.07649938762187958,0.06119950860738754,0.015299877151846886,,
2016-07-01,114.6104507446289,97.0980453491211,145.14874267578125,90.43106079101562,82.4276351928711,109.31305694580078,3.437607526779175,20363.0,3.262233257293701,7173,122.58216094970703,133.83786010742188,63.13043975830078,119.96354675292969,179.3258514404297,149.14492797851562,0.25094103813171387,0.02788233570754528,0.710999608039856,0.390352725982666,0.48794087767601013,0.4461173713207245,0.3067057132720947,1.6311166286468506,0.03437607362866402,0.10312822461128235,0.3830476701259613,0.03928694128990173,0.25045424699783325,0.04419780895113945,0.004910867661237717,0.3781368136405945,0.019643470644950867,0.6482345461845398,0.0294652059674263,0.18170210719108582,0.17188036441802979,0.04419780895113945,1.0705691576004028,1.0853017568588257,0.03928694128990173,0.04910867661237717,0.0294652059674263,0.27500858902931213,0.27500858902931213,0.19643470644950867,0.2700977325439453,0.2651868462562561,0.07857388257980347,0.04910867661237717,0.10803908854722977,0.04910867661237717,0.004910867661237717,0.07857388257980347,0.27991947531700134,0.03928694128990173,0.756273627281189,0.19152383506298065,0.04419780895113945,0.03437607362866402,0.16696950793266296,0.8201149106025696,0.0294652059674263,0.18170210719108582,2.4603447914123535,0.019643470644950867,0.01473260298371315,0.0294652059674263,0.041823506355285645,0.12547051906585693,0.32064688205718994,0.041823506355285645,0.20911751687526703,0.0975881814956665,0.0,0.390352725982666,0.01394116785377264,0.6273525953292847,0.05576467141509056,0.13941168785095215,0.23699985444545746,0.041823506355285645,1.0734699964523315,0.8643524050712585,0.041823506355285645,0.041823506355285645,0.02788233570754528,0.3764115571975708,0.3067057132720947,0.2648822069168091,0.2927645444869995,0.2927645444869995,0.06970584392547607,0.08364701271057129,0.11152934283018112,0.06970584392547607,0.01394116785377264,0.08364701271057129,0.2788233757019043,0.01394116785377264,0.8085877299308777,0.2927645444869995,0.041823506355285645,0.041823506355285645,0.25094103813171387,0.7946466207504272,0.02788233570754528,0.195176362991333,3.164645195007324,0.0,0.041823506355285645,0.01394116785377264,,
2016-08-01,98.73848724365234,82.44046783447266,121.45369720458984,79.6497802734375,77.62066650390625,85.16445922851562,2.9615464210510254,19348.0,2.8733065128326416,6717,107.08373260498047,110.31494903564453,61.10688781738281,109.77949523925781,135.8874969482422,109.35615539550781,0.25308918952941895,0.014887598343193531,0.7741551399230957,0.38707756996154785,0.2977519631385803,0.4466279447078705,0.5210659503936768,0.8783683180809021,0.025842463597655296,0.05685342103242874,0.20673970878124237,0.020673971623182297,0.20673970878124237,0.07752739638090134,0.010336985811591148,0.28943559527397156,0.041347943246364594,0.3462890088558197,0.020673971623182297,0.10853835195302963,0.10336985439062119,0.025842463597655296,0.6667355895042419,0.754599928855896,0.020673971623182297,0.020673971623182297,0.031010957434773445,0.12921231985092163,0.10336985439062119,0.14471779763698578,0.13954930007457733,0.14988629519939423,0.05168492719531059,0.031010957434773445,0.07235889881849289,0.031010957434773445,0.010336985811591148,0.04651643708348274,0.06202191486954689,0.005168492905795574,0.9354972243309021,0.20157122611999512,0.04651643708348274,0.041347943246364594,0.020673971623182297,0.5995451807975769,0.005168492905795574,0.2532561421394348,2.1500930786132812,0.020673971623182297,0.041347943246364594,0.036179449409246445,0.014887598343193531,0.04466279596090317,0.16376358270645142,0.029775196686387062,0.11910078674554825,0.07443799078464508,0.029775196686387062,0.2977519631385803,0.07443799078464508,0.2679767608642578,0.04466279596090317,0.19353878498077393,0.08932559192180634,0.014887598343193531,0.6252791285514832,0.5657287240028381,0.014887598343193531,0.0,0.059550393372774124,0.19353878498077393,0.16376358270645142,0.07443799078464508,0.17865118384361267,0.25308918952941895,0.07443799078464508,0.059550393372774124,0.08932559192180634,0.029775196686387062,0.014887598343193531,0.07443799078464508,0.059550393372774124,0.014887598343193531,1.0123567581176758,0.2679767608642578,0.11910078674554825,0.04466279596090317,0.059550393372774124,0.6997171640396118,0.014887598343193531,0.3126395642757416,2.7690932750701904,0.014887598343193531,0.11910078674554825,0.029775196686387062,,
2016-09-01,104.54522705078125,95.48959350585938,121.15049743652344,94.0345458984375,110.1596450805664,92.70452117919922,3.1357128620147705,19836.0,3.392226219177246,7075,130.3922576904297,122.18842315673828,65.55787658691406,107.09477996826172,171.70924377441406,127.4896011352539,0.2826855182647705,0.08480565249919891,0.9328621625900269,0.7632508873939514,0.4946996569633484,0.3957597315311432,0.4664310812950134,1.1448763608932495,0.005041338969022036,0.1361161470413208,0.14115749299526215,0.020165355876088142,0.1461988240480423,0.02520669437944889,0.010082677938044071,0.5847952961921692,0.035289373248815536,0.2722322940826416,0.020165355876088142,0.10586811602115631,0.060496069490909576,0.010082677938044071,0.6049606800079346,0.851986289024353,0.040330711752176285,0.035289373248815536,0.035289373248815536,0.17644686996936798,0.16132284700870514,0.07057874649763107,0.30752167105674744,0.44363781809806824,0.15124017000198364,0.05545472726225853,0.08570276200771332,0.04537205025553703,0.020165355876088142,0.10586811602115631,0.040330711752176285,0.010082677938044071,1.0485985279083252,0.3226456940174103,0.02520669437944889,0.05041338875889778,0.02520669437944889,0.4738858640193939,0.020165355876088142,0.15124017000198364,2.6114134788513184,0.010082677938044071,0.04537205025553703,0.030248034745454788,0.0,0.16961130499839783,0.1837455779314041,0.02826855145394802,0.14134275913238525,0.01413427572697401,0.02826855145394802,0.7349823117256165,0.08480565249919891,0.3109540641307831,0.01413427572697401,0.15547703206539154,0.04240282624959946,0.0,0.7915194630622864,0.6501767039299011,0.04240282624959946,0.02826855145394802,0.08480565249919891,0.1837455779314041,0.24028268456459045,0.08480565249919891,0.42402827739715576,0.6219081282615662,0.24028268456459045,0.04240282624959946,0.08480565249919891,0.02826855145394802,0.01413427572697401,0.0989399328827858,0.05653710290789604,0.01413427572697401,1.2862191200256348,0.3674911558628082,0.02826855145394802,0.04240282624959946,0.02826855145394802,0.5936395525932312,0.02826855145394802,0.16961130499839783,3.307420492172241,0.01413427572697401,0.12720848619937897,0.02826855145394802,,
2016-10-01,85.74778747558594,79.64808654785156,100.30767822265625,77.68973541259766,72.04550170898438,92.1394271850586,2.5719053745269775,20374.0,2.8025994300842285,7386,101.48277282714844,93.14578247070312,60.45981216430664,95.48287200927734,114.34378814697266,89.99288177490234,0.27078256011009216,0.1624695360660553,0.636339008808136,0.23016518354415894,0.2978608310222626,0.3655564486980438,0.8123477101325989,0.8123477101325989,0.019632864743471146,0.03926572948694229,0.27486011385917664,0.029449298977851868,0.14724649488925934,0.11779719591140747,0.009816432371735573,0.2650436758995056,0.15215471386909485,0.3484833538532257,0.029449298977851868,0.1325218379497528,0.14233827590942383,0.029449298977851868,0.6429763436317444,0.7804064154624939,0.024541081860661507,0.04908216372132301,0.004908216185867786,0.16687935590744019,0.09816432744264603,0.11779719591140747,0.0883478969335556,0.11288897693157196,0.10798075795173645,0.009816432371735573,0.07362324744462967,0.058898597955703735,0.009816432371735573,0.053990378975868225,0.07853145897388458,0.019632864743471146,0.9963679313659668,0.289584755897522,0.029449298977851868,0.019632864743471146,0.024541081860661507,0.41229018568992615,0.014724649488925934,0.2503190338611603,1.997644066810608,0.0441739484667778,0.019632864743471146,0.029449298977851868,0.027078256011009216,0.027078256011009216,0.27078256011009216,0.040617384016513824,0.09477389603853226,0.1624695360660553,0.027078256011009216,0.25724342465400696,0.1624695360660553,0.3113999366760254,0.040617384016513824,0.1760086715221405,0.1489304155111313,0.013539128005504608,0.8123477101325989,0.6498781442642212,0.013539128005504608,0.06769564002752304,0.0,0.24370430409908295,0.13539128005504608,0.1624695360660553,0.06769564002752304,0.13539128005504608,0.13539128005504608,0.013539128005504608,0.06769564002752304,0.09477389603853226,0.013539128005504608,0.06769564002752304,0.06769564002752304,0.027078256011009216,0.9612780809402466,0.37909558415412903,0.06769564002752304,0.040617384016513824,0.05415651202201843,0.46033036708831787,0.027078256011009216,0.1624695360660553,2.7078256607055664,0.06769564002752304,0.05415651202201843,0.05415651202201843,,
2016-11-01,82.91875457763672,81.22564697265625,83.97505950927734,71.86234283447266,86.99205017089844,61.44904708862305,2.4870519638061523,19501.0,2.5923805236816406,6982,111.69036102294922,107.21261596679688,64.1830062866211,104.03743743896484,138.17361450195312,105.45047760009766,0.32941851019859314,0.07161271572113037,0.802062451839447,0.4010312259197235,0.3150959610939026,0.22916069626808167,0.5585792064666748,0.5156115889549255,0.015383826568722725,0.06666325032711029,0.11794266849756241,0.025639710947871208,0.14358237385749817,0.03076765313744545,0.005127942189574242,0.4768986105918884,0.046151477843523026,0.41023537516593933,0.025639710947871208,0.051279421895742416,0.05640736222267151,0.010255884379148483,0.6307368874549866,0.7230398654937744,0.051279421895742416,0.07179118692874908,0.05640736222267151,0.1230706125497818,0.10255884379148483,0.1230706125497818,0.26152506470680237,0.2410132884979248,0.1794779747724533,0.04102353751659393,0.0615353062748909,0.020511768758296967,0.06666325032711029,0.08204707503318787,0.13332650065422058,0.04102353751659393,0.9794369339942932,0.14871032536029816,0.020511768758296967,0.020511768758296967,0.010255884379148483,0.3128044605255127,0.020511768758296967,0.26152506470680237,1.917850375175476,0.025639710947871208,0.03589559346437454,0.03076765313744545,0.0,0.12890289723873138,0.10025780647993088,0.028645087033510208,0.07161271572113037,0.014322543516755104,0.0,0.45832139253616333,0.028645087033510208,0.4296763241291046,0.04296763241291046,0.07161271572113037,0.07161271572113037,0.028645087033510208,0.6588370203971863,0.6301919221878052,0.07161271572113037,0.08593526482582092,0.07161271572113037,0.1861930638551712,0.17187052965164185,0.12890289723873138,0.2864508628845215,0.2864508628845215,0.1575479805469513,0.07161271572113037,0.04296763241291046,0.028645087033510208,0.057290174067020416,0.11458034813404083,0.17187052965164185,0.04296763241291046,1.0885133743286133,0.14322543144226074,0.04296763241291046,0.028645087033510208,0.014322543516755104,0.48696649074554443,0.028645087033510208,0.3437410593032837,2.5207676887512207,0.014322543516755104,0.10025780647993088,0.014322543516755104,,
2016-12-01,102.18046569824219,93.9366226196289,113.97946166992188,86.41724395751953,88.75496673583984,91.25838470458984,3.064784526824951,18631.0,3.1174378395080566,7025,133.78257751464844,119.49238586425781,68.92910766601562,107.07414245605469,184.02857971191406,135.41627502441406,0.3131672739982605,0.07117437571287155,0.7971529960632324,0.4555160105228424,0.38434162735939026,0.49822065234184265,0.4555160105228424,0.982206404209137,0.021469593048095703,0.059041380882263184,0.2307981252670288,0.04830658435821533,0.15565454959869385,0.042939186096191406,0.010734796524047852,0.5850464105606079,0.02683699131011963,0.6870269775390625,0.021469593048095703,0.1878589391708374,0.04830658435821533,0.010734796524047852,0.6870269775390625,0.72459876537323,0.005367398262023926,0.042939186096191406,0.04830658435821533,0.16102194786071777,0.2522677183151245,0.2093285322189331,0.1663893461227417,0.3113090991973877,0.10734796524047852,0.03757178783416748,0.08587837219238281,0.04830658435821533,0.010734796524047852,0.06977617740631104,0.12881755828857422,0.02683699131011963,1.2559711933135986,0.22543072700500488,0.04830658435821533,0.0,0.12345016002655029,0.5850464105606079,0.16102194786071777,0.26300251483917236,2.2972464561462402,0.05367398262023926,0.016102194786071777,0.032204389572143555,0.0,0.07117437571287155,0.2277580052614212,0.04270462691783905,0.1138790026307106,0.02846975065767765,0.014234875328838825,0.5978647470474243,0.02846975065767765,0.6120996475219727,0.014234875328838825,0.27046263217926025,0.0569395013153553,0.014234875328838825,0.8256227970123291,0.49822065234184265,0.014234875328838825,0.02846975065767765,0.014234875328838825,0.18505337834358215,0.32740214467048645,0.1423487514257431,0.1992882490158081,0.4555160105228424,0.12811388075351715,0.02846975065767765,0.0569395013153553,0.014234875328838825,0.02846975065767765,0.09964412450790405,0.1138790026307106,0.04270462691783905,1.338078260421753,0.21352313458919525,0.0854092538356781,0.0,0.1708185076713562,0.6975088715553284,0.2277580052614212,0.3416370153427124,3.0462634563446045,0.07117437571287155,0.04270462691783905,0.0,,
2017-01-01,105.20123291015625,108.2770004272461,103.17117309570312,86.76187896728516,105.40645599365234,78.77530670166016,3.1553890705108643,19744.0,3.1298701763153076,7700,126.17329406738281,113.17838287353516,68.49240112304688,102.30294036865234,179.70799255371094,138.92034912109375,0.29870128631591797,0.11688311398029327,1.1558442115783691,0.4025973975658417,0.4025973975658417,0.3636363744735718,0.31168830394744873,1.0129870176315308,0.010129659436643124,0.12662073969841003,0.16713938117027283,0.06584278494119644,0.23298217356204987,0.08103727549314499,0.020259318873286247,0.6432333588600159,0.025324149057269096,0.45583468675613403,0.005064829718321562,0.19752836227416992,0.035453807562589645,0.020259318873286247,0.5470016002655029,0.8154376149177551,0.035453807562589645,0.035453807562589645,0.040518637746572495,0.18233387172222137,0.329213947057724,0.11142625659704208,0.19246353209018707,0.3393436074256897,0.21272285282611847,0.045583467930555344,0.07597244530916214,0.025324149057269096,0.025324149057269096,0.09116693586111069,0.05064829811453819,0.025324149057269096,1.2358185052871704,0.2785656452178955,0.05064829811453819,0.010129659436643124,0.10129659622907639,0.552066445350647,0.10129659622907639,0.33427876234054565,2.5729334354400635,0.015194489620625973,0.035453807562589645,0.05064829811453819,0.0,0.1818181872367859,0.06493506580591202,0.051948051899671555,0.16883116960525513,0.07792207598686218,0.025974025949835777,0.6883116960525513,0.012987012974917889,0.3896103799343109,0.0,0.29870128631591797,0.03896103799343109,0.012987012974917889,0.6233766078948975,0.44155845046043396,0.03896103799343109,0.012987012974917889,0.051948051899671555,0.16883116960525513,0.4025973975658417,0.09090909361839294,0.20779220759868622,0.41558441519737244,0.27272728085517883,0.06493506580591202,0.11688311398029327,0.025974025949835777,0.03896103799343109,0.1428571492433548,0.03896103799343109,0.025974025949835777,1.4935065507888794,0.3636363744735718,0.051948051899671555,0.0,0.07792207598686218,0.649350643157959,0.06493506580591202,0.48051947355270386,3.103896141052246,0.012987012974917889,0.09090909361839294,0.012987012974917889,,
2017-02-01,114.20635986328125,125.66468048095703,97.15160369873047,98.75232696533203,129.2496795654297,79.05565643310547,3.4254872798919678,18158.0,3.5624165534973145,6737,141.85520935058594,127.54048919677734,75.60350799560547,111.83984375,209.2530059814453,150.89060974121094,0.23749443888664246,0.04453020542860031,1.439810037612915,0.712483286857605,0.4898322820663452,0.3710850477218628,0.4156152606010437,0.9945079684257507,0.011014428921043873,0.17623086273670197,0.25333186984062195,0.016521643847227097,0.23681022226810455,0.04956493154168129,0.011014428921043873,0.7214450836181641,0.005507214460521936,0.6223152279853821,0.016521643847227097,0.12666593492031097,0.07710099965333939,0.022028857842087746,0.5341997742652893,0.9031831622123718,0.04956493154168129,0.05507214367389679,0.04405771568417549,0.16521643102169037,0.4075338840484619,0.13217315077781677,0.5562286376953125,0.6168079972267151,0.28637516498565674,0.13217315077781677,0.09362264722585678,0.016521643847227097,0.011014428921043873,0.06057935953140259,0.11565150320529938,0.022028857842087746,1.0794140100479126,0.27536073327064514,0.10463707149028778,0.005507214460521936,0.022028857842087746,0.32492566108703613,0.11014428734779358,0.4130410850048065,3.023460626602173,0.03855049982666969,0.04405771568417549,0.03855049982666969,0.014843402430415154,0.17812082171440125,0.25233784317970276,0.0,0.10390381515026093,0.0,0.014843402430415154,0.8460739254951477,0.0,0.6234228610992432,0.014843402430415154,0.16327741742134094,0.08906041085720062,0.0,0.5492058992385864,0.5937361121177673,0.04453020542860031,0.029686804860830307,0.07421701401472092,0.22265103459358215,0.5195190906524658,0.11874721944332123,0.5343624949455261,0.6976398825645447,0.430458664894104,0.16327741742134094,0.08906041085720062,0.014843402430415154,0.014843402430415154,0.10390381515026093,0.07421701401472092,0.0,1.291375994682312,0.3562416434288025,0.11874721944332123,0.0,0.029686804860830307,0.4007718563079834,0.07421701401472092,0.5046756863594055,3.5475730895996094,0.029686804860830307,0.11874721944332123,0.029686804860830307,,
2017-03-01,96.63587951660156,95.83842468261719,95.67454528808594,80.13410949707031,93.50936889648438,76.76181030273438,2.8984811305999756,20804.0,2.8907783031463623,7645,107.84917449951172,106.1441879272461,69.3957748413086,105.47380065917969,138.08750915527344,115.98677825927734,0.3008502423763275,0.039241332560777664,0.8109875917434692,0.5886200070381165,0.39241334795951843,0.37933290004730225,0.4185742437839508,0.8109875917434692,0.0,0.038454145193099976,0.19707748293876648,0.014420303516089916,0.1634301096200943,0.03364737704396248,0.0,0.6296865940093994,0.014420303516089916,0.3316669762134552,0.03364737704396248,0.1490098088979721,0.043260909616947174,0.019227072596549988,0.4422226548194885,0.9277061820030212,0.06248798221349716,0.014420303516089916,0.03364737704396248,0.1442030370235443,0.13939626514911652,0.07690829038619995,0.39415496587753296,0.5720053911209106,0.11536242812871933,0.1634301096200943,0.11536242812871933,0.024033838883042336,0.0,0.038454145193099976,0.057681214064359665,0.009613536298274994,0.7931166887283325,0.20188425481319427,0.07690829038619995,0.019227072596549988,0.04806767776608467,0.322053462266922,0.10094212740659714,0.22111132740974426,2.1438183784484863,0.009613536298274994,0.024033838883042336,0.05287444591522217,0.0,0.039241332560777664,0.11772400140762329,0.026160890236496925,0.14388489723205566,0.026160890236496925,0.0,0.7586658000946045,0.026160890236496925,0.28776979446411133,0.0,0.15696533024311066,0.026160890236496925,0.039241332560777664,0.5232177972793579,0.5755395889282227,0.06540222465991974,0.0,0.05232178047299385,0.2223675549030304,0.18312622606754303,0.06540222465991974,0.457815557718277,0.6801831126213074,0.18312622606754303,0.15696533024311066,0.13080444931983948,0.026160890236496925,0.0,0.05232178047299385,0.05232178047299385,0.026160890236496925,0.824068009853363,0.26160889863967896,0.13080444931983948,0.039241332560777664,0.05232178047299385,0.37933290004730225,0.14388489723205566,0.17004577815532684,2.864617347717285,0.013080445118248463,0.06540222465991974,0.039241332560777664,,
2017-04-01,119.45992279052734,127.44654846191406,108.06884002685547,93.11141967773438,114.95816040039062,73.01863861083984,3.583061933517456,19034.0,3.3589251041412354,7294,128.4534912109375,123.55125427246094,69.83011627197266,111.4773941040039,168.78038024902344,133.95425415039062,0.4112969636917114,0.0411296971142292,1.1790512800216675,0.8225939273834229,0.24677817523479462,0.4112969636917114,0.46613654494285583,0.726624608039856,0.021015025675296783,0.14710518717765808,0.21015025675296783,0.05253756418824196,0.21015025675296783,0.04203005135059357,0.0,1.0770200490951538,0.010507512837648392,0.4570768177509308,0.021015025675296783,0.23116528987884521,0.0682988315820694,0.021015025675296783,0.7617946863174438,0.8353472948074341,0.05253756418824196,0.015761269256472588,0.05253756418824196,0.14710518717765808,0.21015025675296783,0.1943889856338501,0.45182305574417114,0.9929599761962891,0.07880634814500809,0.04728380963206291,0.09982137382030487,0.021015025675296783,0.005253756418824196,0.04203005135059357,0.031522538512945175,0.021015025675296783,1.439529299736023,0.183881476521492,0.0682988315820694,0.021015025675296783,0.015761269256472588,0.4938530921936035,0.0682988315820694,0.21015025675296783,3.0787012577056885,0.057791322469711304,0.02626878209412098,0.04203005135059357,0.0,0.12338908761739731,0.17822867631912231,0.013709898106753826,0.0959692895412445,0.054839592427015305,0.0,1.0282423496246338,0.027419796213507652,0.3975870609283447,0.0411296971142292,0.2056484818458557,0.027419796213507652,0.054839592427015305,0.8225939273834229,0.6580751538276672,0.054839592427015305,0.027419796213507652,0.054839592427015305,0.2056484818458557,0.2604880630970001,0.191938579082489,0.3153276741504669,0.863723635673523,0.0959692895412445,0.0411296971142292,0.2056484818458557,0.0,0.013709898106753826,0.0411296971142292,0.0411296971142292,0.027419796213507652,1.4258294105529785,0.2056484818458557,0.0822593942284584,0.0,0.013709898106753826,0.5621058344841003,0.0685494914650917,0.24677817523479462,3.3040854930877686,0.0822593942284584,0.0685494914650917,0.013709898106753826,,
2017-05-01,102.57996368408203,102.35460662841797,99.70480346679688,78.91045379638672,92.24378967285156,67.16783905029297,3.0767669677734375,19696.0,2.8466358184814453,7342,120.54585266113281,120.75994110107422,68.09087371826172,105.90837097167969,165.9072723388672,135.48699951171875,0.24516481161117554,0.027240533381700516,0.9534186720848083,0.5311903953552246,0.3541269302368164,0.21792426705360413,0.23154453933238983,0.9534186720848083,0.015231519006192684,0.13200649619102478,0.26401299238204956,0.025385865941643715,0.1624695360660553,0.05584890395402908,0.0,0.6904955506324768,0.040617384016513824,0.4874086081981659,0.025385865941643715,0.19800974428653717,0.06600324809551239,0.03046303801238537,0.5991064310073853,0.9951258897781372,0.020308692008256912,0.015231519006192684,0.04569455608725548,0.09138911217451096,0.33001625537872314,0.17770105600357056,0.31986188888549805,0.7514216303825378,0.09138911217451096,0.08123476803302765,0.0863119438290596,0.040617384016513824,0.010154346004128456,0.20308692753314972,0.04569455608725548,0.010154346004128456,0.8681966066360474,0.44679123163223267,0.06092607602477074,0.0761575922369957,0.05077173188328743,0.28939884901046753,0.05584890395402908,0.15739236772060394,2.518277883529663,0.07108042389154434,0.040617384016513824,0.010154346004128456,0.0,0.12258240580558777,0.24516481161117554,0.04086080193519592,0.08172160387039185,0.013620266690850258,0.0,0.6946336030960083,0.05448106676340103,0.44946882128715515,0.04086080193519592,0.24516481161117554,0.08172160387039185,0.04086080193519592,0.6129119992256165,0.5584309697151184,0.027240533381700516,0.0,0.05448106676340103,0.08172160387039185,0.39498773217201233,0.21792426705360413,0.25878506898880005,0.6946336030960083,0.10896213352680206,0.08172160387039185,0.10896213352680206,0.04086080193519592,0.013620266690850258,0.23154453933238983,0.05448106676340103,0.0,0.885317325592041,0.5856714844703674,0.06810133159160614,0.06810133159160614,0.05448106676340103,0.3132661283016205,0.08172160387039185,0.1634432077407837,2.8330154418945312,0.08172160387039185,0.10896213352680206,0.013620266690850258,,
2017-06-01,126.78901672363281,113.16846466064453,146.67166137695312,105.329345703125,120.51963806152344,101.9663314819336,3.802889585494995,19380.0,3.799677848815918,7448,134.31301879882812,126.8626480102539,71.336669921875,115.81817626953125,196.69140625,158.70327758789062,0.2551020383834839,0.0,1.4903329610824585,0.4162191152572632,0.5370569229125977,0.3625134229660034,0.33566057682037354,1.4634801149368286,0.0,0.18575851619243622,0.2063983529806137,0.030959751456975937,0.268317848443985,0.02063983492553234,0.02063983492553234,0.5417956709861755,0.005159958731383085,0.495356023311615,0.030959751456975937,0.42827656865119934,0.09287925809621811,0.015479875728487968,0.7378740906715393,1.5737874507904053,0.03611971065402031,0.025799794122576714,0.0567595474421978,0.2270381897687912,0.18059855699539185,0.18059855699539185,0.18575851619243622,0.42311662435531616,0.1135190948843956,0.061919502913951874,0.06707946211099625,0.0567595474421978,0.01031991746276617,0.13931888341903687,0.08771929889917374,0.015479875728487968,0.8255934119224548,0.7378740906715393,0.07223942130804062,0.025799794122576714,0.04127966985106468,0.4179566502571106,0.030959751456975937,0.1702786386013031,2.858617067337036,0.04127966985106468,0.01031991746276617,0.03611971065402031,0.0,0.21482276916503906,0.2551020383834839,0.026852846145629883,0.18796992301940918,0.013426423072814941,0.013426423072814941,0.5773361921310425,0.0,0.5639097690582275,0.013426423072814941,0.456498384475708,0.12083780765533447,0.013426423072814941,0.8727174997329712,1.1680988073349,0.053705692291259766,0.026852846145629883,0.040279269218444824,0.28195488452911377,0.228249192237854,0.13426423072814941,0.24167561531066895,0.4833512306213379,0.14769065380096436,0.040279269218444824,0.040279269218444824,0.08055853843688965,0.013426423072814941,0.1611170768737793,0.06713211536407471,0.0,1.0204081535339355,0.7653061151504517,0.12083780765533447,0.040279269218444824,0.040279269218444824,0.4296455383300781,0.040279269218444824,0.28195488452911377,3.772825002670288,0.06713211536407471,0.026852846145629883,0.013426423072814941,,
2017-07-01,102.81346130371094,125.59920501708984,71.9550552368164,86.89119720458984,125.24344635009766,47.87827682495117,3.083770513534546,18873.0,3.134535312652588,7210,114.35602569580078,105.8421401977539,67.16046905517578,99.45660400390625,142.8145751953125,114.15538024902344,0.291262149810791,0.0,1.539528489112854,0.9015256762504578,0.2357836365699768,0.31900137662887573,0.291262149810791,0.3606102764606476,0.0052985744550824165,0.04768717288970947,0.15895724296569824,0.015895724296569824,0.11656863987445831,0.03179144859313965,0.010597148910164833,0.90605628490448,0.04238859564065933,0.7206061482429504,0.0052985744550824165,0.2649287283420563,0.07418004423379898,0.0052985744550824165,0.5298574566841125,0.6888146996498108,0.026492873206734657,0.04238859564065933,0.03179144859313965,0.14306151866912842,0.2808244526386261,0.10067291557788849,0.42918455600738525,1.059714913368225,0.13246436417102814,0.026492873206734657,0.04768717288970947,0.021194297820329666,0.0052985744550824165,0.0635828971862793,0.27552589774131775,0.015895724296569824,1.3723307847976685,0.34970593452453613,0.04768717288970947,0.021194297820329666,0.021194297820329666,0.34970593452453613,0.14306151866912842,0.38679593801498413,2.6227943897247314,0.12186721712350845,0.010597148910164833,0.04238859564065933,0.0,0.027739251032471657,0.1803051382303238,0.027739251032471657,0.08321775496006012,0.027739251032471657,0.013869625516235828,0.9431345462799072,0.055478502064943314,0.6796116232872009,0.0,0.3051317632198334,0.09708737581968307,0.0,0.596393883228302,0.42995840311050415,0.027739251032471657,0.08321775496006012,0.013869625516235828,0.1803051382303238,0.37447988986968994,0.08321775496006012,0.5547850131988525,1.1789181232452393,0.24965326488018036,0.013869625516235828,0.013869625516235828,0.04160887748003006,0.013869625516235828,0.055478502064943314,0.4160887598991394,0.013869625516235828,1.7198336124420166,0.3883495032787323,0.04160887748003006,0.04160887748003006,0.0,0.40221914649009705,0.16643550992012024,0.5686546564102173,3.1206657886505127,0.06934812664985657,0.027739251032471657,0.013869625516235828,,
2017-08-01,138.5316162109375,160.02310180664062,108.43595123291016,107.87451171875,144.28076171875,81.94590759277344,4.155095100402832,18724.0,3.8914926052093506,7041,147.19491577148438,138.49806213378906,68.6610107421875,108.15269470214844,213.1356658935547,162.51768493652344,0.4970884919166565,0.05681011080741882,1.7753159999847412,1.3634426593780518,0.2698480188846588,0.42607584595680237,0.41187331080436707,0.9515693783760071,0.03738517314195633,0.24033325910568237,0.2136295735836029,0.05874812975525856,0.20828883349895477,0.05874812975525856,0.048066653311252594,1.2550736665725708,0.11749625951051712,0.4539628326892853,0.04272591322660446,0.12283699959516525,0.4539628326892853,0.06942960619926453,0.5821405649185181,0.9720145463943481,0.05874812975525856,0.026703696697950363,0.016022218391299248,0.1815851330757141,0.13885921239852905,0.13885921239852905,0.8545182943344116,1.8158513307571411,0.14419995248317719,0.032044436782598495,0.053407393395900726,0.048066653311252594,0.026703696697950363,0.2136295735836029,0.05874812975525856,0.05874812975525856,1.0841701030731201,0.2136295735836029,0.09613330662250519,0.032044436782598495,0.03738517314195633,0.28305917978286743,0.04272591322660446,0.18692587316036224,3.556932210922241,0.30442214012145996,0.026703696697950363,0.03738517314195633,0.05681011080741882,0.21303792297840118,0.14202527701854706,0.04260758310556412,0.08521516621112823,0.02840505540370941,0.05681011080741882,1.2072148323059082,0.11362022161483765,0.4686834216117859,0.08521516621112823,0.12782275676727295,0.2982530891895294,0.07101263850927353,0.6249112486839294,0.8095440864562988,0.08521516621112823,0.04260758310556412,0.02840505540370941,0.21303792297840118,0.14202527701854706,0.14202527701854706,0.7243289351463318,1.6190881729125977,0.15622781217098236,0.02840505540370941,0.08521516621112823,0.11362022161483765,0.014202527701854706,0.2272404432296753,0.08521516621112823,0.07101263850927353,1.2072148323059082,0.2414429783821106,0.08521516621112823,0.02840505540370941,0.0,0.21303792297840118,0.07101263850927353,0.19883538782596588,3.8630876541137695,0.2556455135345459,0.07101263850927353,0.02840505540370941,,
2017-09-01,115.5344467163086,142.1448974609375,84.09626770019531,95.0246810913086,141.50636291503906,62.88578414916992,3.4653217792510986,20027.0,3.4279446601867676,7293,122.73931121826172,120.6926498413086,59.83184814453125,97.33856201171875,157.22332763671875,125.53179931640625,0.26052379608154297,0.02742355689406395,1.7276841402053833,1.5357191562652588,0.26052379608154297,0.3976415693759918,0.3290826678276062,0.6170300245285034,0.014979776926338673,0.08488540351390839,0.10985170304775238,0.08488540351390839,0.22469666600227356,0.08488540351390839,0.014979776926338673,1.2183551788330078,0.009986517950892448,0.4943326413631439,0.024966295808553696,0.10985170304775238,0.11983821541070938,0.014979776926338673,0.6441304087638855,1.1534428596496582,0.09986518323421478,0.019973035901784897,0.06491237133741379,0.28461575508117676,0.26963600516319275,0.11983821541070938,0.7489888668060303,1.6128226518630981,0.15978428721427917,0.06990562379360199,0.07989214360713959,0.034952811896800995,0.029959553852677345,0.039946071803569794,0.05492585152387619,0.009986517950892448,1.1784090995788574,0.12982474267482758,0.07489888370037079,0.019973035901784897,0.014979776926338673,0.22968992590904236,0.029959553852677345,0.19473710656166077,2.881110429763794,0.15978428721427917,0.009986517950892448,0.08987866342067719,0.02742355689406395,0.06855889409780502,0.09598244726657867,0.09598244726657867,0.09598244726657867,0.041135333478450775,0.02742355689406395,1.2751953601837158,0.0,0.35650622844696045,0.041135333478450775,0.19196489453315735,0.20567667484283447,0.0,0.7130124568939209,0.7815713882446289,0.15082956850528717,0.013711778447031975,0.0548471137881279,0.31537091732025146,0.31537091732025146,0.09598244726657867,0.7815713882446289,1.5631427764892578,0.26052379608154297,0.08227066695690155,0.08227066695690155,0.013711778447031975,0.0548471137881279,0.041135333478450775,0.041135333478450775,0.0,1.5494309663772583,0.13711778819561005,0.09598244726657867,0.013711778447031975,0.02742355689406395,0.26052379608154297,0.013711778447031975,0.31537091732025146,3.4005210399627686,0.20567667484283447,0.02742355689406395,0.08227066695690155,,
2017-10-01,91.4615707397461,109.23060607910156,69.15699768066406,76.09866333007812,111.74105072021484,55.20294189453125,2.743283748626709,24642.0,2.7452025413513184,7504,114.29373168945312,130.41845703125,55.84859848022461,130.1194305419922,154.53395080566406,110.94588470458984,0.3731343150138855,0.01332622580230236,1.3992537260055542,0.8395522236824036,0.22654584050178528,0.42643922567367554,0.34648188948631287,0.45309168100357056,0.0040581123903393745,0.08116224408149719,0.19884750247001648,0.032464899122714996,0.22725428640842438,0.044639233499765396,0.016232449561357498,0.6046587228775024,0.012174336239695549,0.568135678768158,0.028406785801053047,0.10956902801990509,0.16232448816299438,0.008116224780678749,0.5843681693077087,0.9820631146430969,0.052755456417798996,0.008116224780678749,0.012174336239695549,0.12174336612224579,0.16232448816299438,0.08116224408149719,0.2556610703468323,0.6736466288566589,0.1339177042245865,0.032464899122714996,0.052755456417798996,0.0771041288971901,0.016232449561357498,0.10956902801990509,0.024348672479391098,0.032464899122714996,0.7426345348358154,0.23131239414215088,0.032464899122714996,0.020290561020374298,0.016232449561357498,0.32464897632598877,0.008116224780678749,0.10551091283559799,2.098043918609619,0.012174336239695549,0.040581122040748596,0.036523010581731796,0.0,0.1465884894132614,0.1332622617483139,0.01332622580230236,0.1199360340833664,0.06663113087415695,0.0,0.6529850959777832,0.02665245160460472,0.43976545333862305,0.01332622580230236,0.22654584050178528,0.09328357875347137,0.02665245160460472,0.7062900066375732,0.5597015023231506,0.0,0.02665245160460472,0.0,0.17324094474315643,0.33315566182136536,0.07995735853910446,0.2798507511615753,0.7862473130226135,0.1332622617483139,0.03997867926955223,0.03997867926955223,0.07995735853910446,0.01332622580230236,0.1199360340833664,0.02665245160460472,0.02665245160460472,0.799573540687561,0.2798507511615753,0.09328357875347137,0.05330490320920944,0.02665245160460472,0.45309168100357056,0.01332622580230236,0.10660980641841888,2.7452025413513184,0.01332622580230236,0.1332622617483139,0.05330490320920944,,
2017-11-01,92.59601593017578,103.94397735595703,80.11587524414062,61.75968933105469,75.99658203125,59.16064453125,2.7773101329803467,23764.0,2.2279348373413086,7002,100.04893493652344,131.615478515625,49.9892463684082,120.71814727783203,146.59307861328125,111.29349517822266,0.27135103940963745,0.0,0.8997429013252258,0.5998286008834839,0.1285347044467926,0.3284775912761688,0.2570694088935852,0.6426734924316406,0.06312068551778793,0.02945632115006447,0.0967850536108017,0.02945632115006447,0.12624137103557587,0.00841609202325344,0.0,0.753240168094635,0.00841609202325344,0.2987712621688843,0.02945632115006447,0.22723446786403656,0.11361723393201828,0.021040229126811028,0.34085169434547424,0.5007574558258057,0.03366436809301376,0.025248274207115173,0.00420804601162672,0.15569768846035004,0.24406665563583374,0.10940919071435928,0.41659653186798096,0.7742804288864136,0.04628850519657135,0.05049654841423035,0.0883689597249031,0.05049654841423035,0.00420804601162672,0.16832183301448822,0.05470459535717964,0.042080458253622055,0.6312068700790405,0.6059585809707642,0.03787241131067276,0.025248274207115173,0.04628850519657135,0.1935701072216034,0.06732873618602753,0.1009930968284607,2.1755597591400146,0.07153677940368652,0.02945632115006447,0.07153677940368652,0.0,0.042844902724027634,0.08568980544805527,0.042844902724027634,0.07140816748142242,0.0,0.0,0.5712653398513794,0.0,0.24278777837753296,0.02856326848268509,0.19994287192821503,0.07140816748142242,0.014281634241342545,0.4427306354045868,0.27135103940963745,0.014281634241342545,0.014281634241342545,0.014281634241342545,0.05712653696537018,0.17137961089611053,0.07140816748142242,0.34275922179222107,0.6141102313995361,0.042844902724027634,0.02856326848268509,0.07140816748142242,0.042844902724027634,0.0,0.11425307393074036,0.014281634241342545,0.02856326848268509,0.7283633351325989,0.47129392623901367,0.02856326848268509,0.02856326848268509,0.042844902724027634,0.21422450244426727,0.02856326848268509,0.19994287192821503,2.1850900650024414,0.02856326848268509,0.09997143596410751,0.042844902724027634,,
2017-12-01,82.71825408935547,95.908447265625,62.65747833251953,64.84115600585938,89.80510711669922,48.00348663330078,2.4810380935668945,21886.0,2.3390963077545166,6883,106.80477905273438,116.20246887207031,52.56382751464844,110.69681549072266,134.9698486328125,100.34075927734375,0.3922708034515381,0.0435856468975544,1.0024698972702026,0.6247276067733765,0.2469853311777115,0.4358564615249634,0.0871712937951088,0.5375562906265259,0.018276523798704147,0.1142282709479332,0.1187974065542221,0.036553047597408295,0.16448871791362762,0.036553047597408295,0.0,0.7310609817504883,0.03198391571640968,0.24673306941986084,0.004569130949676037,0.1507813185453415,0.05026043951511383,0.0,0.3107008934020996,0.6259709596633911,0.10052087903022766,0.03198391571640968,0.03198391571640968,0.06396783143281937,0.392945259809494,0.05026043951511383,0.32897743582725525,0.9046879410743713,0.08681348711252213,0.0776752233505249,0.05482957139611244,0.0776752233505249,0.009138261899352074,0.018276523798704147,0.05482957139611244,0.01370739284902811,0.7904596328735352,0.24673306941986084,0.04569131135940552,0.009138261899352074,0.02741478569805622,0.1507813185453415,0.036553047597408295,0.1507813185453415,2.001279354095459,0.05482957139611244,0.01370739284902811,0.018276523798704147,0.0,0.058114193379879,0.1452854871749878,0.0435856468975544,0.0726427435874939,0.01452854834496975,0.0,0.6537846922874451,0.01452854834496975,0.1452854871749878,0.0,0.2179282307624817,0.1016998365521431,0.0,0.3922708034515381,0.464913547039032,0.0726427435874939,0.01452854834496975,0.0,0.1452854871749878,0.5084992051124573,0.1016998365521431,0.3632137179374695,0.6973703503608704,0.1016998365521431,0.01452854834496975,0.0435856468975544,0.01452854834496975,0.01452854834496975,0.01452854834496975,0.01452854834496975,0.0290570966899395,0.8717129230499268,0.261513888835907,0.0,0.01452854834496975,0.0290570966899395,0.261513888835907,0.01452854834496975,0.1743425875902176,2.28098201751709,0.058114193379879,0.0435856468975544,0.058114193379879,,
2018-01-01,92.42678833007812,107.64431762695312,75.66629028320312,69.34327697753906,85.85794830322266,59.451026916503906,2.7722342014312744,23050.0,2.501507043838501,6636,109.91132354736328,143.0004119873047,56.17603302001953,122.08479309082031,153.6992645263672,122.08951568603516,0.2712477445602417,0.045207954943180084,0.994575023651123,0.6781193614006042,0.2712477445602417,0.3164556920528412,0.4219409227371216,0.5575647950172424,0.0,0.09110628813505173,0.190889373421669,0.05206073820590973,0.16485899686813354,0.06507591903209686,0.01735357940196991,0.6854663491249084,0.026030369102954865,0.4251627027988434,0.030368763953447342,0.11279826611280441,0.056399133056402206,0.008676789700984955,0.4468546509742737,0.7158351540565491,0.04772234335541725,0.0390455536544323,0.043383948504924774,0.17787419259548187,0.28199565410614014,0.10412147641181946,0.2516269087791443,0.7158351540565491,0.09110628813505173,0.0390455536544323,0.08676789700984955,0.04772234335541725,0.021691974252462387,0.04772234335541725,0.09978307783603668,0.0,1.0325379371643066,0.3080260157585144,0.08676789700984955,0.0390455536544323,0.01735357940196991,0.43383947014808655,0.0390455536544323,0.0954446867108345,2.203904628753662,0.10412147641181946,0.026030369102954865,0.0390455536544323,0.0,0.1054852306842804,0.13562387228012085,0.015069318935275078,0.1054852306842804,0.12055455148220062,0.015069318935275078,0.5726341009140015,0.045207954943180084,0.30138638615608215,0.030138637870550156,0.13562387228012085,0.0,0.0,0.5274261832237244,0.45207956433296204,0.015069318935275078,0.030138637870550156,0.1054852306842804,0.15069319307804108,0.2712477445602417,0.045207954943180084,0.15069319307804108,0.5726341009140015,0.13562387228012085,0.030138637870550156,0.07534659653902054,0.030138637870550156,0.045207954943180084,0.06027727574110031,0.015069318935275078,0.0,1.039783000946045,0.24110910296440125,0.1054852306842804,0.045207954943180084,0.030138637870550156,0.5575647950172424,0.015069318935275078,0.1054852306842804,2.456299066543579,0.1054852306842804,0.09041590988636017,0.06027727574110031,,
2018-02-01,64.49137115478516,74.68311309814453,52.002201080322266,58.2115592956543,77.44526672363281,44.597835540771484,1.934343934059143,21506.0,2.0999386310577393,6524,106.93742370605469,114.4713134765625,49.08061981201172,104.2080078125,127.95806884765625,89.95404052734375,0.2605763375759125,0.061312079429626465,0.9350091814994812,0.2759043574333191,0.16860821843147278,0.22992029786109924,0.3832004964351654,0.3525444567203522,0.018599459901452065,0.02789919078350067,0.2185436636209488,0.03719891980290413,0.07439783960580826,0.018599459901452065,0.013949595391750336,0.29294151067733765,0.023249326273798943,0.3022412359714508,0.018599459901452065,0.08369757235050201,0.03719891980290413,0.0,0.3068911135196686,0.6742304563522339,0.009299729950726032,0.013949595391750336,0.0,0.07904770970344543,0.24644285440444946,0.10229703038930893,0.1301962286233902,0.37663906812667847,0.046498652547597885,0.013949595391750336,0.02789919078350067,0.023249326273798943,0.013949595391750336,0.013949595391750336,0.06044824793934822,0.0,0.7439784407615662,0.13949595391750336,0.05579838156700134,0.046498652547597885,0.023249326273798943,0.4091881215572357,0.018599459901452065,0.1069469004869461,1.5902538299560547,0.02789919078350067,0.009299729950726032,0.004649864975363016,0.015328019857406616,0.04598405957221985,0.061312079429626465,0.015328019857406616,0.07664009928703308,0.030656039714813232,0.0,0.3832004964351654,0.030656039714813232,0.2605763375759125,0.015328019857406616,0.13795217871665955,0.030656039714813232,0.0,0.398528516292572,0.3832004964351654,0.0,0.0,0.0,0.07664009928703308,0.33721643686294556,0.04598405957221985,0.13795217871665955,0.33721643686294556,0.07664009928703308,0.0,0.0,0.015328019857406616,0.015328019857406616,0.0,0.04598405957221985,0.0,0.919681191444397,0.15328019857406616,0.0919681191444397,0.030656039714813232,0.0,0.4751686155796051,0.04598405957221985,0.12262415885925293,2.0846107006073,0.015328019857406616,0.030656039714813232,0.015328019857406616,,
2018-03-01,111.96229553222656,146.9270782470703,64.55758666992188,76.136474609375,105.1296157836914,54.72562026977539,3.3581790924072266,24954.0,2.7465667724609375,7209,126.16899108886719,164.52252197265625,58.24284744262695,150.9954833984375,166.7152099609375,141.1164093017578,0.45776113867759705,0.027743099257349968,1.456512689590454,0.762935221195221,0.08322929590940475,0.45776113867759705,0.2774309813976288,0.38840338587760925,0.02805161476135254,0.15228019654750824,0.24444979429244995,0.11220645904541016,0.34463411569595337,0.16430231928825378,0.02805161476135254,0.9457401633262634,0.02805161476135254,0.7012903690338135,0.02805161476135254,0.15228019654750824,0.05209585651755333,0.036066360771656036,0.6572092771530151,1.5508536100387573,0.06812535226345062,0.040073737502098083,0.036066360771656036,0.1322433203458786,0.2324276715517044,0.17231705784797668,0.4808848202228546,0.9777991771697998,0.16830968856811523,0.09617696702480316,0.06812535226345062,0.07213272154331207,0.03205898776650429,0.06411797553300858,0.18033181130886078,0.040073737502098083,1.4226176738739014,0.2484571635723114,0.09216959029436111,0.02805161476135254,0.03205898776650429,0.2324276715517044,0.06011060252785683,0.2965456545352936,2.749058246612549,0.06411797553300858,0.02805161476135254,0.04408111050724983,0.055486198514699936,0.15258704125881195,0.22194479405879974,0.12484394758939743,0.15258704125881195,0.055486198514699936,0.04161464795470238,0.7768067717552185,0.013871549628674984,0.5132473111152649,0.013871549628674984,0.11097239702939987,0.0693577453494072,0.013871549628674984,0.762935221195221,0.8600360751152039,0.055486198514699936,0.04161464795470238,0.0,0.09710084646940231,0.332917183637619,0.11097239702939987,0.3745318353176117,0.9293938279151917,0.19420169293880463,0.055486198514699936,0.04161464795470238,0.027743099257349968,0.04161464795470238,0.0,0.15258704125881195,0.0,1.3871549367904663,0.2358163446187973,0.08322929590940475,0.013871549628674984,0.013871549628674984,0.2358163446187973,0.013871549628674984,0.38840338587760925,2.7326953411102295,0.08322929590940475,0.09710084646940231,0.0,,
2018-04-01,123.26347351074219,146.39566040039062,94.30585479736328,76.40165710449219,99.2790756225586,64.75658416748047,3.6971449851989746,23153.0,2.7561328411102295,6930,124.59249114990234,155.59506225585938,60.927433013916016,153.28958129882812,158.896728515625,127.32208251953125,0.44733044505119324,0.043290045112371445,1.298701286315918,0.5483405590057373,0.05772005766630173,0.43290042877197266,0.5772005915641785,0.43290042877197266,0.008638189174234867,0.05182913690805435,0.17276379466056824,0.038871850818395615,0.16412560641765594,0.14253012835979462,0.0043190945871174335,1.105688214302063,0.012957284227013588,0.5528441071510315,0.008638189174234867,0.10797736793756485,0.017276378348469734,0.0043190945871174335,1.0193063020706177,1.6585323810577393,0.17276379466056824,0.0043190945871174335,0.012957284227013588,0.14684921503067017,0.6435450911521912,0.060467325150966644,0.3282512128353119,0.9242862462997437,0.12093465030193329,0.030233662575483322,0.03455275669693947,0.0043190945871174335,0.02159547433257103,0.017276378348469734,0.025914568454027176,0.017276378348469734,1.766509771347046,0.4405476748943329,0.047510042786598206,0.017276378348469734,0.012957284227013588,0.38871851563453674,0.047510042786598206,0.2073165476322174,3.360255718231201,0.112296462059021,0.012957284227013588,0.02159547433257103,0.014430014416575432,0.043290045112371445,0.14430014789104462,0.05772005766630173,0.043290045112371445,0.043290045112371445,0.014430014416575432,0.6782106757164001,0.014430014416575432,0.3896103799343109,0.0,0.12987013161182404,0.014430014416575432,0.014430014416575432,0.7936508059501648,0.7792207598686218,0.028860028833150864,0.0,0.028860028833150864,0.12987013161182404,0.649350643157959,0.014430014416575432,0.18759018182754517,0.7215006947517395,0.21645021438598633,0.07215007394552231,0.08658009022474289,0.0,0.043290045112371445,0.043290045112371445,0.014430014416575432,0.0,1.284271240234375,0.3030303120613098,0.05772005766630173,0.0,0.014430014416575432,0.44733044505119324,0.014430014416575432,0.20202019810676575,2.7561328411102295,0.12987013161182404,0.043290045112371445,0.028860028833150864,,
2018-05-01,125.66661834716797,172.21670532226562,63.21790313720703,83.75041961669922,132.51821899414062,44.978424072265625,3.7692244052886963,23798.0,3.0212340354919434,7017,129.62124633789062,165.20538330078125,59.27727508544922,141.6822967529297,162.0186767578125,119.25105285644531,0.2565198838710785,0.04275331273674965,1.8241413831710815,1.2540972232818604,0.09975773096084595,0.29927319288253784,0.27077099680900574,0.3990309238433838,0.10084880888462067,0.1512732207775116,0.3571728765964508,0.05042440444231033,0.25632405281066895,0.10925287753343582,0.01680813543498516,1.5211362838745117,0.025212202221155167,0.9244474172592163,0.06303050369024277,0.1344650834798813,0.10084880888462067,0.01680813543498516,0.9832758903503418,1.3740650415420532,0.08404067903757095,0.01680813543498516,0.05462643876671791,0.2857382893562317,0.9706698060035706,0.1722833812236786,0.5672745704650879,1.3194385766983032,0.10505084693431854,0.06723254173994064,0.10925287753343582,0.012606101110577583,0.02101016975939274,0.07143457233905792,0.05042440444231033,0.0,1.2564080953598022,0.5084460973739624,0.025212202221155167,0.012606101110577583,0.0,0.21430371701717377,0.046222370117902756,0.1302630454301834,3.3196067810058594,0.1722833812236786,0.025212202221155167,0.06723254173994064,0.014251104556024075,0.0570044182240963,0.24226877093315125,0.04275331273674965,0.12825994193553925,0.0570044182240963,0.0,1.3966082334518433,0.014251104556024075,0.6840530037879944,0.09975773096084595,0.1140088364481926,0.02850220911204815,0.0,0.9548239707946777,0.9405729174613953,0.0570044182240963,0.04275331273674965,0.0570044182240963,0.18526436388492584,0.8835684657096863,0.12825994193553925,0.44178423285484314,1.2255949974060059,0.18526436388492584,0.0855066254734993,0.07125551998615265,0.014251104556024075,0.014251104556024075,0.09975773096084595,0.0570044182240963,0.0,0.9833261966705322,0.32777538895606995,0.014251104556024075,0.014251104556024075,0.0,0.1995154619216919,0.04275331273674965,0.09975773096084595,2.992732048034668,0.1140088364481926,0.0855066254734993,0.0,,
2018-06-01,103.96858978271484,137.0244598388672,56.64043426513672,77.22054290771484,113.82598876953125,49.06230545043945,3.118417263031006,24211.0,2.7856736183166504,7036,113.70130920410156,148.78009033203125,61.68266296386719,157.77464294433594,148.19300842285156,121.88095092773438,0.5116543769836426,0.09948834776878357,1.2933485507965088,0.7674815058708191,0.056850481778383255,0.5116543769836426,0.24161455035209656,0.2984650433063507,0.04956424608826637,0.0908677875995636,0.2891247868537903,0.10738920420408249,0.5658584833145142,0.09499814361333847,0.004130354151129723,1.168890118598938,0.02891247719526291,0.5575977563858032,0.02891247719526291,0.07434637099504471,0.13217133283615112,0.06195531040430069,0.6608566641807556,1.057370662689209,0.06608566641807556,0.041303541511297226,0.08260708302259445,0.16108380258083344,0.23129981756210327,0.2519516050815582,0.5493370890617371,0.9499813914299011,0.2891247868537903,0.07021601498126984,0.06608566641807556,0.0454338937997818,0.01652141660451889,0.07021601498126984,0.02891247719526291,0.02891247719526291,0.8921564817428589,0.2684729993343353,0.053694602102041245,0.03304283320903778,0.0,0.18999628722667694,0.07021601498126984,0.14043202996253967,2.622774839401245,0.10325884819030762,0.03304283320903778,0.08673743158578873,0.0,0.014212620444595814,0.22740192711353302,0.014212620444595814,0.46901649236679077,0.042637862265110016,0.014212620444595814,0.8385446071624756,0.014212620444595814,0.4405912458896637,0.042637862265110016,0.11370096355676651,0.028425240889191628,0.09948834776878357,0.5258669853210449,0.5542922019958496,0.014212620444595814,0.08527572453022003,0.014212620444595814,0.12791359424591064,0.24161455035209656,0.15633882582187653,0.4832291007041931,1.2222853899002075,0.27003979682922363,0.042637862265110016,0.028425240889191628,0.028425240889191628,0.056850481778383255,0.028425240889191628,0.0710631012916565,0.028425240889191628,0.8953951001167297,0.1847640722990036,0.0710631012916565,0.028425240889191628,0.0,0.12791359424591064,0.028425240889191628,0.31267765164375305,2.771461009979248,0.014212620444595814,0.11370096355676651,0.042637862265110016,,
2018-07-01,110.02842712402344,129.1023406982422,84.4084701538086,68.61534881591797,88.4360122680664,54.57063674926758,3.3001749515533447,23423.0,2.475247621536255,6868,106.61829376220703,144.78575134277344,66.04826354980469,166.80825805664062,141.41302490234375,122.30207824707031,0.30576586723327637,0.0,0.9464181661605835,0.6697728633880615,0.10192195326089859,0.48048922419548035,0.39312756061553955,0.29120558500289917,0.06830892711877823,0.11100200563669205,0.5763565897941589,0.059770312160253525,0.39277634024620056,0.08965546637773514,0.008538615889847279,1.0246338844299316,0.02561584860086441,0.6745506525039673,0.06830892711877823,0.07257823646068573,0.059770312160253525,0.503778338432312,0.5123169422149658,1.114289402961731,0.029885156080126762,0.06403961777687073,0.029885156080126762,0.17504163086414337,0.34154462814331055,0.14515647292137146,0.38423770666122437,0.6660120487213135,0.10673269629478455,0.017077231779694557,0.04696238785982132,0.04269307851791382,0.008538615889847279,0.004269307944923639,0.10246339440345764,0.008538615889847279,1.144174575805664,0.19638817012310028,0.07684754580259323,0.038423772901296616,0.012807924300432205,0.243350550532341,0.004269307944923639,0.268966406583786,2.685394763946533,0.06403961777687073,0.05123169720172882,0.04269307851791382,0.014560279436409473,0.029120558872818947,0.42224809527397156,0.029120558872818947,0.2620850205421448,0.0,0.014560279436409473,0.5824111700057983,0.0,0.42224809527397156,0.043680839240550995,0.08736167848110199,0.014560279436409473,0.5678508877754211,0.30576586723327637,0.43680837750434875,0.014560279436409473,0.07280139625072479,0.043680839240550995,0.16016307473182678,0.39312756061553955,0.07280139625072479,0.29120558500289917,0.6988934278488159,0.16016307473182678,0.043680839240550995,0.043680839240550995,0.07280139625072479,0.0,0.014560279436409473,0.07280139625072479,0.0,1.0046592950820923,0.20384390652179718,0.08736167848110199,0.043680839240550995,0.043680839240550995,0.20384390652179718,0.014560279436409473,0.32032614946365356,2.475247621536255,0.014560279436409473,0.17472335696220398,0.029120558872818947,,
2018-08-01,112.74168395996094,145.11407470703125,68.57559204101562,74.00521850585938,98.90705871582031,55.041969299316406,3.3815560340881348,22327.0,2.6696832180023193,6630,112.837158203125,143.2176971435547,57.88408279418945,149.37814331054688,151.38870239257812,120.18678283691406,0.28657618165016174,0.030165912583470345,1.2820513248443604,0.5580694079399109,0.15082956850528717,0.4374057352542877,0.4675716459751129,0.27149322628974915,0.14332422614097595,0.09853540360927582,0.14780311286449432,0.08061987906694412,0.2821695804595947,0.06270434707403183,0.03583105653524399,0.9629596471786499,0.05374658480286598,0.4523670971393585,0.031352173537015915,0.11645093560218811,0.08061987906694412,0.14780311286449432,0.3403950333595276,1.1734671592712402,0.09405652433633804,0.0,0.044788822531700134,0.14780311286449432,0.3000850975513458,0.17467640340328217,0.27769067883491516,0.6897478103637695,0.14780311286449432,0.04030993953347206,0.09853540360927582,0.008957764133810997,0.013436646200716496,0.03583105653524399,0.022394411265850067,0.022394411265850067,1.1645092964172363,0.371747225522995,0.022394411265850067,0.03583105653524399,0.0044788820669054985,0.6315223574638367,0.022394411265850067,0.12988758087158203,2.8082590103149414,0.0671832337975502,0.031352173537015915,0.24185962975025177,0.07541478425264359,0.07541478425264359,0.07541478425264359,0.04524886980652809,0.15082956850528717,0.09049773961305618,0.04524886980652809,0.6636500954627991,0.07541478425264359,0.28657618165016174,0.030165912583470345,0.15082956850528717,0.07541478425264359,0.22624434530735016,0.31674209237098694,0.5731523633003235,0.04524886980652809,0.0,0.07541478425264359,0.18099547922611237,0.34690800309181213,0.09049773961305618,0.25641027092933655,0.7541478276252747,0.10558069497346878,0.09049773961305618,0.04524886980652809,0.015082956291735172,0.030165912583470345,0.09049773961305618,0.04524886980652809,0.015082956291735172,1.0256410837173462,0.31674209237098694,0.015082956291735172,0.07541478425264359,0.0,0.34690800309181213,0.0,0.16591252386569977,2.6696832180023193,0.10558069497346878,0.10558069497346878,0.04524886980652809,,
2018-09-01,75.05390930175781,88.62364196777344,51.163917541503906,51.753746032714844,64.28712463378906,42.438201904296875,2.251154899597168,23810.0,1.8669778108596802,6856,84.09835052490234,115.81041717529297,45.67367172241211,130.50848388671875,108.02208709716797,97.4744873046875,0.35005834698677063,0.0,0.8022170066833496,0.33547258377075195,0.014585764147341251,0.3063010573387146,0.3208868205547333,0.3208868205547333,0.05459890887141228,0.04199916124343872,0.07979840040206909,0.03779924288392067,0.264594703912735,0.02099958062171936,0.04199916124343872,0.7727845311164856,0.07559848576784134,0.23939521610736847,0.03779924288392067,0.06299874186515808,0.050398990511894226,0.00839983206242323,0.32759344577789307,0.6761865019798279,0.05879882350564003,0.03779924288392067,0.00839983206242323,0.15539689362049103,0.15959680080413818,0.15119697153568268,0.15959680080413818,0.39059218764305115,0.08399832248687744,0.01679966412484646,0.06719865649938583,0.03359932824969292,0.05459890887141228,0.01679966412484646,0.03359932824969292,0.00839983206242323,0.8189836144447327,0.11759764701128006,0.012599747627973557,0.029399411752820015,0.004199916031211615,0.28559428453445435,0.04619907587766647,0.12599748373031616,1.8185635805130005,0.13019739091396332,0.00839983206242323,0.02099958062171936,0.029171528294682503,0.029171528294682503,0.058343056589365005,0.029171528294682503,0.10210034996271133,0.0,0.0,0.5688447952270508,0.0,0.17502917349338531,0.029171528294682503,0.11668611317873001,0.04375729337334633,0.014585764147341251,0.3208868205547333,0.379229873418808,0.04375729337334633,0.0,0.0,0.11668611317873001,0.2479579895734787,0.07292882353067398,0.16044341027736664,0.5250875353813171,0.07292882353067398,0.029171528294682503,0.058343056589365005,0.029171528294682503,0.0,0.029171528294682503,0.029171528294682503,0.0,0.8751458525657654,0.17502917349338531,0.0,0.014585764147341251,0.0,0.379229873418808,0.10210034996271133,0.11668611317873001,1.8669778108596802,0.10210034996271133,0.029171528294682503,0.0,,
2018-10-01,92.0164794921875,115.21215057373047,61.150474548339844,60.4942512512207,85.86557006835938,40.09319305419922,2.75992751121521,24276.0,2.1822850704193115,7011,100.948486328125,126.95972442626953,48.80567932128906,141.32081604003906,119.06981658935547,89.36038208007812,0.18542291224002838,0.07131650298833847,1.1695905923843384,0.35658252239227295,0.05705320090055466,0.3280559182167053,0.21394950151443481,0.27100270986557007,0.06590871512889862,0.0741473063826561,0.18536826968193054,0.06178942322731018,0.23891909420490265,0.03707365319132805,0.016477178782224655,1.038062334060669,0.008238589391112328,0.49431538581848145,0.053550831973552704,0.1276981383562088,0.08238589763641357,0.09886307269334793,0.5396276116371155,0.848574697971344,0.09062448143959045,0.020596474409103394,0.053550831973552704,0.20596474409103394,0.2965892255306244,0.21832261979579926,0.3213050067424774,0.42016807198524475,0.19360685348510742,0.03295435756444931,0.10710166394710541,0.0741473063826561,0.004119294695556164,0.06178942322731018,0.0741473063826561,0.016477178782224655,1.013346552848816,0.6590871810913086,0.11122095584869385,0.06178942322731018,0.024715768173336983,0.5437468886375427,0.12357884645462036,0.11534025520086288,2.389190912246704,0.07002801448106766,0.008238589391112328,0.02883506380021572,0.04278990253806114,0.08557980507612228,0.12836970388889313,0.02852660045027733,0.1996862143278122,0.0,0.02852660045027733,0.7131650447845459,0.02852660045027733,0.3851091265678406,0.014263300225138664,0.1996862143278122,0.014263300225138664,0.04278990253806114,0.5277421474456787,0.45642560720443726,0.04278990253806114,0.014263300225138664,0.05705320090055466,0.14263300597667694,0.44216230511665344,0.05705320090055466,0.17115961015224457,0.2995293140411377,0.24247610569000244,0.02852660045027733,0.02852660045027733,0.04278990253806114,0.014263300225138664,0.07131650298833847,0.04278990253806114,0.0,0.755954921245575,0.5990586280822754,0.05705320090055466,0.014263300225138664,0.0,0.5990586280822754,0.05705320090055466,0.08557980507612228,2.1537582874298096,0.05705320090055466,0.02852660045027733,0.0,,
2018-11-01,80.40758514404297,105.16685485839844,47.40216827392578,52.751285552978516,76.5184555053711,33.66919708251953,2.4117321968078613,23593.0,1.902963399887085,6884,94.85399627685547,126.42481994628906,54.950294494628906,142.08432006835938,117.49164581298828,94.3404541015625,0.2033701390028,0.01452643796801567,1.2202208042144775,0.3050552010536194,0.05810575187206268,0.2905287742614746,0.3050552010536194,0.11621150374412537,0.2627898156642914,0.08477090299129486,0.19073453545570374,0.04238545149564743,0.16954180598258972,0.05510108917951584,0.025431271642446518,0.6654516458511353,0.012715635821223259,0.36451488733291626,0.038146909326314926,0.1653032749891281,0.06781672686338425,0.04662399739027023,0.5298181772232056,0.9282414317131042,0.06781672686338425,0.05510108917951584,0.012715635821223259,0.18225744366645813,0.23735854029655457,0.22040435671806335,0.20768871903419495,0.34756070375442505,0.1441105455160141,0.00847709085792303,0.05933963507413864,0.04238545149564743,0.012715635821223259,0.03390836343169212,0.1271563619375229,0.004238545428961515,0.826516330242157,0.648497462272644,0.08900944888591766,0.004238545428961515,0.03390836343169212,0.49590981006622314,0.04662399739027023,0.3051752746105194,1.9454922676086426,0.05510108917951584,0.01695418171584606,0.01695418171584606,0.2469494491815567,0.02905287593603134,0.07263219356536865,0.07263219356536865,0.11621150374412537,0.0,0.01452643796801567,0.5520046353340149,0.02905287593603134,0.23242300748825073,0.04357931390404701,0.13073794543743134,0.04357931390404701,0.05810575187206268,0.2469494491815567,0.2905287742614746,0.04357931390404701,0.01452643796801567,0.01452643796801567,0.18884369730949402,0.3050552010536194,0.07263219356536865,0.17431725561618805,0.4357931315898895,0.18884369730949402,0.01452643796801567,0.01452643796801567,0.01452643796801567,0.01452643796801567,0.04357931390404701,0.07263219356536865,0.0,0.7263219356536865,0.6682161688804626,0.05810575187206268,0.0,0.0,0.46484601497650146,0.02905287593603134,0.17431725561618805,1.8739105463027954,0.08715862780809402,0.05810575187206268,0.0,,
2018-12-01,90.607666015625,106.06269836425781,66.24092864990234,63.819053649902344,87.20307159423828,40.38434982299805,2.7176718711853027,21305.0,2.30222487449646,6472,95.54700469970703,126.5521240234375,58.20583724975586,145.57301330566406,121.95967864990234,104.75088500976562,0.26266995072364807,0.015451174229383469,1.2051916122436523,0.30902349948883057,0.15451174974441528,0.2935723066329956,0.2008652687072754,0.3553770184516907,0.1408120095729828,0.16897441446781158,0.27223655581474304,0.014081201516091824,0.4459047317504883,0.0704060047864914,0.014081201516091824,0.8167096972465515,0.014081201516091824,0.3754987120628357,0.07509974390268326,0.056324806064367294,0.028162403032183647,0.042243603616952896,0.38019242882728577,1.0560901165008545,0.16897441446781158,0.018774935975670815,0.004693733993917704,0.07979347556829453,0.2769303023815155,0.06571227312088013,0.2346866875886917,0.37080496549606323,0.15958695113658905,0.004693733993917704,0.0704060047864914,0.05163107067346573,0.009387467987835407,0.014081201516091824,0.08448720723390579,0.018774935975670815,0.9340530633926392,0.36611124873161316,0.13611827790737152,0.009387467987835407,0.014081201516091824,0.5022295117378235,0.05163107067346573,0.2910115122795105,2.234217405319214,0.032856136560440063,0.014081201516091824,0.018774935975670815,0.12360939383506775,0.07725587487220764,0.16996291279792786,0.030902348458766937,0.21631644666194916,0.046353522688150406,0.015451174229383469,0.5407910943031311,0.030902348458766937,0.21631644666194916,0.046353522688150406,0.10815822333097458,0.015451174229383469,0.046353522688150406,0.3862793445587158,0.4480840563774109,0.061804696917533875,0.015451174229383469,0.015451174229383469,0.030902348458766937,0.494437575340271,0.07725587487220764,0.046353522688150406,0.37082818150520325,0.21631644666194916,0.015451174229383469,0.046353522688150406,0.061804696917533875,0.030902348458766937,0.015451174229383469,0.046353522688150406,0.0,0.8498145937919617,0.4789864122867584,0.13906057178974152,0.0,0.015451174229383469,0.5562422871589661,0.030902348458766937,0.12360939383506775,2.30222487449646,0.030902348458766937,0.046353522688150406,0.015451174229383469,,
2019-01-01,87.42410278320312,112.98045349121094,55.7335090637207,66.39173889160156,96.9476318359375,42.28634262084961,2.6221845149993896,23530.0,2.3950326442718506,6764,93.76643371582031,128.2371063232422,57.78160095214844,153.79920959472656,127.73989868164062,106.33824920654297,0.25133058428764343,0.05913660675287247,1.2714370489120483,0.47309285402297974,0.1774098128080368,0.32525134086608887,0.32525134086608887,0.2808988690376282,0.06374840438365936,0.1487462818622589,0.20824480056762695,0.18274542689323425,0.4079897999763489,0.05524861812591553,0.038249045610427856,0.9264768362045288,0.16574585437774658,0.3654908537864685,0.10199744999408722,0.16574585437774658,0.10199744999408722,0.042498938739299774,0.3612409830093384,0.7777305841445923,0.06799829751253128,0.038249045610427856,0.038249045610427856,0.08924777060747147,0.23799404501914978,0.0977475568652153,0.16149596869945526,0.4589885175228119,0.18274542689323425,0.01699957437813282,0.11474712938070297,0.059498511254787445,0.08499787747859955,0.025499362498521805,0.14024649560451508,0.004249893594533205,0.9987250566482544,0.3144921362400055,0.029749255627393723,0.038249045610427856,0.004249893594533205,0.4122397005558014,0.029749255627393723,0.11899702250957489,2.2481937408447266,0.33149170875549316,0.05099872499704361,0.042498938739299774,0.07392075657844543,0.0887049064040184,0.1330573558807373,0.20697811245918274,0.2808988690376282,0.05913660675287247,0.029568303376436234,0.8722649216651917,0.14784151315689087,0.2808988690376282,0.014784151688218117,0.16262567043304443,0.07392075657844543,0.0443524532020092,0.45830869674682617,0.34003546833992004,0.07392075657844543,0.0,0.029568303376436234,0.05913660675287247,0.2808988690376282,0.0443524532020092,0.1330573558807373,0.4878769814968109,0.23654642701148987,0.014784151688218117,0.07392075657844543,0.0443524532020092,0.0887049064040184,0.05913660675287247,0.0887049064040184,0.0,0.9757539629936218,0.2217622697353363,0.029568303376436234,0.029568303376436234,0.014784151688218117,0.3696037828922272,0.029568303376436234,0.07392075657844543,2.365464210510254,0.34003546833992004,0.1774098128080368,0.05913660675287247,,
2019-02-01,96.80016326904297,127.857421875,57.51169967651367,75.31292724609375,110.84352111816406,43.58412170410156,2.9034085273742676,21182.0,2.716857671737671,6110,107.10578918457031,135.575439453125,57.54407501220703,143.39633178710938,130.7803192138672,110.54995727539062,0.3764320909976959,0.14729951322078705,1.3584288358688354,0.7528641819953918,0.08183305710554123,0.3109656274318695,0.18003273010253906,0.40916529297828674,0.0377679169178009,0.06609385460615158,0.3304692804813385,0.20772354304790497,0.2879803478717804,0.01888395845890045,0.05193088576197624,1.071664571762085,0.3351902663707733,0.5759606957435608,0.06609385460615158,0.028325937688350677,0.1793975979089737,0.028325937688350677,0.6231706142425537,1.0150127410888672,0.0377679169178009,0.056651875376701355,0.023604948073625565,0.3635161817073822,0.24077045917510986,0.1793975979089737,0.1416296809911728,0.5051459074020386,0.23604947328567505,0.004720989614725113,0.1510716676712036,0.0377679169178009,0.12746672332286835,0.01888395845890045,0.23132848739624023,0.028325937688350677,1.0575016736984253,0.27381739020347595,0.042488906532526016,0.028325937688350677,0.0,0.3021433353424072,0.009441979229450226,0.08969879895448685,2.431309700012207,0.5240298509597778,0.1085827574133873,0.014162968844175339,0.04909983649849892,0.03273322433233261,0.14729951322078705,0.22913256287574768,0.22913256287574768,0.0,0.03273322433233261,0.9983633160591125,0.39279869198799133,0.3436988592147827,0.06546644866466522,0.09819967299699783,0.13093289732933044,0.03273322433233261,0.5728314518928528,0.6055646538734436,0.04909983649849892,0.03273322433233261,0.0,0.2782323956489563,0.2782323956489563,0.06546644866466522,0.19639934599399567,0.6546644568443298,0.3436988592147827,0.016366612166166306,0.06546644866466522,0.08183305710554123,0.08183305710554123,0.04909983649849892,0.19639934599399567,0.03273322433233261,1.0965629816055298,0.3764320909976959,0.09819967299699783,0.04909983649849892,0.0,0.2618657946586609,0.016366612166166306,0.016366612166166306,2.716857671737671,0.5073649883270264,0.3764320909976959,0.03273322433233261,,
2019-03-01,82.32829284667969,90.78959655761719,66.64120483398438,63.71170425415039,79.250244140625,50.612003326416016,2.46934175491333,23974.0,2.2983522415161133,6918,103.55572509765625,120.66692352294922,55.13400650024414,133.43609619140625,138.51283264160156,95.94001007080078,0.17346054315567017,0.04336513578891754,1.098583459854126,0.37583115696907043,0.17346054315567017,0.28910088539123535,0.18791557848453522,0.6360219717025757,0.04171185567975044,0.19187453389167786,0.17936097085475922,0.11262200772762299,0.13347794115543365,0.02919829823076725,0.025027113035321236,0.771669328212738,0.12096437811851501,0.31283891201019287,0.033369485288858414,0.04588304087519646,0.0583965964615345,0.012513556517660618,0.32952365279197693,0.7091014981269836,0.03754067048430443,0.025027113035321236,0.033369485288858414,0.30866771936416626,0.1501626819372177,0.12513557076454163,0.09593726694583893,0.5547676682472229,0.08342371135950089,0.02919829823076725,0.10845082253217697,0.054225411266088486,0.016684742644429207,0.0583965964615345,0.05005422607064247,0.02085592783987522,0.5631100535392761,0.24192875623703003,0.03754067048430443,0.008342371322214603,0.008342371322214603,0.2627846896648407,0.04588304087519646,0.04588304087519646,1.8770334720611572,0.19187453389167786,0.10010845214128494,0.02085592783987522,0.028910089284181595,0.13009540736675262,0.10118531435728073,0.11564035713672638,0.10118531435728073,0.014455044642090797,0.07227522134780884,0.5782017707824707,0.18791557848453522,0.13009540736675262,0.028910089284181595,0.04336513578891754,0.10118531435728073,0.0,0.3902862071990967,0.3613761067390442,0.04336513578891754,0.05782017856836319,0.0,0.31801098585128784,0.17346054315567017,0.11564035713672638,0.08673027157783508,0.4625614285469055,0.05782017856836319,0.04336513578891754,0.07227522134780884,0.07227522134780884,0.028910089284181595,0.08673027157783508,0.05782017856836319,0.04336513578891754,0.549291729927063,0.245735764503479,0.028910089284181595,0.014455044642090797,0.028910089284181595,0.245735764503479,0.014455044642090797,0.05782017856836319,2.2983522415161133,0.34692108631134033,0.34692108631134033,0.028910089284181595,,
2019-04-01,79.25344848632812,95.45539855957031,57.51552963256836,60.0584602355957,78.46157836914062,43.94972610473633,2.377115249633789,22338.0,2.1665642261505127,6508,98.5622787475586,120.03388214111328,55.954402923583984,129.88143920898438,142.74700927734375,94.85157775878906,0.2151198536157608,0.030731407925486565,1.1063306331634521,0.16902273893356323,0.16902273893356323,0.24585126340389252,0.13829132914543152,0.5685310363769531,0.03133673593401909,0.11639358848333359,0.08058017492294312,0.03133673593401909,0.1701137125492096,0.017906706780195236,0.008953353390097618,0.5595845580101013,0.04029008746147156,0.26412391662597656,0.03133673593401909,0.2865073084831238,0.07610350102186203,0.008953353390097618,0.5103411078453064,0.8147551417350769,0.03581341356039047,0.013430029153823853,0.04029008746147156,0.35365745425224304,0.23726385831832886,0.21488046646118164,0.2775539457798004,0.40737757086753845,0.12534694373607635,0.008953353390097618,0.049243442714214325,0.03133673593401909,0.02238338254392147,0.04476676508784294,0.02238338254392147,0.026860058307647705,0.8058017492294312,0.32679739594459534,0.06715014576911926,0.008953353390097618,0.049243442714214325,0.2596472501754761,0.04476676508784294,0.15220700204372406,1.9384009838104248,0.18802040815353394,0.058196794241666794,0.03133673593401909,0.030731407925486565,0.06146281585097313,0.04609711095690727,0.06146281585097313,0.07682851701974869,0.04609711095690727,0.030731407925486565,0.41487398743629456,0.1075599268078804,0.16902273893356323,0.015365703962743282,0.30731406807899475,0.09219422191381454,0.030731407925486565,0.476336807012558,0.27658265829086304,0.030731407925486565,0.0,0.07682851701974869,0.3687768876552582,0.2612169682979584,0.09219422191381454,0.27658265829086304,0.4609711170196533,0.23048555850982666,0.015365703962743282,0.0,0.030731407925486565,0.06146281585097313,0.06146281585097313,0.04609711095690727,0.0,0.8758451342582703,0.3995082974433899,0.07682851701974869,0.015365703962743282,0.07682851701974869,0.2612169682979584,0.09219422191381454,0.15365703403949738,2.1665642261505127,0.1843884438276291,0.19975414872169495,0.06146281585097313,,
2019-05-01,106.4719009399414,134.97251892089844,64.66343688964844,76.11685943603516,113.90157318115234,44.15576171875,3.1935012340545654,23266.0,2.745858907699585,6701,109.275390625,143.17808532714844,64.18074798583984,172.7962646484375,147.84571838378906,116.10247039794922,0.5969258546829224,0.0,1.5669302940368652,0.47754067182540894,0.11938516795635223,0.2238471806049347,0.26861661672592163,0.4178480803966522,0.08166423439979553,0.16332846879959106,0.1848190426826477,0.11175104975700378,0.28367576003074646,0.0601736456155777,0.025788703933358192,1.1733860969543457,0.09455858170986176,0.5458608865737915,0.008596234954893589,0.13753975927829742,0.1203472912311554,0.06876987963914871,0.5114759802818298,1.3066277503967285,0.14613598585128784,0.04298117384314537,0.15903034806251526,0.26218515634536743,0.3008682131767273,0.08596234768629074,0.44700419902801514,0.5501590371131897,0.09885670244693756,0.05587552487850189,0.07306799292564392,0.1203472912311554,0.051577407866716385,0.07306799292564392,0.025788703933358192,0.021490586921572685,0.97137451171875,0.580245852470398,0.03868305683135986,0.05587552487850189,0.012894351966679096,0.3180606961250305,0.05587552487850189,0.08596234768629074,2.7765839099884033,0.4083211421966553,0.08166423439979553,0.021490586921572685,0.02984629198908806,0.2238471806049347,0.19400089979171753,0.04476943612098694,0.26861661672592163,0.04476943612098694,0.01492314599454403,0.8356961607933044,0.10446202009916306,0.3581554889678955,0.0,0.17907774448394775,0.16415460407733917,0.1492314636707306,0.5073869824409485,0.6416952610015869,0.10446202009916306,0.0,0.1492314636707306,0.31338605284690857,0.40292492508888245,0.1492314636707306,0.40292492508888245,0.701387882232666,0.13430830836296082,0.10446202009916306,0.1492314636707306,0.2238471806049347,0.0746157318353653,0.0746157318353653,0.0746157318353653,0.01492314599454403,1.0595433712005615,0.5372332334518433,0.0746157318353653,0.0746157318353653,0.04476943612098694,0.2238471806049347,0.01492314599454403,0.08953887224197388,2.745858907699585,0.5223100781440735,0.2835397720336914,0.05969258397817612,,
2019-06-01,106.58845520019531,142.6534881591797,53.42063903808594,73.25740051269531,119.31887817382812,34.25661087036133,3.1969971656799316,23178.0,2.6427061557769775,6622,113.84416961669922,149.10874938964844,63.64274597167969,162.91091918945312,146.66636657714844,116.15864562988281,0.5436424016952515,0.09060706943273544,1.6913319826126099,0.7399576902389526,0.07550588995218277,0.3926306366920471,0.15101177990436554,0.19631531834602356,0.012943307869136333,0.1121753379702568,0.18552075326442719,0.034515488892793655,0.2847527861595154,0.06471654027700424,0.025886615738272667,1.2943308353424072,0.012943307869136333,0.6255932450294495,0.034515488892793655,0.09491759538650513,0.07334541529417038,0.017257744446396828,0.5436189770698547,0.9923202991485596,0.15963414311408997,0.038829926401376724,0.038829926401376724,0.20709292590618134,0.3839848041534424,0.15963414311408997,0.785227358341217,0.4228147268295288,0.34515488147735596,0.08197428286075592,0.07765985280275345,0.25023728609085083,0.021572180092334747,0.06903097778558731,0.043144360184669495,0.025886615738272667,0.9017171263694763,0.7075675129890442,0.07765985280275345,0.06040210649371147,0.0,0.2804383337497711,0.08628872036933899,0.1121753379702568,2.8691000938415527,0.15100526809692383,0.043144360184669495,0.051773231476545334,0.015101177617907524,0.09060706943273544,0.12080942094326019,0.015101177617907524,0.24161884188652039,0.07550588995218277,0.030202355235815048,0.9513742327690125,0.0,0.5134400725364685,0.0,0.12080942094326019,0.04530353471636772,0.015101177617907524,0.6040471196174622,0.5587435960769653,0.09060706943273544,0.015101177617907524,0.0,0.19631531834602356,0.43793416023254395,0.09060706943273544,0.6946541666984558,0.6795530319213867,0.37752944231033325,0.0,0.04530353471636772,0.25672003626823425,0.015101177617907524,0.015101177617907524,0.0,0.0,0.9664753675460815,0.7701600790023804,0.07550588995218277,0.0,0.0,0.31712472438812256,0.04530353471636772,0.10570824891328812,2.6276049613952637,0.09060706943273544,0.15101177990436554,0.015101177617907524,,
2019-07-01,93.52125549316406,126.93077850341797,47.41885757446289,70.43902587890625,118.76647186279297,29.576322555541992,2.8050615787506104,22602.0,2.5410354137420654,6336,101.92040252685547,128.25717163085938,57.84496307373047,154.10609436035156,125.60282897949219,103.341552734375,0.33143940567970276,0.04734848439693451,1.7676767110824585,0.7417929172515869,0.09469696879386902,0.23674242198467255,0.23674242198467255,0.20517677068710327,0.004424387123435736,0.1504291594028473,0.18582426011562347,0.030970711261034012,0.1990974247455597,0.03981948643922806,0.0,0.7565702199935913,0.05751703307032585,0.5176532864570618,0.008848774246871471,0.15927794575691223,0.10176090896129608,0.017697548493742943,0.5795947313308716,1.2344040870666504,0.10618529468774796,0.008848774246871471,0.030970711261034012,0.17255109548568726,0.17697548866271973,0.10176090896129608,0.3318290412425995,0.3627997636795044,0.10176090896129608,0.022121936082839966,0.035395096987485886,0.07521457970142365,0.0,0.03981948643922806,0.017697548493742943,0.008848774246871471,0.8008140921592712,0.3318290412425995,0.05751703307032585,0.03981948643922806,0.004424387123435736,0.33625343441963196,0.05751703307032585,0.08848774433135986,2.3758959770202637,0.11060968041419983,0.07521457970142365,0.02654632367193699,0.015782827511429787,0.07891414314508438,0.15782828629016876,0.015782827511429787,0.09469696879386902,0.015782827511429787,0.0,0.6628788113594055,0.04734848439693451,0.45770201086997986,0.0,0.18939393758773804,0.11047979444265366,0.03156565502285957,0.5681818127632141,0.8049242496490479,0.14204545319080353,0.0,0.03156565502285957,0.2683080732822418,0.28409090638160706,0.14204545319080353,0.41035354137420654,0.5366161465644836,0.11047979444265366,0.015782827511429787,0.04734848439693451,0.04734848439693451,0.0,0.03156565502285957,0.04734848439693451,0.015782827511429787,0.8680555820465088,0.5681818127632141,0.03156565502285957,0.015782827511429787,0.015782827511429787,0.3945707082748413,0.03156565502285957,0.14204545319080353,2.5410354137420654,0.07891414314508438,0.2683080732822418,0.015782827511429787,,
2019-08-01,103.4044189453125,124.72541809082031,70.09744262695312,94.95689392089844,127.1512680053711,65.90433502197266,3.1014955043792725,22602.0,3.425499200820923,6510,129.5308380126953,146.8419647216797,69.92151641845703,174.48675537109375,167.6512451171875,116.22637939453125,0.4301075339317322,0.030721966177225113,1.4439324140548706,0.6605222821235657,0.39938557147979736,0.5529953837394714,0.36866360902786255,0.5529953837394714,0.0663658082485199,0.18582426011562347,0.15485355257987976,0.1327316164970398,0.2300681322813034,0.02654632367193699,0.013273161835968494,1.2167065143585205,0.013273161835968494,0.5795947313308716,0.030970711261034012,0.05751703307032585,0.061941422522068024,0.035395096987485886,0.4955313801765442,1.1503406763076782,0.4070436358451843,0.022121936082839966,0.008848774246871471,0.3451021909713745,0.2787363827228546,0.1637023240327835,0.4335899353027344,0.4822582006454468,0.1327316164970398,0.004424387123435736,0.030970711261034012,0.13715600967407227,0.017697548493742943,0.048668257892131805,0.07079019397497177,0.02654632367193699,0.8362091779708862,0.25219008326530457,0.048668257892131805,0.10618529468774796,0.0,0.1504291594028473,0.08406335860490799,0.15485355257987976,2.747544527053833,0.13715600967407227,0.02654632367193699,0.04424387216567993,0.04608295112848282,0.15360982716083527,0.16897080838680267,0.2611367106437683,0.2150537669658661,0.0,0.030721966177225113,1.1367127895355225,0.04608295112848282,0.5222734212875366,0.015360983088612556,0.18433180451393127,0.10752688348293304,0.07680491358041763,0.7526881694793701,0.9831029176712036,0.41474655270576477,0.061443932354450226,0.015360983088612556,0.5222734212875366,0.4761904776096344,0.18433180451393127,0.599078357219696,0.6758832335472107,0.2764976918697357,0.0,0.061443932354450226,0.2457757294178009,0.015360983088612556,0.09216590225696564,0.09216590225696564,0.07680491358041763,0.9523809552192688,0.2457757294178009,0.09216590225696564,0.07680491358041763,0.0,0.2764976918697357,0.12288786470890045,0.15360982716083527,3.3794162273406982,0.13824884593486786,0.09216590225696564,0.061443932354450226,,
2019-09-01,90.36798858642578,110.8709487915039,67.81023406982422,70.82939147949219,94.95967102050781,56.162078857421875,2.7104830741882324,22579.0,2.555117607116699,6849,95.54918670654297,117.54480743408203,61.991756439208984,154.6083221435547,136.11415100097656,108.57968139648438,0.3358154594898224,0.029201343655586243,1.3578624725341797,0.3358154594898224,0.17520806193351746,0.43802013993263245,0.4234194755554199,0.4088188111782074,0.031002258881926537,0.1062934622168541,0.09743566811084747,0.0354311540722847,0.16386908292770386,0.06200451776385307,0.031002258881926537,0.7263386249542236,0.05757562443614006,0.41188713908195496,0.03986004739999771,0.1062934622168541,0.06200451776385307,0.05757562443614006,0.5801851153373718,0.9566411375999451,0.13286682963371277,0.01771557703614235,0.008857788518071175,0.15501129627227783,0.3321670591831207,0.12843793630599976,0.23916028439998627,0.3277381658554077,0.0708623081445694,0.022144470363855362,0.09300677478313446,0.07529120147228241,0.013286682777106762,0.008857788518071175,0.1062934622168541,0.004428894259035587,0.5801851153373718,0.9034944176673889,0.08414898812770844,0.0,0.004428894259035587,0.2170158177614212,0.03986004739999771,0.18601354956626892,2.3340272903442383,0.13729572296142578,0.05757562443614006,0.026573365554213524,0.0,0.11680537462234497,0.043802015483379364,0.029201343655586243,0.10220470279455185,0.10220470279455185,0.014600671827793121,0.49642282724380493,0.058402687311172485,0.3212147653102875,0.014600671827793121,0.1460067182779312,0.043802015483379364,0.0,0.5110235214233398,0.5840268731117249,0.11680537462234497,0.0,0.0,0.2044094055891037,0.3504161238670349,0.058402687311172485,0.24821141362190247,0.37961745262145996,0.11680537462234497,0.043802015483379364,0.08760403096675873,0.043802015483379364,0.0,0.014600671827793121,0.043802015483379364,0.0,0.6716309189796448,0.7738355994224548,0.043802015483379364,0.0,0.0,0.30661410093307495,0.029201343655586243,0.23361074924468994,2.4091107845306396,0.1460067182779312,0.18980872631072998,0.029201343655586243,,
2019-10-01,97.83673095703125,121.31104278564453,69.96658325195312,72.86511993408203,106.54328155517578,55.95885467529297,2.9344992637634277,23786.0,2.6285550594329834,6962,111.18304443359375,130.02880859375,68.98922729492188,164.85987854003906,142.3031005859375,107.8173599243164,0.3447285294532776,0.014363688416779041,1.4794598817825317,0.2154553234577179,0.1723642647266388,0.4309106469154358,0.531456470489502,0.3016374707221985,0.05465399846434593,0.08828722685575485,0.1891869157552719,0.13032875955104828,0.08828722685575485,0.08408307284116745,0.05044984444975853,0.6726645827293396,0.004204153548926115,0.3615572154521942,0.00840830709785223,0.06726645678281784,0.07567476481199265,0.029429076239466667,0.5339275002479553,1.0972840785980225,0.12612460553646088,0.021020768210291862,0.042041536420583725,0.1681661456823349,0.1681661456823349,0.08408307284116745,0.26906582713127136,0.23543260991573334,0.09249138087034225,0.004204153548926115,0.05465399846434593,0.07567476481199265,0.03363322839140892,0.042041536420583725,0.029429076239466667,0.004204153548926115,1.072059154510498,0.42041537165641785,0.07147061079740524,0.0,0.0,1.177163004875183,0.042041536420583725,0.21861599385738373,2.4678382873535156,0.10089968889951706,0.029429076239466667,0.029429076239466667,0.014363688416779041,0.1292731910943985,0.1292731910943985,0.014363688416779041,0.11490950733423233,0.0,0.0,0.517092764377594,0.014363688416779041,0.2872737646102905,0.014363688416779041,0.028727376833558083,0.0861821323633194,0.014363688416779041,0.603274941444397,0.5027291178703308,0.10054582357406616,0.0,0.028727376833558083,0.20109164714813232,0.27291008830070496,0.057454753667116165,0.2154553234577179,0.31600114703178406,0.10054582357406616,0.014363688416779041,0.028727376833558083,0.0430910661816597,0.10054582357406616,0.07181844115257263,0.0430910661816597,0.014363688416779041,1.177822470664978,0.2872737646102905,0.10054582357406616,0.0,0.0,1.1921861171722412,0.0430910661816597,0.3447285294532776,2.599827527999878,0.10054582357406616,0.10054582357406616,0.028727376833558083,,
2019-11-01,73.07838439941406,84.5873031616211,53.03253173828125,64.52574920654297,86.42852020263672,43.04645919799805,2.191901445388794,22720.0,2.3277182579040527,6530,94.25686645507812,109.10279083251953,62.8568115234375,144.0208740234375,105.95340728759766,75.73027801513672,0.2450229674577713,0.030627870932221413,1.1485451459884644,0.27565082907676697,0.16845329105854034,0.2450229674577713,0.2909647822380066,0.3828483819961548,0.017605634406208992,0.11443661898374557,0.07482394576072693,0.08802817016839981,0.18045774102210999,0.06602112948894501,0.044014085084199905,0.6029929518699646,0.008802817203104496,0.3125,0.07482394576072693,0.10123239457607269,0.10123239457607269,0.004401408601552248,0.34330984950065613,0.8054577708244324,0.2992957830429077,0.05721830949187279,0.0,0.07922535389661789,0.18485915660858154,0.07042253762483597,0.18045774102210999,0.17165492475032806,0.18045774102210999,0.0,0.05721830949187279,0.05281690135598183,0.017605634406208992,0.022007042542099953,0.05721830949187279,0.0,0.4709506928920746,0.11443661898374557,0.07482394576072693,0.022007042542099953,0.008802817203104496,0.2684859037399292,0.048415493220090866,0.14964789152145386,1.7385563850402832,0.08362676203250885,0.035211268812417984,0.026408450677990913,0.045941807329654694,0.10719755291938782,0.07656967639923096,0.13782541453838348,0.09188361465930939,0.030627870932221413,0.12251148372888565,0.4441041350364685,0.015313935466110706,0.2450229674577713,0.10719755291938782,0.12251148372888565,0.061255741864442825,0.0,0.4441041350364685,0.5053598880767822,0.21439510583877563,0.015313935466110706,0.0,0.07656967639923096,0.2450229674577713,0.045941807329654694,0.16845329105854034,0.2450229674577713,0.26033690571784973,0.0,0.09188361465930939,0.030627870932221413,0.045941807329654694,0.061255741864442825,0.030627870932221413,0.0,0.6584992408752441,0.22970902919769287,0.12251148372888565,0.015313935466110706,0.030627870932221413,0.3828483819961548,0.07656967639923096,0.30627870559692383,2.3277182579040527,0.16845329105854034,0.12251148372888565,0.0,,
2019-12-01,74.27989196777344,80.11077117919922,63.33135223388672,50.64933395385742,64.90345764160156,41.526458740234375,2.2279391288757324,20602.0,1.8271369934082031,6294,98.93621826171875,116.24800109863281,51.99638748168945,119.30833435058594,131.0857391357422,96.64173889160156,0.25421035289764404,0.015888147056102753,0.8261836767196655,0.3336510956287384,0.11121702939271927,0.20654591917991638,0.25421035289764404,0.41309183835983276,0.02426948770880699,0.11163964867591858,0.12134744226932526,0.09707795083522797,0.16017861664295197,0.038831181824207306,0.019415590912103653,0.6018832921981812,0.019415590912103653,0.27181828022003174,0.01456169318407774,0.1795942187309265,0.05339287593960762,0.01456169318407774,0.42714300751686096,0.8106009364128113,0.1019318476319313,0.019415590912103653,0.009707795456051826,0.09222405403852463,0.18444810807704926,0.09707795083522797,0.16017861664295197,0.27181828022003174,0.07766236364841461,0.02912338636815548,0.08737015724182129,0.03397728502750397,0.02426948770880699,0.01456169318407774,0.05339287593960762,0.004853897728025913,0.5824677348136902,0.29608777165412903,0.07280846685171127,0.043685078620910645,0.02426948770880699,0.3009416460990906,0.019415590912103653,0.18444810807704926,1.7231336832046509,0.038831181824207306,0.04853897541761398,0.01456169318407774,0.04766444116830826,0.07944073528051376,0.015888147056102753,0.06355258822441101,0.07944073528051376,0.015888147056102753,0.0,0.5560851693153381,0.031776294112205505,0.2383222132921219,0.0,0.09532888233661652,0.015888147056102753,0.031776294112205505,0.3972036838531494,0.41309183835983276,0.14299333095550537,0.031776294112205505,0.0,0.11121702939271927,0.2383222132921219,0.04766444116830826,0.17476962506771088,0.34953925013542175,0.11121702939271927,0.07944073528051376,0.06355258822441101,0.015888147056102753,0.015888147056102753,0.031776294112205505,0.015888147056102753,0.015888147056102753,0.5878614783287048,0.2700985074043274,0.06355258822441101,0.07944073528051376,0.0,0.2383222132921219,0.04766444116830826,0.17476962506771088,1.8271369934082031,0.06355258822441101,0.15888147056102753,0.0,,
2020-01-01,138.4209442138672,190.8443603515625,81.65093994140625,104.52386474609375,163.82655334472656,70.50480651855469,4.15177583694458,22665.0,3.770620584487915,6365,148.33416748046875,188.44322204589844,70.65128326416016,165.5008087158203,207.19349670410156,161.66152954101562,1.0526316165924072,0.015710918232798576,2.1681067943573,0.5027493834495544,0.2356637865304947,0.5970149040222168,0.5027493834495544,0.45561665296554565,0.017648356035351753,0.19413192570209503,0.2956099808216095,0.05294506996870041,0.3750275671482086,0.12353849411010742,0.022060446441173553,1.2574454545974731,0.035296712070703506,1.0236046314239502,0.004412089008837938,0.2779616117477417,0.05294506996870041,0.035296712070703506,1.0412530899047852,1.6854180097579956,0.17207147181034088,0.017648356035351753,0.03970880061388016,0.18089565634727478,0.4279726445674896,0.2338407188653946,0.3044341504573822,0.38826385140419006,0.06176924705505371,0.04412089288234711,0.16765938699245453,0.03970880061388016,0.026472534984350204,0.035296712070703506,0.08382969349622726,0.022060446441173553,1.1780277490615845,0.8030002117156982,0.09706596285104752,0.030884623527526855,0.004412089008837938,0.5338627696037292,0.08382969349622726,0.4765056371688843,3.6223251819610596,0.14118684828281403,0.05294506996870041,0.013236267492175102,0.015710918232798576,0.2513746917247772,0.1885310262441635,0.015710918232798576,0.2356637865304947,0.09426551312208176,0.04713275656104088,0.89552241563797,0.09426551312208176,0.754124104976654,0.015710918232798576,0.1885310262441635,0.0628436729311943,0.0,1.021209716796875,0.8798114657402039,0.10997643321752548,0.03142183646559715,0.03142183646559715,0.1885310262441635,0.6127258539199829,0.2513746917247772,0.2513746917247772,0.5341712236404419,0.14139826595783234,0.07855459302663803,0.1728201061487198,0.04713275656104088,0.04713275656104088,0.03142183646559715,0.04713275656104088,0.0,1.1311861276626587,0.8798114657402039,0.04713275656104088,0.09426551312208176,0.0,0.5184603333473206,0.04713275656104088,0.4084838926792145,3.770620584487915,0.1885310262441635,0.1885310262441635,0.0,,
2020-02-01,75.95555877685547,87.1624526977539,56.68605041503906,62.85643768310547,91.8506851196289,36.46332550048828,2.2781989574432373,22430.0,2.2674992084503174,6086,102.31754302978516,125.5811538696289,58.157859802246094,135.82876586914062,99.80635070800781,78.03426361083984,0.18074268102645874,0.0,1.3309234380722046,0.14788037538528442,0.18074268102645874,0.2793295979499817,0.32862305641174316,0.2793295979499817,0.01783325895667076,0.08024966716766357,0.11145786941051483,0.031208204105496407,0.19616584479808807,0.1025412380695343,0.00445831473916769,0.8738296627998352,0.06241640821099281,0.4904146194458008,0.03566651791334152,0.14712437987327576,0.11145786941051483,0.02674988843500614,0.4146232604980469,0.8203299045562744,0.1292911320924759,0.01783325895667076,0.031208204105496407,0.21399910748004913,0.11145786941051483,0.2184574156999588,0.26304057240486145,0.20062416791915894,0.04012483358383179,0.04458314925432205,0.05795809254050255,0.1025412380695343,0.00891662947833538,0.06241640821099281,0.031208204105496407,0.00445831473916769,0.6598305702209473,0.1783325970172882,0.05795809254050255,0.04458314925432205,0.00445831473916769,0.4592064321041107,0.06241640821099281,0.1426660716533661,1.5158270597457886,0.11145786941051483,0.022291574627161026,0.04904146119952202,0.0,0.16431152820587158,0.08215576410293579,0.016431152820587158,0.1971738487482071,0.09858692437410355,0.016431152820587158,1.0351626873016357,0.032862305641174316,0.44364115595817566,0.016431152820587158,0.1971738487482071,0.13144922256469727,0.016431152820587158,0.47650346159935,0.4272100031375885,0.18074268102645874,0.04929346218705177,0.032862305641174316,0.2300361543893814,0.16431152820587158,0.29576075077056885,0.4272100031375885,0.29576075077056885,0.04929346218705177,0.08215576410293579,0.09858692437410355,0.04929346218705177,0.016431152820587158,0.09858692437410355,0.08215576410293579,0.0,0.7558330297470093,0.2300361543893814,0.04929346218705177,0.08215576410293579,0.016431152820587158,0.41077885031700134,0.08215576410293579,0.2300361543893814,2.2674992084503174,0.16431152820587158,0.08215576410293579,0.016431152820587158,,
2020-03-01,81.54003143310547,97.09007263183594,62.90298843383789,80.56129455566406,111.69316101074219,49.75274658203125,2.4456987380981445,23388.0,2.906188726425171,6641,134.5725555419922,145.52430725097656,63.8151969909668,126.26103210449219,128.63844299316406,88.4332275390625,0.30115947127342224,0.0,1.6864930391311646,0.21081162989139557,0.1355217546224594,0.28610149025917053,0.30115947127342224,0.511971116065979,0.025654181838035583,0.12399521470069885,0.1539250910282135,0.07268685102462769,0.20950914919376373,0.03420557454228401,0.025654181838035583,0.6712844371795654,0.05558406189084053,0.3206772804260254,0.017102787271142006,0.10261672735214233,0.17530357837677002,0.008551393635571003,0.3292286694049835,0.8423122763633728,0.06413545459508896,0.02137848548591137,0.029929878190159798,0.11971951276063919,0.1068924218416214,0.4746023714542389,0.17957927286624908,0.26509320735931396,0.1410979926586151,0.02137848548591137,0.11116812378168106,0.06413545459508896,0.038481272757053375,0.04275697097182274,0.02137848548591137,0.025654181838035583,0.4275696873664856,0.08123824000358582,0.02137848548591137,0.029929878190159798,0.0,0.3292286694049835,0.029929878190159798,0.04275697097182274,1.7102787494659424,0.1068924218416214,0.04275697097182274,0.03420557454228401,0.015057973563671112,0.07528986781835556,0.07528986781835556,0.030115947127342224,0.21081162989139557,0.10540581494569778,0.015057973563671112,0.9335943460464478,0.045173920691013336,0.376449316740036,0.015057973563671112,0.15057973563671112,0.2710435092449188,0.030115947127342224,0.33127540349960327,0.6173769235610962,0.10540581494569778,0.015057973563671112,0.015057973563671112,0.16563770174980164,0.19575364887714386,0.511971116065979,0.31621742248535156,0.3915072977542877,0.18069568276405334,0.015057973563671112,0.07528986781835556,0.015057973563671112,0.030115947127342224,0.07528986781835556,0.045173920691013336,0.015057973563671112,0.40656527876853943,0.10540581494569778,0.045173920691013336,0.045173920691013336,0.0,0.21081162989139557,0.045173920691013336,0.015057973563671112,2.845957040786743,0.1355217546224594,0.15057973563671112,0.045173920691013336,,
2020-04-01,69.33940124511719,81.76082611083984,47.59123229980469,67.53959655761719,102.48999786376953,35.82176208496094,2.0797548294067383,21541.0,2.4364407062530518,6608,121.28386688232422,110.98857879638672,64.1338882446289,112.422607421875,102.24494171142578,71.59799194335938,0.3026634454727173,0.04539951682090759,1.4225181341171265,0.13619855046272278,0.1664648950099945,0.18159806728363037,0.2875302731990814,0.3026634454727173,0.01856924034655094,0.06963465362787247,0.06499233841896057,0.08820389211177826,0.10677313059568405,0.07427696138620377,0.0,0.6035003066062927,0.051065411418676376,0.255327045917511,0.04178078845143318,0.055707719177007675,0.14391161501407623,0.032496169209480286,0.31567707657814026,0.6127849221229553,0.055707719177007675,0.02321154996752739,0.04642309993505478,0.11605775356292725,0.06499233841896057,0.18105009198188782,0.10677313059568405,0.12070006132125854,0.12998467683792114,0.013926929794251919,0.055707719177007675,0.04178078845143318,0.02321154996752739,0.055707719177007675,0.055707719177007675,0.00928462017327547,0.35281556844711304,0.13462698459625244,0.01856924034655094,0.02321154996752739,0.004642310086637735,0.06035003066062927,0.055707719177007675,0.07891926914453506,1.531962275505066,0.051065411418676376,0.027853859588503838,0.03713848069310188,0.04539951682090759,0.10593220591545105,0.03026634454727173,0.18159806728363037,0.04539951682090759,0.015133172273635864,0.0,0.9231234788894653,0.06053268909454346,0.1664648950099945,0.07566586136817932,0.09079903364181519,0.22699758410453796,0.03026634454727173,0.36319613456726074,0.332929790019989,0.09079903364181519,0.015133172273635864,0.06053268909454346,0.19673123955726624,0.10593220591545105,0.22699758410453796,0.18159806728363037,0.18159806728363037,0.09079903364181519,0.03026634454727173,0.015133172273635864,0.06053268909454346,0.04539951682090759,0.03026634454727173,0.07566586136817932,0.0,0.43886199593544006,0.1664648950099945,0.03026634454727173,0.015133172273635864,0.0,0.12106537818908691,0.06053268909454346,0.09079903364181519,2.406174421310425,0.12106537818908691,0.09079903364181519,0.0,,
2020-05-01,68.50721740722656,83.35546112060547,42.29555892944336,75.35385131835938,112.6922378540039,38.50476837158203,2.0547945499420166,22192.0,2.718334197998047,6916,130.263671875,115.05839538574219,62.525970458984375,114.63408660888672,103.32756805419922,74.98784637451172,0.24580682814121246,0.0,1.6338924169540405,0.2891845107078552,0.1445922553539276,0.3325621783733368,0.0722961276769638,0.37593984603881836,0.009012256748974323,0.13518385589122772,0.09462869167327881,0.03604902699589729,0.13518385589122772,0.03154289722442627,0.004506128374487162,0.7615357041358948,0.10364095121622086,0.3154289722442627,0.0,0.08561643958091736,0.08561643958091736,0.009012256748974323,0.19826965034008026,0.5993150472640991,0.40104541182518005,0.018024513497948647,0.027036769315600395,0.15320836007595062,0.05407353863120079,0.11715933680534363,0.13518385589122772,0.19376352429389954,0.06308579444885254,0.02253064140677452,0.05407353863120079,0.004506128374487162,0.009012256748974323,0.009012256748974323,0.04506128281354904,0.009012256748974323,0.2928983271121979,0.08111031353473663,0.018024513497948647,0.03604902699589729,0.004506128374487162,0.10814707726240158,0.10814707726240158,0.05407353863120079,1.7078226804733276,0.15771448612213135,0.04055515676736832,0.013518384657800198,0.0,0.10121457278728485,0.08675535023212433,0.043377675116062164,0.11567380279302597,0.08675535023212433,0.014459225349128246,1.084441900253296,0.0722961276769638,0.36148062348365784,0.0,0.08675535023212433,0.1301330178976059,0.028918450698256493,0.2747252881526947,0.4916136562824249,0.4193175137042999,0.0,0.0,0.2747252881526947,0.08675535023212433,0.0722961276769638,0.08675535023212433,0.2747252881526947,0.15905147790908813,0.057836901396512985,0.043377675116062164,0.014459225349128246,0.014459225349128246,0.014459225349128246,0.043377675116062164,0.014459225349128246,0.3903990685939789,0.10121457278728485,0.028918450698256493,0.0722961276769638,0.0,0.1301330178976059,0.24580682814121246,0.1301330178976059,2.7038750648498535,0.11567380279302597,0.1301330178976059,0.028918450698256493,,
2020-06-01,71.22785949707031,85.86660766601562,49.760887145996094,64.8608627319336,101.927490234375,33.93727111816406,2.136397123336792,21672.0,2.3398072719573975,6539,141.9622344970703,124.98817443847656,60.489925384521484,123.44292449951172,109.28482055664062,81.03782653808594,0.15292857587337494,0.0,1.636335849761963,0.1835142970085144,0.1376357227563858,0.2752714455127716,0.16822144389152527,0.25997859239578247,0.013842746615409851,0.11074197292327881,0.0830564796924591,0.0830564796924591,0.1430417150259018,0.027685493230819702,0.004614248871803284,0.7705795764923096,0.004614248871803284,0.26762643456459045,0.009228497743606567,0.11535622179508209,0.03691399097442627,0.018456995487213135,0.2537836730480194,0.6644518375396729,0.276854932308197,0.032299742102622986,0.018456995487213135,0.32299742102622986,0.16149871051311493,0.07382798194885254,0.14765596389770508,0.26762643456459045,0.08767072856426239,0.03691399097442627,0.05075673758983612,0.05998523533344269,0.009228497743606567,0.05075673758983612,0.032299742102622986,0.018456995487213135,0.48911038041114807,0.05998523533344269,0.027685493230819702,0.027685493230819702,0.009228497743606567,0.12458471953868866,0.12458471953868866,0.07844223082065582,1.651901125907898,0.06921373307704926,0.04152823984622955,0.0830564796924591,0.030585715547204018,0.07646428793668747,0.061171431094408035,0.07646428793668747,0.15292857587337494,0.0,0.0,0.6881785988807678,0.0,0.19880715012550354,0.0,0.0458785742521286,0.061171431094408035,0.015292857773602009,0.3058571517467499,0.5199571847915649,0.2752714455127716,0.030585715547204018,0.030585715547204018,0.33644288778305054,0.10705000907182693,0.061171431094408035,0.10705000907182693,0.25997859239578247,0.10705000907182693,0.061171431094408035,0.07646428793668747,0.015292857773602009,0.030585715547204018,0.07646428793668747,0.061171431094408035,0.0458785742521286,0.5658357739448547,0.0917571485042572,0.030585715547204018,0.0,0.015292857773602009,0.1376357227563858,0.07646428793668747,0.15292857587337494,2.3398072719573975,0.10705000907182693,0.1376357227563858,0.0,,
2020-07-01,66.47328186035156,88.73797607421875,36.25208282470703,61.819679260253906,95.25975036621094,30.589488983154297,1.9937890768051147,22219.0,2.2300989627838135,6771,117.08686065673828,107.11225128173828,55.983253479003906,116.65159606933594,103.62139892578125,69.14572143554688,0.1919952780008316,0.014768866822123528,1.5802687406539917,0.16245754063129425,0.04430660232901573,0.3249150812625885,0.17722640931606293,0.20676414668560028,0.00900130532681942,0.2700391411781311,0.12601827085018158,0.022503262385725975,0.25203654170036316,0.06300913542509079,0.00900130532681942,0.9271344542503357,0.01350195799022913,0.2070300132036209,0.040505874902009964,0.10801566392183304,0.07201044261455536,0.02700391598045826,0.3015437126159668,0.6615959405899048,0.4815698266029358,0.02700391598045826,0.02700391598045826,0.22953328490257263,0.0900130495429039,0.10801566392183304,0.28804177045822144,0.2745397984981537,0.06300913542509079,0.02700391598045826,0.040505874902009964,0.049507178366184235,0.022503262385725975,0.06300913542509079,0.031504567712545395,0.00900130532681942,0.40055808424949646,0.09451370686292648,0.06300913542509079,0.01350195799022913,0.00450065266340971,0.15752284228801727,0.1755254566669464,0.0900130495429039,1.5392231941223145,0.031504567712545395,0.01800261065363884,0.01800261065363884,0.029537733644247055,0.14768867194652557,0.04430660232901573,0.05907546728849411,0.14768867194652557,0.029537733644247055,0.029537733644247055,0.8861320614814758,0.04430660232901573,0.22153301537036896,0.014768866822123528,0.07384433597326279,0.04430660232901573,0.014768866822123528,0.3396839499473572,0.3987594246864319,0.36922168731689453,0.029537733644247055,0.07384433597326279,0.23630186915397644,0.2510707378387451,0.1329198032617569,0.1919952780008316,0.29537734389305115,0.08861320465803146,0.04430660232901573,0.014768866822123528,0.0,0.07384433597326279,0.07384433597326279,0.029537733644247055,0.0,0.42829716205596924,0.1329198032617569,0.029537733644247055,0.014768866822123528,0.014768866822123528,0.05907546728849411,0.10338207334280014,0.05907546728849411,2.215330123901367,0.08861320465803146,0.05907546728849411,0.014768866822123528,,
2020-08-01,65.46604919433594,90.00911712646484,28.454627990722656,55.42536544799805,89.04650115966797,21.128803253173828,1.9635781049728394,22459.0,1.9994287490844727,7002,118.16478729248047,113.31244659423828,51.558414459228516,102.4110336303711,102.52238464355469,77.53656005859375,0.14281633496284485,0.014281634241342545,1.3996001482009888,0.17137961089611053,0.05712653696537018,0.18566124141216278,0.08568980544805527,0.1570979654788971,0.004452557768672705,0.08014604449272156,0.1469344198703766,0.04897813871502876,0.10240883380174637,0.031167905777692795,0.004452557768672705,0.6634311676025391,0.013357673771679401,0.43635067343711853,0.004452557768672705,0.09350372105836868,0.09350372105836868,0.01781023107469082,0.44970834255218506,0.5788325667381287,0.26715347170829773,0.03562046214938164,0.026715347543358803,0.09795627743005753,0.17364975810050964,0.10240883380174637,0.20927022397518158,0.17364975810050964,0.08905115723609924,0.02226278930902481,0.0845986008644104,0.013357673771679401,0.013357673771679401,0.02226278930902481,0.15583953261375427,0.004452557768672705,0.5120441913604736,0.12912417948246002,0.01781023107469082,0.06678836792707443,0.00890511553734541,0.15583953261375427,0.07569348812103271,0.1380292922258377,1.455986499786377,0.06233581155538559,0.004452557768672705,0.026715347543358803,0.0,0.11425307393074036,0.07140816748142242,0.07140816748142242,0.08568980544805527,0.02856326848268509,0.0,0.5569837093353271,0.042844902724027634,0.42844900488853455,0.0,0.11425307393074036,0.09997143596410751,0.042844902724027634,0.47129392623901367,0.5712653398513794,0.19994287192821503,0.02856326848268509,0.02856326848268509,0.1570979654788971,0.2570694088935852,0.08568980544805527,0.24278777837753296,0.18566124141216278,0.17137961089611053,0.042844902724027634,0.02856326848268509,0.0,0.014281634241342545,0.02856326848268509,0.08568980544805527,0.0,0.7140817046165466,0.21422450244426727,0.02856326848268509,0.02856326848268509,0.014281634241342545,0.1285347044467926,0.014281634241342545,0.24278777837753296,1.9851471185684204,0.1570979654788971,0.014281634241342545,0.042844902724027634,,
2020-09-01,80.37738037109375,101.25764465332031,49.51808166503906,59.53417205810547,87.37933349609375,30.15510368347168,2.4108262062072754,22316.0,2.147650957107544,6705,101.04093170166016,118.33165740966797,52.78877639770508,121.96416473388672,116.2682113647461,93.2139663696289,0.22371365129947662,0.044742729514837265,1.2229679822921753,0.10439970344305038,0.19388516247272491,0.17897091805934906,0.1640566736459732,0.28337061405181885,0.008962179534137249,0.13891378045082092,0.24197885394096375,0.01344326976686716,0.17476250231266022,0.05377307906746864,0.0,0.8603692650794983,0.0044810897670686245,0.6318336725234985,0.017924359068274498,0.13443268835544586,0.04929198697209358,0.035848718136548996,0.5332496762275696,0.7348987460136414,0.20613013207912445,0.017924359068274498,0.01344326976686716,0.21509231626987457,0.23749776184558868,0.12098942697048187,0.18372468650341034,0.19716794788837433,0.06721634417772293,0.02688653953373432,0.14787596464157104,0.01344326976686716,0.008962179534137249,0.04481089860200882,0.07617852836847305,0.017924359068274498,0.9320666790008545,0.10306506603956223,0.08065961301326752,0.02240544930100441,0.01344326976686716,0.3988170027732849,0.1658003181219101,0.2688653767108917,1.6983330249786377,0.08065961301326752,0.0044810897670686245,0.03136762976646423,0.02982848696410656,0.19388516247272491,0.1640566736459732,0.044742729514837265,0.20879940688610077,0.02982848696410656,0.0,0.6860551834106445,0.01491424348205328,0.5219985246658325,0.01491424348205328,0.11931394785642624,0.07457121461629868,0.01491424348205328,0.700969398021698,0.47725579142570496,0.1342281848192215,0.0,0.02982848696410656,0.10439970344305038,0.23862789571285248,0.14914242923259735,0.19388516247272491,0.20879940688610077,0.11931394785642624,0.02982848696410656,0.11931394785642624,0.02982848696410656,0.02982848696410656,0.02982848696410656,0.01491424348205328,0.02982848696410656,0.8799403309822083,0.14914242923259735,0.08948545902967453,0.02982848696410656,0.0,0.28337061405181885,0.08948545902967453,0.22371365129947662,2.147650957107544,0.14914242923259735,0.01491424348205328,0.02982848696410656,,
2020-10-01,76.08316802978516,97.65258026123047,42.68144226074219,54.33878707885742,81.86480712890625,27.81814956665039,2.2820262908935547,23707.0,1.9602313041687012,7091,116.68167877197266,126.02029418945312,56.887840270996094,121.4701156616211,116.35223388671875,84.86163330078125,0.12692144513130188,0.028204767033457756,1.1281906366348267,0.14102382957935333,0.15512621402740479,0.2115357518196106,0.12692144513130188,0.25384289026260376,0.04218163341283798,0.06749061495065689,0.16872653365135193,0.033745307475328445,0.18138103187084198,0.004218163434416056,0.02109081670641899,0.64959716796875,0.02109081670641899,0.3965073525905609,0.02530897967517376,0.08858142793178558,0.06749061495065689,0.059054289013147354,0.5652338862419128,0.6622516512870789,0.1645083725452423,0.029527144506573677,0.0,0.11810857802629471,0.19825367629528046,0.11810857802629471,0.10545408725738525,0.13076306879520416,0.08858142793178558,0.008436326868832111,0.05061795935034752,0.02530897967517376,0.004218163434416056,0.008436326868832111,0.08858142793178558,0.004218163434416056,0.8520690202713013,0.11389040946960449,0.11810857802629471,0.008436326868832111,0.01265448983758688,0.5272704362869263,0.10545408725738525,0.08436326682567596,1.6619564294815063,0.02530897967517376,0.008436326868832111,0.004218163434416056,0.05640953406691551,0.04230714961886406,0.04230714961886406,0.04230714961886406,0.05640953406691551,0.0,0.0,0.2679452896118164,0.014102383516728878,0.2679452896118164,0.028204767033457756,0.09871668368577957,0.04230714961886406,0.05640953406691551,0.3948667347431183,0.2115357518196106,0.028204767033457756,0.028204767033457756,0.0,0.11281906813383102,0.25384289026260376,0.09871668368577957,0.07051191478967667,0.11281906813383102,0.07051191478967667,0.014102383516728878,0.028204767033457756,0.028204767033457756,0.0,0.014102383516728878,0.028204767033457756,0.0,0.5499929785728455,0.11281906813383102,0.014102383516728878,0.014102383516728878,0.0,0.3243548274040222,0.028204767033457756,0.09871668368577957,1.9602313041687012,0.05640953406691551,0.028204767033457756,0.0,,
2020-11-01,70.06746673583984,79.03644561767578,62.31394577026367,50.446197509765625,69.7535400390625,38.9868049621582,2.1015923023223877,21793.0,1.819809079170227,6704,103.8511734008789,114.4390869140625,50.6894645690918,111.25447845458984,110.95579528808594,88.22396850585938,0.2834128737449646,0.014916467480361462,0.8353222012519836,0.2535799443721771,0.14916467666625977,0.3579952120780945,0.19391408562660217,0.2535799443721771,0.009177259169518948,0.09177258610725403,0.1560133993625641,0.04129766300320625,0.12389299273490906,0.045886293053627014,0.004588629584759474,0.4175652861595154,0.022943146526813507,0.33038130402565,0.04129766300320625,0.08718395978212357,0.09636121988296509,0.013765888288617134,0.5047492384910583,0.6378194689750671,0.09636121988296509,0.045886293053627014,0.0,0.18354517221450806,0.27990639209747314,0.12389299273490906,0.11012710630893707,0.13765887916088104,0.09177258610725403,0.013765888288617134,0.07341807335615158,0.04129766300320625,0.009177259169518948,0.027531776577234268,0.06424081325531006,0.009177259169518948,0.4542742967605591,0.13765887916088104,0.027531776577234268,0.009177259169518948,0.0596521832048893,0.19272243976593018,0.07341807335615158,0.12389299273490906,1.3123480081558228,0.06424081325531006,0.018354518339037895,0.07800669968128204,0.014916467480361462,0.05966586992144585,0.08949880301952362,0.04474940150976181,0.04474940150976181,0.014916467480361462,0.0,0.4027446210384369,0.0,0.19391408562660217,0.04474940150976181,0.13424821197986603,0.08949880301952362,0.04474940150976181,0.4027446210384369,0.22374701499938965,0.10441527515649796,0.0,0.0,0.17899760603904724,0.26849642395973206,0.05966586992144585,0.08949880301952362,0.1640811413526535,0.1640811413526535,0.014916467480361462,0.029832934960722923,0.029832934960722923,0.029832934960722923,0.04474940150976181,0.05966586992144585,0.014916467480361462,0.5071598887443542,0.07458233833312988,0.0,0.014916467480361462,0.014916467480361462,0.1640811413526535,0.07458233833312988,0.17899760603904724,1.819809079170227,0.029832934960722923,0.05966586992144585,0.10441527515649796,,
2020-12-01,64.06729125976562,86.81527709960938,31.744428634643555,56.59890365600586,88.9603042602539,25.172199249267578,1.9216241836547852,21180.0,2.0417633056640625,6465,106.12964630126953,106.05484771728516,50.863861083984375,105.22444915771484,117.56982421875,74.78260040283203,0.24748647212982178,0.030935809016227722,1.2064964771270752,0.2784222662448883,0.1546790450811386,0.2010827511548996,0.10827533155679703,0.2784222662448883,0.009442870505154133,0.10387157648801804,0.20302172005176544,0.028328612446784973,0.12747874855995178,0.004721435252577066,0.004721435252577066,0.5949008464813232,0.028328612446784973,0.3966005742549896,0.0330500453710556,0.10859300941228867,0.08970727026462555,0.014164306223392487,0.5051935911178589,0.4438149333000183,0.18413597345352173,0.009442870505154133,0.023607175797224045,0.11803588271141052,0.32105758786201477,0.08026439696550369,0.09442870318889618,0.18885740637779236,0.023607175797224045,0.014164306223392487,0.04721435159444809,0.03777148202061653,0.014164306223392487,0.0330500453710556,0.028328612446784973,0.009442870505154133,0.5760151147842407,0.22190746665000916,0.061378657817840576,0.0,0.023607175797224045,0.21718601882457733,0.061378657817840576,0.04249291867017746,1.4353163242340088,0.08970727026462555,0.004721435252577066,0.04249291867017746,0.030935809016227722,0.0773395225405693,0.18561485409736633,0.0773395225405693,0.09280742704868317,0.0,0.015467904508113861,0.4795050323009491,0.030935809016227722,0.46403712034225464,0.04640371352434158,0.10827533155679703,0.1546790450811386,0.0,0.6341840624809265,0.4331013262271881,0.13921113312244415,0.030935809016227722,0.0,0.18561485409736633,0.38669759035110474,0.17014694213867188,0.0773395225405693,0.23201856017112732,0.030935809016227722,0.015467904508113861,0.061871618032455444,0.015467904508113861,0.04640371352434158,0.04640371352434158,0.061871618032455444,0.030935809016227722,0.6960557103157043,0.26295438408851624,0.04640371352434158,0.0,0.015467904508113861,0.23201856017112732,0.030935809016227722,0.09280742704868317,2.0262954235076904,0.17014694213867188,0.015467904508113861,0.061871618032455444,,
2021-01-01,77.418701171875,98.47562408447266,48.2874870300293,61.636680603027344,85.58721160888672,41.73809814453125,2.3220841884613037,22609.0,2.2234973907470703,6971,131.09690856933594,121.17011260986328,66.76110076904297,119.13088989257812,121.15093994140625,85.9598617553711,0.15779659152030945,0.028690287843346596,1.1332663297653198,0.387318879365921,0.1291062980890274,0.2582125961780548,0.14345143735408783,0.48773491382598877,0.008846035227179527,0.09730638563632965,0.09730638563632965,0.10172940045595169,0.12384448945522308,0.026538103818893433,0.017692070454359055,0.7740280628204346,0.03538414090871811,0.29191914200782776,0.03538414090871811,0.12826749682426453,0.053076207637786865,0.004423017613589764,0.29191914200782776,0.5573002099990845,0.3096112310886383,0.017692070454359055,0.013269051909446716,0.12384448945522308,0.1724976748228073,0.048653192818164825,0.12384448945522308,0.27865010499954224,0.07076828181743622,0.004423017613589764,0.017692070454359055,0.013269051909446716,0.026538103818893433,0.022115087136626244,0.09730638563632965,0.0,0.5926843285560608,0.19903577864170074,0.013269051909446716,0.0,0.026538103818893433,0.15480561554431915,0.23441992700099945,0.14595957100391388,1.9018974304199219,0.09288336336612701,0.03980715572834015,0.048653192818164825,0.014345143921673298,0.04303543269634247,0.04303543269634247,0.08607086539268494,0.04303543269634247,0.0,0.0,0.5164251923561096,0.028690287843346596,0.2582125961780548,0.014345143921673298,0.14345143735408783,0.014345143921673298,0.0,0.40166404843330383,0.34428346157073975,0.05738057568669319,0.014345143921673298,0.028690287843346596,0.10041601210832596,0.1864868700504303,0.05738057568669319,0.14345143735408783,0.27255773544311523,0.10041601210832596,0.0,0.014345143921673298,0.028690287843346596,0.0,0.04303543269634247,0.04303543269634247,0.0,0.35862860083580017,0.28690287470817566,0.0,0.0,0.028690287843346596,0.14345143735408783,0.10041601210832596,0.10041601210832596,2.2234973907470703,0.07172571867704391,0.014345143921673298,0.0,,
2021-02-01,73.95680236816406,94.48355865478516,46.326778411865234,52.29450988769531,81.29417419433594,29.673786163330078,2.2182486057281494,20692.0,1.8864855766296387,6149,115.09999084472656,124.19976806640625,49.265926361083984,111.2511978149414,142.10073852539062,102.68402862548828,0.24394211173057556,0.0,1.0408196449279785,0.2276792973279953,0.21141649782657623,0.1788908839225769,0.1788908839225769,0.2764677107334137,0.0,0.12081964313983917,0.18364585936069489,0.02899671345949173,0.1498163491487503,0.00966557115316391,0.0,0.7152522802352905,0.0,0.40112119913101196,0.033829499036073685,0.053160641342401505,0.02899671345949173,0.01933114230632782,0.4397834837436676,0.7055866718292236,0.14498357474803925,0.01933114230632782,0.05799342691898346,0.140150785446167,0.140150785446167,0.12565243244171143,0.20780977606773376,0.17881307005882263,0.08215735852718353,0.043495070189237595,0.06765899807214737,0.0966557115316391,0.0,0.02899671345949173,0.053160641342401505,0.004832785576581955,0.5122752785682678,0.19814421236515045,0.053160641342401505,0.140150785446167,0.0,0.13531799614429474,0.06765899807214737,0.05799342691898346,1.5754880905151367,0.024163927882909775,0.06765899807214737,0.03866228461265564,0.0,0.06505122780799866,0.1788908839225769,0.016262806951999664,0.04878842085599899,0.03252561390399933,0.0,0.5529354214668274,0.0,0.39030736684799194,0.016262806951999664,0.06505122780799866,0.06505122780799866,0.04878842085599899,0.4553585946559906,0.3577817678451538,0.09757684171199799,0.0,0.03252561390399933,0.08131403475999832,0.16262806951999664,0.11383964866399765,0.13010245561599731,0.21141649782657623,0.11383964866399765,0.016262806951999664,0.03252561390399933,0.08131403475999832,0.0,0.016262806951999664,0.08131403475999832,0.016262806951999664,0.5041469931602478,0.19515368342399597,0.03252561390399933,0.04878842085599899,0.0,0.13010245561599731,0.04878842085599899,0.09757684171199799,1.870222806930542,0.06505122780799866,0.04878842085599899,0.04878842085599899,,
2021-03-01,78.61876678466797,100.85202026367188,49.41804122924805,53.88631057739258,86.9384765625,27.8076229095459,2.358078718185425,22900.0,1.9439085721969604,6739,94.11427307128906,109.17683410644531,51.47432327270508,121.16049194335938,107.96949768066406,79.54708862304688,0.22258494794368744,0.014838997274637222,1.187119722366333,0.29677993059158325,0.22258494794368744,0.1929069608449936,0.14838996529579163,0.29677993059158325,0.030567685142159462,0.20087336003780365,0.11353711783885956,0.043668121099472046,0.18340611457824707,0.043668121099472046,0.0043668122962117195,0.8384279608726501,0.021834060549736023,0.3711790442466736,0.021834060549736023,0.07423580437898636,0.06986899673938751,0.026200873777270317,0.4803493320941925,0.7336244583129883,0.23144105076789856,0.026200873777270317,0.04803493618965149,0.3144104778766632,0.13973799347877502,0.15283842384815216,0.375545859336853,0.331877738237381,0.06986899673938751,0.026200873777270317,0.052401747554540634,0.0393013097345829,0.0,0.030567685142159462,0.0393013097345829,0.021834060549736023,0.6331877708435059,0.22707423567771912,0.04803493618965149,0.10480349510908127,0.013100436888635159,0.2052401751279831,0.13973799347877502,0.09606987237930298,1.759825348854065,0.043668121099472046,0.008733624592423439,0.09606987237930298,0.0,0.17806796729564667,0.10387297719717026,0.029677994549274445,0.05935598909854889,0.029677994549274445,0.0,0.7567888498306274,0.05935598909854889,0.2671019434928894,0.04451699182391167,0.05935598909854889,0.05935598909854889,0.014838997274637222,0.41549190878868103,0.35613593459129333,0.11871197819709778,0.029677994549274445,0.0,0.23742395639419556,0.14838996529579163,0.1335509717464447,0.22258494794368744,0.22258494794368744,0.10387297719717026,0.0,0.04451699182391167,0.014838997274637222,0.0,0.014838997274637222,0.04451699182391167,0.0,0.6232378482818604,0.22258494794368744,0.08903398364782333,0.04451699182391167,0.0,0.22258494794368744,0.08903398364782333,0.08903398364782333,1.9439085721969604,0.05935598909854889,0.014838997274637222,0.07419498264789581,,
2021-04-01,88.16622161865234,109.58695983886719,67.87379455566406,59.975521087646484,86.6009292602539,40.862205505371094,2.6444435119628906,21479.0,2.163572311401367,6517,105.28282165527344,119.5999526977539,50.458011627197266,114.05733489990234,139.55931091308594,107.08440399169922,0.23016725480556488,0.015344483777880669,1.442381501197815,0.38361209630966187,0.13810035586357117,0.30688968300819397,0.21482276916503906,0.36826759576797485,0.01862284168601036,0.1350155919790268,0.23278550803661346,0.06052423268556595,0.18157270550727844,0.01862284168601036,0.00931142084300518,0.7356022000312805,0.013967130333185196,0.47488245368003845,0.05121281370520592,0.04655710235238075,0.06052423268556595,0.06983565539121628,0.5726523399353027,0.8007821440696716,0.13035988807678223,0.027934260666370392,0.04190139099955559,0.18157270550727844,0.23278550803661346,0.10242562741041183,0.27468690276145935,0.19088411331176758,0.04655710235238075,0.06983565539121628,0.03258997201919556,0.03724568337202072,0.00465571042150259,0.04655710235238075,0.08380278199911118,0.027934260666370392,1.1965175867080688,0.08380278199911118,0.06517994403839111,0.03724568337202072,0.00931142084300518,0.19553983211517334,0.19553983211517334,0.7169793844223022,1.9786767959594727,0.03258997201919556,0.09776991605758667,0.07449136674404144,0.0,0.07672242075204849,0.13810035586357117,0.04603344947099686,0.07672242075204849,0.04603344947099686,0.015344483777880669,0.5830903649330139,0.0,0.5217124223709106,0.030688967555761337,0.015344483777880669,0.04603344947099686,0.0,0.6751573085784912,0.5677459239959717,0.0,0.015344483777880669,0.030688967555761337,0.12275587022304535,0.30688968300819397,0.09206689894199371,0.07672242075204849,0.19947828352451324,0.061377935111522675,0.061377935111522675,0.015344483777880669,0.0,0.015344483777880669,0.09206689894199371,0.030688967555761337,0.04603344947099686,0.9513579607009888,0.061377935111522675,0.015344483777880669,0.04603344947099686,0.015344483777880669,0.29154518246650696,0.09206689894199371,0.4296455383300781,2.132883310317993,0.0,0.09206689894199371,0.09206689894199371,,
2021-05-01,93.00713348388672,120.7828369140625,52.62611389160156,70.34014892578125,99.70008850097656,45.370330810546875,2.7896411418914795,22010.0,2.537468433380127,6739,110.37037658691406,126.9839859008789,56.249088287353516,127.06157684326172,127.73177337646484,89.5143814086914,0.28194093704223633,0.04451699182391167,1.528416633605957,0.2522629499435425,0.14838996529579163,0.3264579176902771,0.20774595439434052,0.4006529152393341,0.01363016851246357,0.16356201469898224,0.2635165750980377,0.04089050367474556,0.23625624179840088,0.10449795424938202,0.02726033702492714,0.6360744833946228,0.01363016851246357,0.5270331501960754,0.04997728392481804,0.34529760479927063,0.02726033702492714,0.03180372714996338,0.5134029984474182,0.8905043005943298,0.08178100734949112,0.0681508406996727,0.03180372714996338,0.3089504837989807,0.8723307847976685,0.08632440119981766,0.2044525146484375,0.2589731812477112,0.04997728392481804,0.07269422709941864,0.06360745429992676,0.14993184804916382,0.0,0.0227169468998909,0.22262607514858246,0.06360745429992676,0.8268968462944031,0.0908677875995636,0.1135847344994545,0.06360745429992676,0.00908677838742733,0.14084507524967194,0.1135847344994545,0.3271240293979645,2.0172648429870605,0.01817355677485466,0.0454338937997818,0.04089050367474556,0.029677994549274445,0.029677994549274445,0.1335509717464447,0.11871197819709778,0.10387297719717026,0.11871197819709778,0.0,0.4451698958873749,0.04451699182391167,0.28194093704223633,0.07419498264789581,0.5193648934364319,0.0,0.05935598909854889,0.4748479127883911,0.3264579176902771,0.014838997274637222,0.07419498264789581,0.014838997274637222,0.23742395639419556,1.142602801322937,0.05935598909854889,0.08903398364782333,0.20774595439434052,0.05935598909854889,0.014838997274637222,0.014838997274637222,0.1335509717464447,0.0,0.029677994549274445,0.11871197819709778,0.04451699182391167,0.5638818740844727,0.1929069608449936,0.04451699182391167,0.07419498264789581,0.0,0.16322895884513855,0.04451699182391167,0.20774595439434052,2.522629499435425,0.05935598909854889,0.07419498264789581,0.04451699182391167,,
2021-06-01,74.12712097167969,92.54654693603516,46.34864044189453,59.44499588012695,83.05787658691406,37.324222564697266,2.2233569622039795,21544.0,2.1444339752197266,6342,96.36912536621094,108.2954330444336,57.29524612426758,124.07545471191406,114.21604919433594,80.69169616699219,0.1892147660255432,0.01576789654791355,1.2298959493637085,0.23651844263076782,0.07883948087692261,0.23651844263076782,0.2680542469024658,0.31535792350769043,0.004641663748770952,0.15317489206790924,0.36204975843429565,0.03713330999016762,0.17638321220874786,0.08354994654655457,0.0,0.7287411689758301,0.009283327497541904,0.38989973068237305,0.023208318278193474,0.1299665868282318,0.08819160610437393,0.07426661998033524,0.4873746633529663,0.7287411689758301,0.13924990594387054,0.023208318278193474,0.009283327497541904,0.1856665462255478,0.1995915323495865,0.11604158580303192,0.16245822608470917,0.20423319935798645,0.03713330999016762,0.009283327497541904,0.0928332731127739,0.02784998156130314,0.01856665499508381,0.01392499078065157,0.12068325281143188,0.01856665499508381,0.8308577537536621,0.10211659967899323,0.01856665499508381,0.04177497327327728,0.009283327497541904,0.1856665462255478,0.14853323996067047,0.287783145904541,1.698848843574524,0.023208318278193474,0.02784998156130314,0.04641663655638695,0.0,0.01576789654791355,0.23651844263076782,0.0473036915063858,0.0946073830127716,0.07883948087692261,0.0,0.5518763661384583,0.01576789654791355,0.40996530652046204,0.0,0.11037527769804001,0.0630715861916542,0.0473036915063858,0.40996530652046204,0.5045726895332336,0.11037527769804001,0.01576789654791355,0.01576789654791355,0.0946073830127716,0.2838221490383148,0.1419110745191574,0.07883948087692261,0.22075055539608002,0.0473036915063858,0.01576789654791355,0.0315357930958271,0.0315357930958271,0.0630715861916542,0.0473036915063858,0.0473036915063858,0.0,0.8514664173126221,0.1419110745191574,0.0,0.0630715861916542,0.01576789654791355,0.2680542469024658,0.0473036915063858,0.31535792350769043,2.1286659240722656,0.0315357930958271,0.0315357930958271,0.0,,
2021-07-01,58.42076873779297,64.03631591796875,50.7158317565918,46.87572479248047,55.3615837097168,42.453792572021484,1.7522631883621216,22314.0,1.6910068988800049,6505,90.18730926513672,102.71614837646484,48.74138641357422,110.3005599975586,108.35799407958984,76.57547760009766,0.21521906554698944,0.0,0.7378939390182495,0.07686395198106766,0.12298232316970825,0.2459646463394165,0.2767102122306824,0.4304381310939789,0.02240745723247528,0.07170386612415314,0.1120372861623764,0.013444473966956139,0.13444474339485168,0.04481491446495056,0.004481491632759571,0.5243344902992249,0.017925966531038284,0.21511158347129822,0.031370438635349274,0.05825939029455185,0.017925966531038284,0.008962983265519142,0.20614860951900482,0.542260468006134,0.09411132335662842,0.004481491632759571,0.0,0.17029666900634766,0.17029666900634766,0.10755579173564911,0.13892623782157898,0.17925965785980225,0.053777895867824554,0.008962983265519142,0.07618535310029984,0.03585193306207657,0.008962983265519142,0.03585193306207657,0.05825939029455185,0.0,0.4884825646877289,0.06274087727069855,0.008962983265519142,0.008962983265519142,0.031370438635349274,0.13444474339485168,0.1165187805891037,0.14340773224830627,1.2503361701965332,0.04481491446495056,0.04929640516638756,0.03585193306207657,0.015372790396213531,0.015372790396213531,0.046118371188640594,0.030745580792427063,0.07686395198106766,0.015372790396213531,0.0,0.46118369698524475,0.046118371188640594,0.12298232316970825,0.030745580792427063,0.061491161584854126,0.046118371188640594,0.0,0.26133742928504944,0.21521906554698944,0.07686395198106766,0.0,0.0,0.15372790396213531,0.1383551061153412,0.07686395198106766,0.07686395198106766,0.15372790396213531,0.10760953277349472,0.015372790396213531,0.0,0.046118371188640594,0.030745580792427063,0.015372790396213531,0.030745580792427063,0.0,0.5073020458221436,0.07686395198106766,0.030745580792427063,0.030745580792427063,0.0,0.2459646463394165,0.046118371188640594,0.061491161584854126,1.6756341457366943,0.061491161584854126,0.07686395198106766,0.046118371188640594,,
2021-08-01,89.4865493774414,103.20159149169922,76.48285675048828,59.06315994262695,79.1560287475586,51.76374816894531,2.6840453147888184,20715.0,2.130659580230713,6383,119.01016235351562,140.8197784423828,58.40265655517578,130.83425903320312,163.86248779296875,129.5394744873047,0.20366598665714264,0.0,0.7833307385444641,0.18799936771392822,0.45433181524276733,0.20366598665714264,0.31333228945732117,0.6109979748725891,0.024137098342180252,0.06275645643472672,0.14965000748634338,0.01930967904627323,0.16895969212055206,0.048274196684360504,0.0,0.588945209980011,0.028964517638087273,0.4441226124763489,0.06758387386798859,0.11585807055234909,0.07723871618509293,0.014482258819043636,0.3620564937591553,0.9558290839195251,0.06275645643472672,0.06275645643472672,0.028964517638087273,0.1448225975036621,0.28481775522232056,0.09172097593545914,0.13999517261981964,0.19309678673744202,0.057929035276174545,0.0,0.07241129875183105,0.08689355850219727,0.03861935809254646,0.004827419761568308,0.12551291286945343,0.0,0.6854935884475708,0.06275645643472672,0.0820661336183548,0.0,0.01930967904627323,0.2461984008550644,0.11585807055234909,0.12551291286945343,2.1482017040252686,0.06758387386798859,0.2124064713716507,0.028964517638087273,0.0,0.031333230435848236,0.07833307236433029,0.06266646087169647,0.10966630280017853,0.015666615217924118,0.0,0.48566505312919617,0.015666615217924118,0.34466552734375,0.031333230435848236,0.031333230435848236,0.015666615217924118,0.0,0.4073319733142853,0.4386652112007141,0.046999841928482056,0.07833307236433029,0.031333230435848236,0.07833307236433029,0.23499920964241028,0.10966630280017853,0.046999841928482056,0.18799936771392822,0.06266646087169647,0.0,0.031333230435848236,0.046999841928482056,0.031333230435848236,0.015666615217924118,0.06266646087169647,0.0,0.5483314990997314,0.031333230435848236,0.07833307236433029,0.0,0.06266646087169647,0.3289988934993744,0.031333230435848236,0.046999841928482056,2.130659580230713,0.06266646087169647,0.18799936771392822,0.031333230435848236,,
2021-09-01,80.69696807861328,92.04731750488281,67.94027709960938,64.56661987304688,89.3056411743164,49.008323669433594,2.420412063598633,21360.0,2.329192638397217,6440,138.99655151367188,142.92025756835938,62.516597747802734,127.37702941894531,199.73667907714844,130.49710083007812,0.2018633484840393,0.09316769987344742,1.180124282836914,0.2950310707092285,0.21739129722118378,0.3726707994937897,0.2018633484840393,0.5279502868652344,0.0,0.449438214302063,0.12172284722328186,0.09363295882940292,0.21067415177822113,0.009363295510411263,0.014044944196939468,0.8380149602890015,0.018726591020822525,0.2340824007987976,0.028089888393878937,0.06554307043552399,0.08426966518163681,0.018726591020822525,0.63670414686203,1.0299625396728516,0.1498127281665802,0.06554307043552399,0.02340823970735073,0.4307115972042084,0.1404494345188141,0.06086142361164093,0.38857677578926086,0.27153557538986206,0.08426966518163681,0.018726591020822525,0.06554307043552399,0.056179776787757874,0.004681647755205631,0.02340823970735073,0.07958801835775375,0.004681647755205631,0.6039325594902039,0.10299625247716904,0.03277153521776199,0.028089888393878937,0.009363295510411263,0.12640449404716492,0.19662921130657196,0.06554307043552399,1.9194756746292114,0.03745318204164505,0.08895131200551987,0.018726591020822525,0.0,0.38819876313209534,0.10869564861059189,0.09316769987344742,0.1552795022726059,0.0,0.03105590119957924,0.6832298040390015,0.0,0.32608696818351746,0.0,0.04658384993672371,0.07763975113630295,0.01552795059978962,0.590062141418457,0.54347825050354,0.13975155353546143,0.01552795059978962,0.04658384993672371,0.2950310707092285,0.21739129722118378,0.07763975113630295,0.32608696818351746,0.32608696818351746,0.10869564861059189,0.04658384993672371,0.01552795059978962,0.0,0.0,0.0,0.06211180239915848,0.0,0.4658385217189789,0.07763975113630295,0.0,0.01552795059978962,0.01552795059978962,0.12422360479831696,0.18633539974689484,0.07763975113630295,2.329192638397217,0.01552795059978962,0.12422360479831696,0.03105590119957924,,
2021-10-01,79.02923583984375,93.80802917480469,61.149112701416016,53.48290252685547,72.59243774414062,38.05818557739258,2.3703901767730713,22317.0,1.9293558597564697,6738,97.97895050048828,109.3659439086914,51.01606369018555,118.16471099853516,97.86187744140625,72.43732452392578,0.2374591827392578,0.0,0.8904719352722168,0.3265063762664795,0.10388839244842529,0.2523003816604614,0.3116651773452759,0.26714158058166504,0.01792355626821518,0.2195635586977005,0.2285253405570984,0.00896177813410759,0.15235023200511932,0.08513689041137695,0.0,0.761751115322113,0.022404445335268974,0.29573866724967957,0.031366221606731415,0.11202222853899002,0.08513689041137695,0.013442667201161385,0.41672268509864807,0.7034995555877686,0.08513689041137695,0.040327999740839005,0.00896177813410759,0.25541067123413086,0.16131199896335602,0.06273244321346283,0.20164000988006592,0.20164000988006592,0.05377066880464554,0.013442667201161385,0.08065599948167801,0.08513689041137695,0.013442667201161385,0.040327999740839005,0.1299457848072052,0.0,0.5466684699058533,0.10306044667959213,0.049289777874946594,0.00896177813410759,0.004480889067053795,0.2509297728538513,0.3091813325881958,0.10754133760929108,1.6444863080978394,0.02688533440232277,0.02688533440232277,0.040327999740839005,0.04452359676361084,0.16325318813323975,0.10388839244842529,0.029682397842407227,0.10388839244842529,0.07420599460601807,0.0,0.5788067579269409,0.04452359676361084,0.2226179838180542,0.04452359676361084,0.08904719352722168,0.04452359676361084,0.04452359676361084,0.3116651773452759,0.4452359676361084,0.04452359676361084,0.0,0.014841198921203613,0.2226179838180542,0.16325318813323975,0.13357079029083252,0.16325318813323975,0.26714158058166504,0.16325318813323975,0.0,0.04452359676361084,0.05936479568481445,0.04452359676361084,0.029682397842407227,0.029682397842407227,0.0,0.5936479568481445,0.07420599460601807,0.014841198921203613,0.029682397842407227,0.014841198921203613,0.14841198921203613,0.13357079029083252,0.13357079029083252,1.9293558597564697,0.05936479568481445,0.04452359676361084,0.014841198921203613,,
2021-11-01,86.56914520263672,121.5009536743164,39.74269104003906,52.67679214477539,84.68052673339844,22.426660537719727,2.596541166305542,21105.0,1.9002760648727417,6157,95.75301361083984,126.49834442138672,49.20191192626953,121.61952209472656,113.9549331665039,94.05684661865234,0.35731688141822815,0.0,1.2668507099151611,0.2598668038845062,0.06496670097112656,0.1299334019422531,0.1624167561531067,0.17865844070911407,0.018952853977680206,0.2606017589569092,0.3885335326194763,0.009476426988840103,0.17531390488147736,0.047382138669490814,0.009476426988840103,0.7960199117660522,0.009476426988840103,0.720208466053009,0.018952853977680206,0.07581141591072083,0.04264392331242561,0.009476426988840103,0.6349206566810608,1.0045013427734375,0.15162283182144165,0.05212035030126572,0.004738213494420052,0.15636105835437775,0.23691068589687347,0.21321961283683777,0.15636105835437775,0.17057569324970245,0.06633499264717102,0.018952853977680206,0.12793177366256714,0.06159677729010582,0.023691069334745407,0.018952853977680206,0.5828002691268921,0.0,1.2129826545715332,0.12793177366256714,0.03316749632358551,0.03316749632358551,0.0,0.3601042330265045,0.23217247426509857,0.5685856342315674,1.8621180057525635,0.047382138669490814,0.018952853977680206,0.09002605825662613,0.0,0.1299334019422531,0.19490011036396027,0.01624167524278164,0.06496670097112656,0.048725027590990067,0.03248335048556328,0.5034919381141663,0.03248335048556328,0.48725029826164246,0.03248335048556328,0.11369173228740692,0.03248335048556328,0.03248335048556328,0.3085918426513672,0.38980022072792053,0.03248335048556328,0.08120837807655334,0.01624167524278164,0.06496670097112656,0.22738346457481384,0.11369173228740692,0.08120837807655334,0.11369173228740692,0.1299334019422531,0.03248335048556328,0.08120837807655334,0.03248335048556328,0.048725027590990067,0.03248335048556328,0.4060418903827667,0.0,0.7308754324913025,0.1299334019422531,0.03248335048556328,0.048725027590990067,0.0,0.34107521176338196,0.08120837807655334,0.3248335123062134,1.9002760648727417,0.08120837807655334,0.03248335048556328,0.06496670097112656,,
2021-12-01,105.34542083740234,155.3102569580078,47.65493392944336,69.3570785522461,116.3799819946289,39.54661560058594,3.1597137451171875,20255.0,2.502004861831665,6235,113.97477722167969,133.23110961914062,55.761070251464844,118.46961212158203,148.9971923828125,124.99903869628906,0.41700080037117004,0.048115476965904236,1.8283880949020386,0.3047313690185547,0.048115476965904236,0.25661587715148926,0.2886928617954254,0.25661587715148926,0.0049370527267456055,0.12836337089538574,0.4542088508605957,0.014811158180236816,0.20735621452331543,0.019748210906982422,0.0,0.863984227180481,0.014811158180236816,0.863984227180481,0.049370527267456055,0.049370527267456055,0.03455936908721924,0.039496421813964844,0.6911873817443848,1.1848926544189453,0.1727968454360962,0.059244632720947266,0.014811158180236816,0.14811158180236816,0.2666008472442627,0.31597137451171875,0.23697853088378906,0.16292273998260498,0.059244632720947266,0.024685263633728027,0.11355221271514893,0.11848926544189453,0.009874105453491211,0.024685263633728027,0.2567267417907715,0.0,1.7230314016342163,0.14811158180236816,0.14811158180236816,0.07899284362792969,0.0049370527267456055,0.16292273998260498,0.33571958541870117,1.500864028930664,2.478400468826294,0.05430757999420166,0.03455936908721924,0.059244632720947266,0.0,0.11226944625377655,0.19246190786361694,0.01603849232196808,0.24057738482952118,0.03207698464393616,0.0,0.6255012154579163,0.03207698464393616,0.5453087687492371,0.0801924616098404,0.03207698464393616,0.09623095393180847,0.03207698464393616,0.6415396928787231,0.7538091540336609,0.12830793857574463,0.048115476965904236,0.048115476965904236,0.12830793857574463,0.3047313690185547,0.19246190786361694,0.25661587715148926,0.1443464308977127,0.0801924616098404,0.03207698464393616,0.20850040018558502,0.0801924616098404,0.0,0.048115476965904236,0.24057738482952118,0.0,1.2510024309158325,0.06415396928787231,0.24057738482952118,0.03207698464393616,0.01603849232196808,0.12830793857574463,0.1443464308977127,1.026463508605957,2.502004861831665,0.03207698464393616,0.01603849232196808,0.09623095393180847,,
2022-01-01,138.67498779296875,199.48751831054688,63.251529693603516,85.09538269042969,137.35614013671875,52.31059646606445,4.159395217895508,20628.0,3.0697524547576904,6222,126.02804565429688,174.14280700683594,57.89572525024414,135.3756103515625,177.49961853027344,162.78733825683594,0.5625200867652893,0.04821600764989853,2.1054322719573975,0.4018000662326813,0.24108004570007324,0.38572806119918823,0.32144004106521606,0.43394407629966736,0.014543339610099792,0.21330231428146362,0.8774481415748596,0.12119448930025101,0.32964903116226196,0.10665115714073181,0.0678689181804657,0.7950358986854553,0.019391119480133057,1.2410316467285156,0.10665115714073181,0.05817335844039917,0.16967229545116425,0.17936785519123077,1.1198371648788452,1.7161140441894531,0.14543339610099792,0.10665115714073181,0.014543339610099792,0.2181500941514969,0.1357378363609314,0.32964903116226196,0.25208455324172974,0.33449679613113403,0.07756447792053223,0.009695559740066528,0.25208455324172974,0.15997673571109772,0.04847779870033264,0.03878223896026611,0.6253635883331299,0.0,2.777777671813965,0.2181500941514969,0.10665115714073181,0.019391119480133057,0.0,0.19391119480133057,0.21330231428146362,2.593562126159668,3.3158812522888184,0.09210781753063202,0.053325578570365906,0.0678689181804657,0.016072003170847893,0.19286403059959412,0.5464481115341187,0.032144006341695786,0.19286403059959412,0.1125040203332901,0.0,0.5946640968322754,0.0,0.9000321626663208,0.06428801268339157,0.1125040203332901,0.1125040203332901,0.12857602536678314,0.8518161177635193,0.9803921580314636,0.0,0.032144006341695786,0.032144006341695786,0.20893603563308716,0.19286403059959412,0.16072002053260803,0.16072002053260803,0.3696560561656952,0.09643201529979706,0.016072003170847893,0.1125040203332901,0.14464803040027618,0.0,0.032144006341695786,0.46608808636665344,0.0,1.9447122812271118,0.17679202556610107,0.12857602536678314,0.016072003170847893,0.0,0.20893603563308716,0.08036001026630402,1.7679202556610107,3.0697524547576904,0.1125040203332901,0.06428801268339157,0.032144006341695786,,
2022-02-01,216.1590118408203,320.6058654785156,105.21830749511719,120.52434539794922,201.06761169433594,67.1552734375,6.483438968658447,19866.0,4.34782600402832,6095,197.947509765625,270.0978088378906,65.7977523803711,173.38754272460938,305.3721618652344,287.5028991699219,0.8367514610290527,0.1312551200389862,3.166529893875122,0.4757998287677765,0.1968826949596405,0.7547169923782349,0.42657917737960815,0.31173092126846313,0.03523608297109604,0.3624282777309418,0.8204973340034485,0.18624785542488098,0.7651263475418091,0.10067451745271683,0.03523608297109604,1.5000503063201904,0.010067451745271683,2.5722339153289795,0.14597804844379425,0.08557333797216415,0.14094433188438416,0.3624282777309418,1.7618041038513184,2.9044599533081055,0.19128158688545227,0.37249571084976196,0.060404710471630096,0.1711466759443283,0.16107922792434692,0.49330514669418335,0.6040471196174622,0.31712472438812256,0.04530353471636772,0.050337258726358414,0.25168630480766296,0.2365851253271103,0.010067451745271683,0.025168629363179207,1.2231954336166382,0.07047216594219208,5.396154403686523,0.1761804074048996,0.24161884188652039,0.030202355235815048,0.005033725872635841,0.30705729126930237,0.26175373792648315,5.013591289520264,4.87768030166626,0.03523608297109604,0.08053961396217346,0.055370986461639404,0.016406890004873276,0.44298604130744934,0.5250204801559448,0.1312551200389862,0.6562756299972534,0.0656275600194931,0.03281378000974655,1.2469236850738525,0.03281378000974655,1.7719441652297974,0.049220673739910126,0.08203445374965668,0.0656275600194931,0.1968826949596405,1.4109926223754883,1.3781788349151611,0.11484823375940323,0.22969646751880646,0.016406890004873276,0.16406890749931335,0.21328958868980408,0.4757998287677765,0.6234618425369263,0.42657917737960815,0.03281378000974655,0.03281378000974655,0.1968826949596405,0.08203445374965668,0.03281378000974655,0.016406890004873276,0.8203445672988892,0.016406890004873276,3.4126334190368652,0.278917133808136,0.14766201376914978,0.016406890004873276,0.016406890004873276,0.3281378149986267,0.16406890749931335,3.2157506942749023,4.331418991088867,0.09844134747982025,0.08203445374965668,0.016406890004873276,,
2022-03-01,318.9549255371094,403.713623046875,250.9558563232422,167.3444061279297,264.4521789550781,123.54705047607422,9.566682815551758,20770.0,6.036824703216553,6626,276.7157897949219,389.82244873046875,100.44036102294922,284.3154296875,411.7905578613281,405.90289306640625,1.3733775615692139,0.06036824733018875,3.923936128616333,1.0413522720336914,0.015092061832547188,1.93178391456604,0.5433142185211182,0.22638092935085297,0.12518054246902466,0.5151661038398743,1.0158883333206177,0.1299951821565628,0.9051516652107239,0.22147327661514282,0.02888781949877739,2.4747231006622314,0.019258545711636543,2.662493944168091,0.1299951821565628,0.24554646015167236,0.2599903643131256,0.2888782024383545,1.9836301803588867,3.914299488067627,0.3514684736728668,0.577756404876709,0.09629272669553757,0.4670197367668152,0.5970149040222168,0.6451612710952759,0.6981222629547119,0.7173808217048645,0.10592200607061386,0.06740491092205048,0.39480018615722656,0.4718343913555145,0.043331727385520935,0.05777563899755478,2.0991814136505127,0.03370245546102524,8.801155090332031,0.4573904573917389,0.27443426847457886,0.048146363347768784,0.019258545711636543,0.8762638568878174,0.370727002620697,8.704862594604492,6.899374008178711,0.24554646015167236,0.06740491092205048,0.09629272669553757,0.015092061832547188,0.34711742401123047,0.6489586234092712,0.045276183634996414,0.5584062933921814,0.07546030730009079,0.0,1.8261394500732422,0.045276183634996414,1.7204949855804443,0.045276183634996414,0.241472989320755,0.15092061460018158,0.1961967945098877,1.4035617113113403,1.977060079574585,0.10564443469047546,0.3923935890197754,0.06036824733018875,0.4074856638908386,0.6791427731513977,0.5131300687789917,0.45276185870170593,0.5282221436500549,0.18110473453998566,0.0,0.241472989320755,0.15092061460018158,0.10564443469047546,0.015092061832547188,1.7054029703140259,0.015092061832547188,5.584062576293945,0.42257773876190186,0.15092061460018158,0.030184123665094376,0.0,0.8753395676612854,0.241472989320755,5.5538787841796875,6.006640434265137,0.22638092935085297,0.06036824733018875,0.030184123665094376,,
2022-04-01,191.14309692382812,221.91055297851562,184.41781616210938,127.23625946044922,172.5254669189453,115.55024719238281,5.7331156730651855,17146.0,4.589953422546387,6231,190.6196746826172,205.86483764648438,91.69326782226562,172.31893920898438,267.9500732421875,228.42935180664062,0.8505857586860657,0.016048789024353027,2.4554646015167236,0.561707615852356,0.048146363347768784,1.6690739393234253,0.6740491390228271,0.2888782024383545,0.058322641998529434,0.32660678029060364,0.6357167959213257,0.0933162271976471,0.40825849771499634,0.07581943273544312,0.040825847536325455,1.1256269216537476,0.029161320999264717,1.6738598346710205,0.07581943273544312,0.11664528399705887,0.22162602841854095,0.20996150374412537,0.9214977025985718,2.3970606327056885,0.11664528399705887,0.2857809364795685,0.04665811359882355,0.41409075260162354,0.30910998582839966,0.3790971636772156,0.2682841420173645,0.30327773094177246,0.15163886547088623,0.01749679259955883,0.22162602841854095,0.13414207100868225,0.04665811359882355,0.005832264199852943,1.1197947263717651,0.029161320999264717,4.8291144371032715,0.12830981612205505,0.2741164267063141,0.01749679259955883,0.023329056799411774,0.4315875470638275,0.12247754633426666,4.904933929443359,3.965939521789551,0.04665811359882355,0.0874839648604393,0.08165169507265091,0.032097578048706055,0.3530733287334442,0.6419515609741211,0.1765366643667221,0.27282941341400146,0.06419515609741211,0.048146363347768784,1.0752688646316528,0.032097578048706055,1.444390892982483,0.032097578048706055,0.14443910121917725,0.25678062438964844,0.14443910121917725,0.8826833367347717,1.4122933149337769,0.09629272669553757,0.1765366643667221,0.08024394512176514,0.3530733287334442,0.32097578048706055,0.3049269914627075,0.27282941341400146,0.36912211775779724,0.1765366643667221,0.032097578048706055,0.25678062438964844,0.09629272669553757,0.12839031219482422,0.016048789024353027,1.123415231704712,0.06419515609741211,3.8838067054748535,0.20863424241542816,0.19258545339107513,0.0,0.032097578048706055,0.48146364092826843,0.1765366643667221,3.931953191757202,4.525758266448975,0.08024394512176514,0.16048789024353027,0.048146363347768784,,
2022-05-01,142.25848388671875,166.424560546875,140.13734436035156,99.60482788085938,137.268798828125,92.25898742675781,4.266878128051758,17671.0,3.593169927597046,6735,171.64654541015625,160.35951232910156,72.36320495605469,135.05169677734375,219.9255828857422,173.04281616210938,0.40089085698127747,0.0890868604183197,2.0044543743133545,0.5939124226570129,0.07423905283212662,1.14328134059906,0.41573867201805115,0.40089085698127747,0.011317978613078594,0.24899552762508392,0.3565163314342499,0.04527191445231438,0.28860846161842346,0.16976967453956604,0.005658989306539297,1.0073001384735107,0.016976967453956604,1.0469130277633667,0.12449776381254196,0.14147473871707916,0.13581573963165283,0.5489219427108765,0.7186916470527649,1.69203782081604,0.13581573963165283,0.3395393490791321,0.09054382890462875,0.35085734724998474,0.20938260853290558,0.3451983332633972,0.4866730868816376,0.41876521706581116,0.10186180472373962,0.02263595722615719,0.09054382890462875,0.07922585308551788,0.011317978613078594,0.03961292654275894,0.6111708283424377,0.016976967453956604,3.1916699409484863,0.05093090236186981,0.5489219427108765,0.028294946998357773,0.028294946998357773,0.4074472188949585,0.3282213807106018,3.1916699409484863,3.1463980674743652,0.056589893996715546,0.07356686145067215,0.05093090236186981,0.0,0.20786933600902557,0.31180399656295776,0.07423905283212662,0.2672605812549591,0.14847810566425323,0.0,1.0244989395141602,0.014847810380160809,1.0690423250198364,0.11878248304128647,0.0890868604183197,0.11878248304128647,0.5196733474731445,0.8017817139625549,1.0838900804519653,0.13363029062747955,0.32665181159973145,0.07423905283212662,0.29695621132850647,0.2672605812549591,0.4454343020915985,0.6087601780891418,0.6087601780891418,0.14847810566425323,0.029695620760321617,0.014847810380160809,0.04454343020915985,0.0,0.059391241520643234,0.6087601780891418,0.014847810380160809,2.6726057529449463,0.11878248304128647,0.5196733474731445,0.059391241520643234,0.029695620760321617,0.4454343020915985,0.3414996266365051,2.6280622482299805,3.563474416732788,0.14847810566425323,0.11878248304128647,0.029695620760321617,,
2022-06-01,130.7073211669922,160.72695922851562,114.81468963623047,100.10216522216797,151.79486083984375,84.47412872314453,3.920414447784424,16988.0,3.6111111640930176,6480,151.7077178955078,135.83511352539062,78.11753845214844,135.53501892089844,204.5189971923828,150.7871551513672,0.6018518805503845,0.06172839552164078,2.222222328186035,0.3858024775981903,0.09259258955717087,1.064814805984497,0.4938271641731262,0.21604938805103302,0.035319048911333084,0.14716270565986633,0.4709206521511078,0.08241111040115356,0.394396036863327,0.08241111040115356,0.02354603260755539,0.8535436987876892,0.02354603260755539,1.2832587957382202,0.07063809782266617,0.17070873081684113,0.417942076921463,0.4650341272354126,0.9241817593574524,1.607016682624817,0.11773016303777695,0.12950317561626434,0.07063809782266617,0.37673652172088623,0.2295738160610199,0.5651047825813293,0.34141746163368225,0.2884388864040375,0.07063809782266617,0.04120555520057678,0.1942547708749771,0.08241111040115356,0.06475158780813217,0.035319048911333084,0.5297857522964478,0.029432540759444237,3.025665283203125,0.18836826086044312,0.406169056892395,0.035319048911333084,0.02354603260755539,0.5592182874679565,0.15893572568893433,3.049211263656616,2.878502368927002,0.06475158780813217,0.07063809782266617,0.058865081518888474,0.046296294778585434,0.1697530895471573,0.4166666567325592,0.10802469402551651,0.3395061790943146,0.03086419776082039,0.015432098880410194,0.9876543283462524,0.046296294778585434,1.1265431642532349,0.0,0.3086419701576233,0.43209877610206604,0.5092592835426331,1.0493826866149902,1.1111111640930176,0.06172839552164078,0.18518517911434174,0.03086419776082039,0.5092592835426331,0.2777777910232544,0.6018518805503845,0.5092592835426331,0.5709876418113708,0.06172839552164078,0.03086419776082039,0.15432098507881165,0.0,0.15432098507881165,0.03086419776082039,0.5246913433074951,0.0,2.7469136714935303,0.2777777910232544,0.4938271641731262,0.03086419776082039,0.015432098880410194,0.7407407164573669,0.23148147761821747,2.6543209552764893,3.564814805984497,0.10802469402551651,0.10802469402551651,0.09259258955717087,,
2022-07-01,117.17676544189453,141.24293518066406,97.83872985839844,97.2652587890625,131.34474182128906,80.33711242675781,3.5145812034606934,17214.0,3.5087718963623047,6384,149.4732208251953,133.13278198242188,74.37489318847656,122.46395111083984,188.2596893310547,127.22867584228516,0.3446115255355835,0.10964912176132202,1.9580200910568237,0.2506265640258789,0.10964912176132202,1.2374687194824219,0.37593984603881836,0.2036340832710266,0.06390147656202316,0.18589520454406738,0.34274429082870483,0.09294760227203369,0.36017194390296936,0.04066457599401474,0.023236900568008423,0.8132914900779724,0.005809225142002106,0.8946206569671631,0.06390147656202316,0.18589520454406738,0.1917044222354889,0.18008597195148468,0.5402579307556152,1.1327989101409912,0.05228302627801895,0.1045660525560379,0.0987568274140358,0.27303358912467957,0.34855350852012634,0.296270489692688,0.17427675426006317,0.1975136548280716,0.05228302627801895,0.017427675426006317,0.1917044222354889,0.09294760227203369,0.12199372798204422,0.011618450284004211,0.3020797073841095,0.046473801136016846,2.6954803466796875,0.4182642102241516,0.15103985369205475,0.034855350852012634,0.017427675426006317,0.627396285533905,0.18008597195148468,2.6780526638031006,2.5851051807403564,0.034855350852012634,0.04066457599401474,0.046473801136016846,0.10964912176132202,0.21929824352264404,0.3602756857872009,0.17230576276779175,0.32894736528396606,0.046992480754852295,0.01566416025161743,0.8302004933357239,0.0,0.8145363330841064,0.06265664100646973,0.21929824352264404,0.28195488452911377,0.2506265640258789,0.5482456088066101,0.8302004933357239,0.06265664100646973,0.10964912176132202,0.17230576276779175,0.3602756857872009,0.42293232679367065,0.26629072427749634,0.23496240377426147,0.2506265640258789,0.03132832050323486,0.03132832050323486,0.18796992301940918,0.14097744226455688,0.31328320503234863,0.0,0.4385964870452881,0.03132832050323486,2.5375940799713135,0.579573929309845,0.18796992301940918,0.06265664100646973,0.046992480754852295,0.7048872113227844,0.28195488452911377,2.553258180618286,3.4774436950683594,0.046992480754852295,0.09398496150970459,0.06265664100646973,,
2022-08-01,132.86322021484375,159.38302612304688,111.15857696533203,119.83222198486328,168.90750122070312,97.54368591308594,3.9850780963897705,16888.0,4.3228583335876465,6269,181.64654541015625,152.67288208007812,74.48735046386719,124.03561401367188,235.2372589111328,157.83871459960938,0.9251874089241028,0.031903013586997986,2.233211040496826,0.5583027601242065,0.2552241086959839,1.0527994632720947,0.5583027601242065,0.478545218706131,0.04144955053925514,0.24277593195438385,0.14211274683475494,0.053292278200387955,0.2960682213306427,0.05921364203095436,0.011842728592455387,1.2375651597976685,0.02960682101547718,0.6099005341529846,0.08289910107851028,0.24277593195438385,0.06513500958681107,0.14803411066532135,0.5743723511695862,1.1546660661697388,0.3079109489917755,0.08882046490907669,0.06513500958681107,0.24869729578495026,0.26646140217781067,0.11842728406190872,0.5092373490333557,0.3079109489917755,0.07697773724794388,0.07105637341737747,0.10658455640077591,0.08289910107851028,0.035528186708688736,0.07105637341737747,0.2072477489709854,0.0059213642962276936,2.415916681289673,0.12434864789247513,0.12434864789247513,0.02960682101547718,0.0059213642962276936,0.34343913197517395,0.7401705384254456,2.2797253131866455,3.132401704788208,0.04144955053925514,0.05921364203095436,0.053292278200387955,0.04785452410578728,0.28712713718414307,0.09570904821157455,0.11166055500507355,0.1914180964231491,0.04785452410578728,0.015951506793498993,1.3558781147003174,0.04785452410578728,0.49449673295021057,0.09570904821157455,0.30307865142822266,0.031903013586997986,0.1914180964231491,0.6859148144721985,0.6859148144721985,0.30307865142822266,0.09570904821157455,0.07975753396749496,0.33498165011405945,0.33498165011405945,0.031903013586997986,0.7497208714485168,0.33498165011405945,0.15951506793498993,0.06380602717399597,0.14356356859207153,0.09570904821157455,0.07975753396749496,0.12761205434799194,0.1914180964231491,0.0,2.600095748901367,0.14356356859207153,0.09570904821157455,0.04785452410578728,0.015951506793498993,0.3987876772880554,0.7975753545761108,2.3289201259613037,4.290955543518066,0.07975753396749496,0.015951506793498993,0.04785452410578728,,
2022-09-01,131.98587036132812,170.31179809570312,108.6280746459961,112.98688507080078,179.78091430664062,79.78720092773438,3.9587628841400146,16975.0,4.075917720794678,6428,166.61390686035156,144.36520385742188,72.2785873413086,110.10809326171875,207.68946838378906,153.52854919433594,0.68450528383255,0.0,2.629122495651245,1.042314887046814,0.0777846947312355,0.9023024439811707,0.5756067037582397,0.3733665347099304,0.023564064875245094,0.18262150883674622,0.43004417419433594,0.04712812975049019,0.2886597812175751,0.07069219648838043,0.04123711213469505,1.1369661092758179,0.04712812975049019,0.9896907210350037,0.1649484485387802,0.07069219648838043,0.09425625950098038,0.12371134012937546,0.6656848192214966,1.354933738708496,0.13549336791038513,0.1649484485387802,0.02945508062839508,0.5066273808479309,0.1649484485387802,0.33578792214393616,0.2945508062839508,0.43004417419433594,0.07069219648838043,0.035346098244190216,0.1296023577451706,0.2297496348619461,0.04123711213469505,0.035346098244190216,0.4241531789302826,0.035346098244190216,3.0220913887023926,0.11192930489778519,0.27098673582077026,0.017673049122095108,0.0,0.46539026498794556,0.30633285641670227,2.927834987640381,2.927834987640381,0.053019147366285324,0.05891016125679016,0.035346098244190216,0.0466708168387413,0.2800248861312866,0.35780957341194153,0.0466708168387413,0.24891100823879242,0.0466708168387413,0.0777846947312355,1.2601120471954346,0.0777846947312355,0.9489732384681702,0.1866832673549652,0.0777846947312355,0.062227752059698105,0.12445550411939621,0.8089607954025269,0.9178593754768372,0.155569389462471,0.155569389462471,0.062227752059698105,0.5133789777755737,0.24891100823879242,0.21779713034629822,0.35780957341194153,0.6067206263542175,0.12445550411939621,0.031113876029849052,0.1711263209581375,0.21779713034629822,0.0933416336774826,0.0466708168387413,0.5444928407669067,0.0466708168387413,3.1425015926361084,0.0777846947312355,0.2644679546356201,0.031113876029849052,0.0,0.5756067037582397,0.3889234662055969,2.9247043132781982,4.029246807098389,0.062227752059698105,0.062227752059698105,0.031113876029849052,,
2022-10-01,143.16241455078125,185.2843017578125,112.6750259399414,129.13845825195312,193.30535888671875,102.52054595947266,4.293990612030029,17606.0,4.658573627471924,6590,163.83047485351562,141.7002716064453,76.8135986328125,119.91973114013672,202.5839080810547,135.8734130859375,0.6828528046607971,0.07587253302335739,2.792109251022339,1.2139605283737183,0.13657055795192719,1.2898330688476562,0.7738998532295227,0.39453718066215515,0.011359763331711292,0.11359763890504837,0.35783255100250244,0.062478698790073395,0.2669544517993927,0.07951834797859192,0.022719526663422585,1.1814154386520386,0.03975917398929596,0.8406225442886353,0.062478698790073395,0.05111893638968468,0.10223787277936935,0.10223787277936935,0.7781438231468201,1.260933756828308,0.1306372880935669,0.10791775584220886,0.05111893638968468,0.30671361088752747,0.2612745761871338,0.3180733919143677,0.4203112721443176,0.4203112721443176,0.07951834797859192,0.017039645463228226,0.11927752196788788,0.1363171637058258,0.03407929092645645,0.011359763331711292,0.30671361088752747,0.011359763331711292,3.385209560394287,0.36919233202934265,0.16471657156944275,0.022719526663422585,0.011359763331711292,0.3919118344783783,0.3294331431388855,3.288651704788208,3.402249336242676,0.11359763890504837,0.08519823104143143,0.04543905332684517,0.0,0.07587253302335739,0.500758707523346,0.07587253302335739,0.15174506604671478,0.10622154921293259,0.030349014326930046,1.3505311012268066,0.10622154921293259,1.0925644636154175,0.06069802865386009,0.045523520559072495,0.12139605730772018,0.16691957414150238,1.0773899555206299,0.9863429665565491,0.09104704111814499,0.12139605730772018,0.07587253302335739,0.48558422923088074,0.45523521304130554,0.5766312479972839,0.5311077237129211,0.5462822318077087,0.15174506604671478,0.015174507163465023,0.19726859033107758,0.15174506604671478,0.09104704111814499,0.030349014326930046,0.5311077237129211,0.015174507163465023,3.930197238922119,0.5766312479972839,0.28831562399864197,0.015174507163465023,0.015174507163465023,0.44006070494651794,0.33383914828300476,3.8088011741638184,4.643399238586426,0.21244309842586517,0.09104704111814499,0.07587253302335739,,
2022-11-01,116.7162857055664,143.0465545654297,98.68260955810547,100.43695831298828,149.16830444335938,84.39598083496094,3.50076961517334,17539.0,3.6231884956359863,6486,149.344970703125,129.78172302246094,70.18024444580078,121.1250991821289,164.76596069335938,119.27986145019531,0.4779525101184845,0.07708911597728729,2.0968239307403564,0.8633980751037598,0.030835645273327827,1.0175763368606567,0.5242059826850891,0.2929386496543884,0.02850789576768875,0.11973316967487335,0.27937740087509155,0.1254347413778305,0.27937740087509155,0.05131421238183975,0.0114031583070755,1.1175096035003662,0.00570157915353775,0.7012942433357239,0.0570157915353775,0.22236159443855286,0.091225266456604,0.10833000391721725,0.5758594870567322,1.094703197479248,0.18815211951732635,0.11973316967487335,0.3991105556488037,0.296482115983963,0.091225266456604,0.2166600078344345,0.30218371748924255,0.37060266733169556,0.05131421238183975,0.0114031583070755,0.114031583070755,0.15394264459609985,0.02850789576768875,0.022806316614151,0.39340898394584656,0.00570157915353775,2.4630823135375977,0.16534580290317535,0.14253948628902435,0.03991105407476425,0.02850789576768875,0.48463425040245056,0.39340898394584656,2.457380771636963,2.6968469619750977,0.02850789576768875,0.068418949842453,0.07412052899599075,0.07708911597728729,0.10792475938796997,0.2775208055973053,0.21584951877593994,0.18501387536525726,0.061671290546655655,0.030835645273327827,1.1409188508987427,0.0,0.8633980751037598,0.09250693768262863,0.30835646390914917,0.10792475938796997,0.15417823195457458,0.8171446323394775,0.8633980751037598,0.13876040279865265,0.15417823195457458,0.41628122329711914,0.4316990375518799,0.09250693768262863,0.24668516218662262,0.30835646390914917,0.49337032437324524,0.07708911597728729,0.0,0.15417823195457458,0.24668516218662262,0.061671290546655655,0.030835645273327827,0.5087881684303284,0.015417822636663914,2.744372606277466,0.26210299134254456,0.15417823195457458,0.046253468841314316,0.030835645273327827,0.5242059826850891,0.3546099364757538,2.6827011108398438,3.6077706813812256,0.07708911597728729,0.10792475938796997,0.061671290546655655,,
2022-12-01,111.19593811035156,119.1385269165039,109.772216796875,95.6675796508789,131.09832763671875,83.45929718017578,3.335193157196045,16131.0,3.451136589050293,6027,151.86959838867188,127.19712829589844,69.14442443847656,112.8714370727539,188.6320037841797,126.55950927734375,0.44798406958580017,0.06636801362037659,1.8748962879180908,0.48116809129714966,0.09955201297998428,1.1282562017440796,0.4977600872516632,0.2488800436258316,0.024796973913908005,0.19217655062675476,0.1797780692577362,0.04959394782781601,0.2107742875814438,0.055793192237615585,0.012398486956954002,0.8740933537483215,0.037195462733507156,0.5207364559173584,0.04339470714330673,0.04339470714330673,0.14258261024951935,0.08678941428661346,0.48354101181030273,1.0352736711502075,0.06819167733192444,0.09918789565563202,0.09918789565563202,0.24796974658966064,0.1301841139793396,0.16118033230304718,0.24796974658966064,0.24177050590515137,0.08678941428661346,0.0,0.08059016615152359,0.08059016615152359,0.07439092546701431,0.012398486956954002,0.24177050590515137,0.024796973913908005,2.2813217639923096,0.16118033230304718,0.1053871437907219,0.024796973913908005,0.012398486956954002,0.2541689872741699,0.291364461183548,2.213129997253418,2.5540883541107178,0.06199243664741516,0.024796973913908005,0.037195462733507156,0.03318400681018829,0.2156960368156433,0.16592001914978027,0.06636801362037659,0.2156960368156433,0.06636801362037659,0.0,0.746640145778656,0.06636801362037659,0.5309441089630127,0.06636801362037659,0.04977600648999214,0.19910402595996857,0.08296000957489014,0.5309441089630127,0.7632321119308472,0.016592003405094147,0.08296000957489014,0.18251203000545502,0.26547205448150635,0.16592001914978027,0.14932802319526672,0.19910402595996857,0.2156960368156433,0.13273602724075317,0.0,0.04977600648999214,0.06636801362037659,0.11614401638507843,0.016592003405094147,0.39820805191993713,0.016592003405094147,2.5883524417877197,0.14932802319526672,0.08296000957489014,0.03318400681018829,0.0,0.36502406001091003,0.26547205448150635,2.4556164741516113,3.434544563293457,0.11614401638507843,0.03318400681018829,0.016592003405094147,,
2023-01-01,104.26704406738281,113.02135467529297,94.62993621826172,81.17646026611328,100.73686218261719,74.2690200805664,3.1273691654205322,15828.0,2.928380250930786,5976,130.7335205078125,120.38682556152344,64.3501205444336,104.20687866210938,152.73699951171875,117.52969360351562,0.5020080208778381,0.016733601689338684,1.3386881351470947,0.25100401043891907,0.03346720337867737,0.8701472282409668,0.4183400273323059,0.3346720337867737,0.03158958628773689,0.13267627358436584,0.2021733671426773,0.13267627358436584,0.29062420129776,0.16426585614681244,0.03158958628773689,0.6696992516517639,0.025271670892834663,0.8971443176269531,0.07581501454114914,0.056861259043216705,0.15163002908229828,0.24639879167079926,0.5622946619987488,1.0803638696670532,0.025271670892834663,0.0884508490562439,0.03158958628773689,0.19585543870925903,0.19585543870925903,0.14531210064888,0.2337629497051239,0.29062420129776,0.14531210064888,0.006317917723208666,0.19585543870925903,0.10740459710359573,0.05054334178566933,0.018953753635287285,0.4738438129425049,0.06949709355831146,1.971190333366394,0.04422542452812195,0.17058376967906952,0.03158958628773689,0.012635835446417332,0.24008086323738098,0.16426585614681244,1.9459186792373657,2.4071266651153564,0.04422542452812195,0.06949709355831146,0.03790750727057457,0.05020080506801605,0.15060241520404816,0.2175368070602417,0.18406961858272552,0.28447121381759644,0.1004016101360321,0.06693440675735474,0.5522088408470154,0.05020080506801605,0.9538152813911438,0.1004016101360321,0.08366800844669342,0.18406961858272552,0.3012048304080963,0.5689424276351929,0.8032128810882568,0.0,0.16733601689338684,0.06693440675735474,0.23427040874958038,0.2008032202720642,0.2175368070602417,0.2175368070602417,0.3179384171962738,0.11713520437479019,0.0,0.28447121381759644,0.1004016101360321,0.13386881351470947,0.016733601689338684,0.6526104211807251,0.08366800844669342,1.9578313827514648,0.06693440675735474,0.2008032202720642,0.016733601689338684,0.016733601689338684,0.35140562057495117,0.13386881351470947,1.9243640899658203,2.928380250930786,0.06693440675735474,0.06693440675735474,0.016733601689338684,,
2023-02-01,120.99437713623047,147.05015563964844,103.02875518798828,100.30805206298828,143.71742248535156,85.26771545410156,3.6290860176086426,14990.0,3.6185383796691895,5610,167.7832489013672,152.64306640625,64.35151672363281,110.62834930419922,202.07431030273438,152.4488067626953,0.7130124568939209,0.05347593501210213,1.6577540636062622,0.5169340372085571,0.017825311049818993,1.1764706373214722,0.3921568691730499,0.2495543658733368,0.006671113893389702,0.16010673344135284,0.31354236602783203,0.060040026903152466,0.3869246244430542,0.04669779911637306,0.03335557132959366,1.4876583814620972,0.020013341680169106,0.8005337119102478,0.09339559823274612,0.13342228531837463,0.11340893805027008,0.13342228531837463,0.740493655204773,1.0473649501800537,0.08005336672067642,0.060040026903152466,0.07338225841522217,0.29352903366088867,0.17344896495342255,0.17344896495342255,0.25350233912467957,0.3335556983947754,0.08005336672067642,0.013342227786779404,0.13342228531837463,0.10006671398878098,0.013342227786779404,0.13342228531837463,0.3202134668827057,0.026684455573558807,2.301534414291382,0.14009340107440948,0.14009340107440948,0.020013341680169106,0.006671113893389702,0.4869913160800934,0.34022682905197144,2.0280187129974365,2.9753167629241943,0.020013341680169106,0.08005336672067642,0.09339559823274612,0.0,0.2852049767971039,0.2495543658733368,0.05347593501210213,0.35650622844696045,0.035650622099637985,0.035650622099637985,1.4616755247116089,0.0,0.8199643492698669,0.10695187002420425,0.17825311422348022,0.08912655711174011,0.16042780876159668,0.8021390438079834,0.855614960193634,0.017825311049818993,0.05347593501210213,0.14260248839855194,0.3030303120613098,0.19607843458652496,0.2495543658733368,0.3921568691730499,0.4991087317466736,0.14260248839855194,0.035650622099637985,0.10695187002420425,0.1247771829366684,0.017825311049818993,0.26737967133522034,0.35650622844696045,0.017825311049818993,2.3529412746429443,0.1247771829366684,0.08912655711174011,0.017825311049818993,0.0,0.6238859295845032,0.3386809229850769,1.9786096811294556,3.6185383796691895,0.0,0.16042780876159668,0.10695187002420425,,
2023-03-01,105.37997436523438,125.08584594726562,86.75404357910156,95.41343688964844,129.59420776367188,77.89972686767578,3.160750150680542,16958.0,3.4419686794281006,6014,151.4788360595703,129.31248474121094,66.1619644165039,113.4671401977539,176.0770263671875,123.19129180908203,0.5320917963981628,0.04988360404968262,1.8290655612945557,0.39906883239746094,0.09976720809936523,0.8480212688446045,0.5154638886451721,0.2993016242980957,0.017690764740109444,0.21818611025810242,0.18280456960201263,0.041278451681137085,0.2476707100868225,0.07076305896043777,0.017690764740109444,1.4093643426895142,0.02358768694102764,0.6368675827980042,0.06486614048480988,0.04717537388205528,0.06486614048480988,0.07665998488664627,0.41868144273757935,0.9081259369850159,0.14152611792087555,0.08845382928848267,0.06486614048480988,0.3066399395465851,0.3243306875228882,0.17690765857696533,0.2476707100868225,0.35971224308013916,0.06486614048480988,0.02358768694102764,0.08255690336227417,0.017690764740109444,0.02358768694102764,0.07665998488664627,0.2712584137916565,0.01179384347051382,2.046231985092163,0.36560913920402527,0.12973228096961975,0.017690764740109444,0.00589692173525691,0.21818611025810242,0.36560913920402527,2.004953384399414,2.6241302490234375,0.00589692173525691,0.02358768694102764,0.06486614048480988,0.01662786863744259,0.24941802024841309,0.2161622941493988,0.06651147454977036,0.2161622941493988,0.04988360404968262,0.0,1.4299967288970947,0.01662786863744259,0.8979048728942871,0.03325573727488518,0.03325573727488518,0.0831393450498581,0.11639507859945297,0.5819754004478455,0.8480212688446045,0.09976720809936523,0.11639507859945297,0.0831393450498581,0.4323245882987976,0.2660458981990814,0.2660458981990814,0.3325573801994324,0.5154638886451721,0.09976720809936523,0.01662786863744259,0.06651147454977036,0.04988360404968262,0.04988360404968262,0.1330229490995407,0.3491852283477783,0.01662786863744259,2.4775524139404297,0.4156967103481293,0.14965081214904785,0.0,0.0,0.28267374634742737,0.4156967103481293,2.411041021347046,3.4253408908843994,0.0,0.01662786863744259,0.11639507859945297,,
2023-04-01,106.80965423583984,118.16682434082031,93.2484130859375,89.50238800048828,123.8216781616211,73.35025024414062,3.203631639480591,15420.0,3.228732109069824,5513,130.47006225585938,123.94602966308594,66.19554901123047,115.95130920410156,169.68873596191406,116.78514099121094,0.5985851883888245,0.0362778902053833,1.4873933792114258,0.41719570755958557,0.09069471806287766,0.7799745798110962,0.5260294079780579,0.3265010118484497,0.019455252215266228,0.12321659922599792,0.20103761553764343,0.1750972718000412,0.2399481236934662,0.038910504430532455,0.038910504430532455,1.225680947303772,0.038910504430532455,0.60959792137146,0.012970169074833393,0.330739289522171,0.11673151701688766,0.12970168888568878,0.5836575627326965,0.9857327938079834,0.12970168888568878,0.07782100886106491,0.07133592665195465,0.24643319845199585,0.30479896068573,0.1426718533039093,0.3761349022388458,0.3696497976779938,0.05188067629933357,0.032425422221422195,0.12321659922599792,0.05836575850844383,0.1102464348077774,0.07782100886106491,0.1750972718000412,0.012970169074833393,1.8093385696411133,0.4150454103946686,0.11673151701688766,0.0064850845374166965,0.038910504430532455,0.27885863184928894,0.40207523107528687,1.692607045173645,2.4448766708374023,0.06485084444284439,0.07133592665195465,0.05188067629933357,0.0362778902053833,0.1451115608215332,0.23580627143383026,0.23580627143383026,0.2176673263311386,0.01813894510269165,0.0362778902053833,1.1246145963668823,0.05441683158278465,0.6711409687995911,0.01813894510269165,0.45347359776496887,0.09069471806287766,0.12697261571884155,0.7436966896057129,0.6348630785942078,0.0362778902053833,0.12697261571884155,0.0362778902053833,0.2902231216430664,0.41719570755958557,0.12697261571884155,0.34463992714881897,0.4897514879703522,0.09069471806287766,0.01813894510269165,0.16325050592422485,0.0725557804107666,0.2539452314376831,0.05441683158278465,0.30836206674575806,0.01813894510269165,2.176673412322998,0.45347359776496887,0.1451115608215332,0.0,0.09069471806287766,0.3990567624568939,0.41719570755958557,2.031561851501465,3.1743152141571045,0.09069471806287766,0.09069471806287766,0.05441683158278465,,
2023-05-01,108.46768188476562,122.47150421142578,92.75943756103516,86.6424331665039,109.10337829589844,71.75291442871094,3.2533624172210693,16506.0,3.125561237335205,5567,136.1955108642578,131.84750366210938,62.45199966430664,119.5381851196289,156.95660400390625,111.26176452636719,0.3951859176158905,0.0,1.401113748550415,0.3592599332332611,0.16166695952415466,0.8801867961883545,0.4131489098072052,0.3592599332332611,0.018175208941102028,0.1635768860578537,0.19386889040470123,0.20598569512367249,0.2362777143716812,0.06058403104543686,0.0,1.0844541788101196,0.036350417882204056,0.6179571151733398,0.08481764048337936,0.2362777143716812,0.07270083576440811,0.13934326171875,0.5331394672393799,1.0783957242965698,0.1635768860578537,0.11510965973138809,0.08481764048337936,0.31503695249557495,0.19992730021476746,0.22416090965270996,0.50284743309021,0.2968617379665375,0.07875923812389374,0.0060584028251469135,0.12116806209087372,0.07270083576440811,0.05452562868595123,0.036350417882204056,0.1635768860578537,0.012116805650293827,1.9023385047912598,0.3332121670246124,0.15146008133888245,0.012116805650293827,0.024233611300587654,0.35744577646255493,0.3453289568424225,1.7690536975860596,2.508178949356079,0.04240882024168968,0.08481764048337936,0.18175208568572998,0.03592599183320999,0.16166695952415466,0.16166695952415466,0.26944494247436523,0.14370396733283997,0.05388898774981499,0.0,0.8981497883796692,0.07185198366641998,0.6107418537139893,0.05388898774981499,0.3233339190483093,0.07185198366641998,0.12574097514152527,0.5748158693313599,0.6466678380966187,0.07185198366641998,0.14370396733283997,0.10777797549962997,0.23351895809173584,0.21555595099925995,0.3412969410419464,0.3772229254245758,0.3412969410419464,0.07185198366641998,0.017962995916604996,0.05388898774981499,0.07185198366641998,0.14370396733283997,0.05388898774981499,0.12574097514152527,0.0,1.9938925504684448,0.3592599332332611,0.12574097514152527,0.0,0.017962995916604996,0.5568528771400452,0.23351895809173584,1.7962995767593384,3.125561237335205,0.05388898774981499,0.12574097514152527,0.17962996661663055,,
2023-06-01,110.52894592285156,129.40652465820312,95.2789077758789,100.80218505859375,138.61398315429688,90.577880859375,3.315187454223633,16349.0,3.6363637447357178,5390,137.7262725830078,138.01451110839844,67.41492462158203,126.36775970458984,172.95840454101562,119.23725128173828,0.6122449040412903,0.0371057502925396,1.706864595413208,0.6122449040412903,0.055658627301454544,1.057513952255249,0.7050092816352844,0.24118737876415253,0.018349746242165565,0.1284482181072235,0.26912960410118103,0.07339898496866226,0.2507798671722412,0.04281607270240784,0.018349746242165565,1.058168649673462,0.03669949248433113,0.6972903609275818,0.1100984737277031,0.10398189723491669,0.10398189723491669,0.08563214540481567,0.4587436616420746,1.107101321220398,0.1223316416144371,0.07339898496866226,0.06728240102529526,0.2630130350589752,0.16514772176742554,0.16514772176742554,0.19573062658309937,0.29359593987464905,0.04893265664577484,0.02446632832288742,0.07951556891202927,0.10398189723491669,0.10398189723491669,0.018349746242165565,0.15291455388069153,0.006116582080721855,2.214202642440796,0.20796379446983337,0.1284482181072235,0.030582910403609276,0.018349746242165565,0.15903113782405853,0.3486451804637909,2.128570556640625,2.4588658809661865,0.05504923686385155,0.07951556891202927,0.1223316416144371,0.0185528751462698,0.0742115005850792,0.3153989017009735,0.0742115005850792,0.18552875518798828,0.0371057502925396,0.0185528751462698,1.094619631767273,0.0185528751462698,0.9647495150566101,0.12987013161182404,0.1484230011701584,0.1484230011701584,0.11131725460290909,0.630797803401947,1.057513952255249,0.09276437759399414,0.12987013161182404,0.055658627301454544,0.24118737876415253,0.20408163964748383,0.18552875518798828,0.18552875518798828,0.44526901841163635,0.0371057502925396,0.0371057502925396,0.12987013161182404,0.18552875518798828,0.3153989017009735,0.0185528751462698,0.12987013161182404,0.0185528751462698,2.5788497924804688,0.33395177125930786,0.20408163964748383,0.0185528751462698,0.0,0.20408163964748383,0.40816327929496765,2.4675323963165283,3.5992579460144043,0.0185528751462698,0.11131725460290909,0.18552875518798828,,
2023-07-01,107.44878387451172,123.80915069580078,91.76800537109375,94.53726959228516,129.21710205078125,79.03573608398438,3.222801685333252,16104.0,3.4103615283966064,5366,143.9833984375,138.7403564453125,71.08032989501953,131.34800720214844,166.46791076660156,113.48558044433594,0.6336190700531006,0.0,1.6585911512374878,0.37271711230278015,0.1304509937763214,0.9131569266319275,0.5031681060791016,0.3168095350265503,0.012419275008141994,0.1614505648612976,0.21112766861915588,0.10556383430957794,0.1676602065563202,0.06209637224674225,0.006209637504070997,0.9749130606651306,0.018628912046551704,0.7078986763954163,0.06830601394176483,0.08693492412567139,0.09935420006513596,0.2049180269241333,0.5278191566467285,1.0245901346206665,0.09935420006513596,0.11798311024904251,0.04967710003256798,0.21112766861915588,0.316691517829895,0.1241927444934845,0.26080477237701416,0.38499751687049866,0.13040238618850708,0.02483855001628399,0.13661202788352966,0.07451564818620682,0.07451564818620682,0.02483855001628399,0.2856433093547821,0.02483855001628399,2.080228567123413,0.09314455837011337,0.30427223443984985,0.02483855001628399,0.018628912046551704,0.4781420826911926,0.2856433093547821,1.8256334066390991,2.4838550090789795,0.05588673800230026,0.06830601394176483,0.11177347600460052,0.0,0.1677227020263672,0.18635855615139008,0.07454342395067215,0.07454342395067215,0.037271711975336075,0.0,1.229966402053833,0.018635855987668037,0.9504286050796509,0.07454342395067215,0.11181513220071793,0.1490868479013443,0.2795378267765045,0.6522549390792847,0.6149832010269165,0.11181513220071793,0.1490868479013443,0.07454342395067215,0.18635855615139008,0.39135295152664185,0.22363026440143585,0.2981736958026886,0.5963473916053772,0.11181513220071793,0.018635855987668037,0.24226611852645874,0.11181513220071793,0.20499441027641296,0.05590756610035896,0.4472605288028717,0.037271711975336075,2.2549386024475098,0.07454342395067215,0.4286246597766876,0.037271711975336075,0.0,0.5963473916053772,0.4845322370529175,2.0499441623687744,3.391725778579712,0.018635855987668037,0.1304509937763214,0.11181513220071793,,
2023-08-01,101.14118194580078,117.60943603515625,83.60504913330078,74.21984100341797,102.51296997070312,56.07017517089844,3.0336124897003174,16482.0,2.6774253845214844,5453,117.36693572998047,125.95079803466797,60.73524475097656,116.06340026855469,138.79344177246094,109.07991027832031,0.5501558780670166,0.07335411757230759,1.3387126922607422,0.25673940777778625,0.05501558631658554,0.6235100030899048,0.5318173766136169,0.16504676640033722,0.04853779822587967,0.10314282029867172,0.16988229751586914,0.11527727544307709,0.24268899857997894,0.05460502207279205,0.024268899112939835,0.9889576435089111,0.030336124822497368,0.4793107509613037,0.09100837260484695,0.07887392491102219,0.09100837260484695,0.042470574378967285,0.5703191161155701,1.1103020906448364,0.11527727544307709,0.0364033505320549,0.042470574378967285,0.31549569964408875,0.16988229751586914,0.2184200882911682,0.23055455088615417,0.24875621497631073,0.06673946976661682,0.01820167526602745,0.15774784982204437,0.030336124822497368,0.04853779822587967,0.030336124822497368,0.13347893953323364,0.01820167526602745,1.9657808542251587,0.2669578790664673,0.09100837260484695,0.012134449556469917,0.01820167526602745,0.3276301324367523,0.1880839765071869,1.6442179679870605,2.1599321365356445,0.024268899112939835,0.0728067010641098,0.13347893953323364,0.03667705878615379,0.11003117263317108,0.09169264882802963,0.12836970388889313,0.12836970388889313,0.018338529393076897,0.018338529393076897,0.8068953156471252,0.05501558631658554,0.36677059531211853,0.09169264882802963,0.11003117263317108,0.09169264882802963,0.03667705878615379,0.5684943795204163,0.7702182531356812,0.09169264882802963,0.018338529393076897,0.07335411757230759,0.2750779390335083,0.14670823514461517,0.16504676640033722,0.16504676640033722,0.33009353280067444,0.12836970388889313,0.0,0.2384008765220642,0.03667705878615379,0.09169264882802963,0.07335411757230759,0.12836970388889313,0.03667705878615379,1.8338528871536255,0.33009353280067444,0.11003117263317108,0.0,0.03667705878615379,0.29341647028923035,0.18338529765605927,1.485420823097229,2.6407482624053955,0.018338529393076897,0.05501558631658554,0.16504676640033722,,
2023-09-01,98.63481140136719,125.65179443359375,68.4659194946289,69.45584869384766,94.77133178710938,57.661869049072266,2.9584367275238037,16529.0,2.505568027496338,5388,129.48399353027344,134.60598754882812,63.94414138793945,121.31097412109375,152.525146484375,109.48888397216797,0.3340757191181183,0.0,1.4105418920516968,0.09279881417751312,0.055679287761449814,0.7795100212097168,0.25983667373657227,0.16703785955905914,0.030249863862991333,0.1875491589307785,0.10889951139688492,0.10889951139688492,0.30854859948158264,0.05444975569844246,0.01814991794526577,1.0829451084136963,0.03629983589053154,0.45374795794487,0.03629983589053154,0.12704943120479584,0.0967995673418045,0.04839978367090225,0.5565974712371826,1.1797447204589844,0.11494947969913483,0.0967995673418045,0.0967995673418045,0.4597979187965393,0.19964909553527832,0.13914936780929565,0.272248774766922,0.5021477341651917,0.090749591588974,0.060499727725982666,0.07864964753389359,0.060499727725982666,0.012099945917725563,0.06654970347881317,0.1875491589307785,0.012099945917725563,1.9057414531707764,0.24804888665676117,0.13309940695762634,0.024199891835451126,0.030249863862991333,0.387198269367218,0.21779902279376984,1.657692551612854,2.2203400135040283,0.04234980791807175,0.15124931931495667,0.11494947969913483,0.03711952641606331,0.20415738224983215,0.07423905283212662,0.11135857552289963,0.24127690494060516,0.03711952641606331,0.0,0.7795100212097168,0.018559763208031654,0.5196733474731445,0.03711952641606331,0.25983667373657227,0.16703785955905914,0.0,0.6124721765518188,0.6310319304466248,0.09279881417751312,0.07423905283212662,0.07423905283212662,0.3711952567100525,0.22271715104579926,0.18559762835502625,0.22271715104579926,0.4083147644996643,0.09279881417751312,0.11135857552289963,0.055679287761449814,0.03711952641606331,0.03711952641606331,0.11135857552289963,0.09279881417751312,0.0,1.6332590579986572,0.22271715104579926,0.14847810566425323,0.055679287761449814,0.07423905283212662,0.4825538098812103,0.18559762835502625,1.3548626899719238,2.505568027496338,0.07423905283212662,0.07423905283212662,0.11135857552289963,,
2023-10-01,197.8870086669922,205.04005432128906,221.80393981933594,138.62757873535156,167.76121520996094,144.29708862304688,5.935391426086426,16747.0,5.000886917114258,5639,211.14279174804688,235.431640625,86.14942169189453,172.8540496826172,245.96556091308594,209.73927307128906,1.010817527770996,0.01773364096879959,1.9861677885055542,0.31920552253723145,0.28373825550079346,1.4186912775039673,0.6029437780380249,1.4186912775039673,0.035827312618494034,0.20899266004562378,0.3463306725025177,0.08956827968358994,0.5672658085823059,0.0537409670650959,0.005971218924969435,1.0389920473098755,0.0537409670650959,0.7941721081733704,0.06568340957164764,1.6361138820648193,0.14928047358989716,0.08359706401824951,0.8598554730415344,2.2332358360290527,0.13733802735805511,0.10151071846485138,0.07165462523698807,0.22093509137630463,4.335104942321777,0.2388487458229065,0.24481996893882751,0.2687048316001892,0.15525168180465698,0.017913656309247017,0.11942437291145325,0.20899266004562378,0.035827312618494034,0.06568340957164764,0.11942437291145325,0.029856093227863312,1.8391354084014893,0.7941721081733704,0.16719412803649902,0.07165462523698807,0.08359706401824951,0.4060428738594055,0.2627336382865906,1.7077685594558716,4.424673080444336,0.09553950279951096,0.04776975139975548,0.06568340957164764,0.01773364096879959,0.1773364096879959,0.2305373251438141,0.08866820484399796,0.28373825550079346,0.07093456387519836,0.01773364096879959,0.9753502607345581,0.05320092290639877,0.47880831360816956,0.05320092290639877,1.507359504699707,0.12413548678159714,0.03546728193759918,0.6384110450744629,0.7980138063430786,0.07093456387519836,0.12413548678159714,0.14186912775039673,0.26600462198257446,3.582195520401001,0.14186912775039673,0.1950700432062149,0.31920552253723145,0.2305373251438141,0.03546728193759918,0.07093456387519836,0.28373825550079346,0.08866820484399796,0.07093456387519836,0.14186912775039673,0.03546728193759918,1.7378968000411987,0.8334811329841614,0.1773364096879959,0.01773364096879959,0.05320092290639877,0.4078737497329712,0.31920552253723145,1.8088313341140747,4.965419292449951,0.07093456387519836,0.03546728193759918,0.01773364096879959,,
2023-11-01,156.69613647460938,143.49435424804688,189.5543975830078,138.68270874023438,145.2711181640625,166.36715698242188,4.699918746948242,15979.0,5.002875328063965,5217,184.2906494140625,192.39199829101562,85.74678802490234,164.69798278808594,206.08941650390625,157.89102172851562,0.7475560903549194,0.0,1.6101207733154297,0.3833620846271515,0.30668967962265015,2.1084914207458496,0.47920259833335876,1.322599172592163,0.03754928335547447,0.1501971334218979,0.18148820102214813,0.08135677874088287,0.40678390860557556,0.06884035468101501,0.006258213892579079,0.9199574589729309,0.03129107132554054,0.3254271149635315,0.03754928335547447,1.20783531665802,0.10638963431119919,0.05632392689585686,0.5632392764091492,1.4456473588943481,0.12516428530216217,0.06884035468101501,0.2565867602825165,0.25032857060432434,3.1854307651519775,0.09387321025133133,0.31916889548301697,0.27536141872406006,0.08135677874088287,0.03754928335547447,0.07509856671094894,0.07509856671094894,0.006258213892579079,0.12516428530216217,0.14393891394138336,0.0,1.2704174518585205,0.29413604736328125,0.03754928335547447,0.2816196382045746,0.025032855570316315,0.22529570758342743,0.33794355392456055,1.2203516960144043,3.72989559173584,0.03129107132554054,0.11264785379171371,0.05632392689585686,0.03833620995283127,0.15334483981132507,0.13417673110961914,0.019168104976415634,0.2875215709209442,0.03833620995283127,0.0,0.8242284655570984,0.03833620995283127,0.2683534622192383,0.07667241990566254,1.4759440422058105,0.11500862240791321,0.057504311203956604,0.8433966040611267,0.9584051966667175,0.057504311203956604,0.057504311203956604,0.30668967962265015,0.36419397592544556,3.7186121940612793,0.09584052115678787,0.2875215709209442,0.3450258672237396,0.03833620995283127,0.057504311203956604,0.11500862240791321,0.09584052115678787,0.019168104976415634,0.19168104231357574,0.11500862240791321,0.0,1.2075905799865723,0.3833620846271515,0.019168104976415634,0.24918535351753235,0.0,0.21084915101528168,0.3258577585220337,1.2075905799865723,5.002875328063965,0.0,0.23001724481582642,0.0,,
2023-12-01,142.2794647216797,136.1783905029297,173.96380615234375,125.21025085449219,136.24530029296875,148.49839782714844,4.267507553100586,15536.0,4.516866683959961,5247,174.1712646484375,170.30873107910156,81.9659194946289,141.906005859375,221.62588500976562,151.10791015625,0.6670478582382202,0.13340957462787628,1.6390318870544434,0.228702113032341,0.20964360237121582,1.829616904258728,0.6479893326759338,0.9719839692115784,0.05792997032403946,0.12873326241970062,0.18666324019432068,0.07723996043205261,0.25746652483940125,0.05149330571293831,0.012873326428234577,0.7015963196754456,0.05149330571293831,0.5149330496788025,0.11585994064807892,0.9204428195953369,0.17378990352153778,0.038619980216026306,0.6951596140861511,1.6091657876968384,0.10942327231168747,0.20597322285175323,0.05149330571293831,0.22528322041034698,2.45236873626709,0.25746652483940125,0.18022656440734863,0.15447992086410522,0.11585994064807892,0.025746652856469154,0.19953656196594238,0.36045312881469727,0.032183315604925156,0.032183315604925156,0.2124098837375641,0.012873326428234577,1.4997425079345703,0.276776522397995,0.12229660153388977,0.032183315604925156,0.006436663214117289,0.2124098837375641,0.17378990352153778,1.3516992330551147,3.424304723739624,0.11585994064807892,0.06436663120985031,0.11585994064807892,0.05717552825808525,0.15246807038784027,0.17152658104896545,0.03811701759696007,0.228702113032341,0.0,0.0,0.7623403668403625,0.03811701759696007,0.3239946663379669,0.05717552825808525,0.8957499265670776,0.17152658104896545,0.03811701759696007,0.9529255032539368,1.2006860971450806,0.05717552825808525,0.228702113032341,0.09529254585504532,0.2477606236934662,2.7444252967834473,0.228702113032341,0.15246807038784027,0.26681914925575256,0.20964360237121582,0.03811701759696007,0.13340957462787628,0.4764627516269684,0.07623403519392014,0.07623403519392014,0.28587764501571655,0.03811701759696007,1.6771488189697266,0.40022870898246765,0.13340957462787628,0.03811701759696007,0.0,0.20964360237121582,0.19058509171009064,1.524680733680725,4.478749752044678,0.09529254585504532,0.07623403519392014,0.07623403519392014,,
2024-01-01,160.3736572265625,140.83609008789062,208.4711456298828,119.98468780517578,127.46756744384766,137.39398193359375,4.8102216720581055,15966.0,4.328358173370361,6030,157.05303955078125,161.5256805419922,76.9190673828125,131.33718872070312,190.69288635253906,157.64732360839844,0.8291873931884766,0.11608623713254929,1.3764511346817017,0.2985074520111084,0.1824212223291397,1.9734660387039185,0.49751242995262146,0.8126036524772644,0.02505323849618435,0.31316548585891724,0.1753726601600647,0.05636978521943092,0.3820618689060211,0.18163597583770752,0.012526619248092175,0.970812976360321,0.0501064769923687,0.5386446118354797,0.13779281079769135,1.0146561861038208,0.031316548585891724,0.08142302185297012,0.6325942873954773,1.8789929151535034,0.08142302185297012,0.0751597136259079,0.05636978521943092,0.2755856215953827,2.780909538269043,0.11900287866592407,0.2505323886871338,0.34448203444480896,0.14405612647533417,0.03757985681295395,0.34448203444480896,0.1503194272518158,0.03757985681295395,0.012526619248092175,0.10647626221179962,0.031316548585891724,1.5533007383346558,0.563697874546051,0.1252661943435669,0.05636978521943092,0.006263309624046087,0.34448203444480896,0.26305899024009705,1.490667700767517,3.851935386657715,0.0751597136259079,0.09394964575767517,0.31942877173423767,0.0,0.1824212223291397,0.13266998529434204,0.03316749632358551,0.13266998529434204,0.1824212223291397,0.0,0.7960199117660522,0.06633499264717102,0.3980099558830261,0.06633499264717102,0.9784411191940308,0.03316749632358551,0.049751244485378265,0.7296848893165588,0.8291873931884766,0.049751244485378265,0.049751244485378265,0.03316749632358551,0.23217247426509857,2.4378108978271484,0.13266998529434204,0.31509122252464294,0.3980099558830261,0.23217247426509857,0.03316749632358551,0.21558871865272522,0.13266998529434204,0.03316749632358551,0.0,0.13266998529434204,0.08291874080896378,1.393034815788269,0.447761207818985,0.016583748161792755,0.016583748161792755,0.016583748161792755,0.2985074520111084,0.31509122252464294,1.4427860975265503,4.04643440246582,0.09950248897075653,0.13266998529434204,0.1492537260055542,,
2024-02-01,146.59817504882812,140.2446746826172,171.18118286132812,109.94950103759766,127.36165618896484,122.77851104736328,4.397042274475098,15283.0,3.966346263885498,5824,149.7380828857422,149.2347869873047,73.84532928466797,133.2223663330078,195.2069091796875,152.05386352539062,0.6524725556373596,0.10302197933197021,1.6998625993728638,0.2918955981731415,0.12019230425357819,1.6140109300613403,0.6868131756782532,0.4464285671710968,0.08506183326244354,0.2159261852502823,0.2159261852502823,0.08506183326244354,0.26827192306518555,0.0458025261759758,0.013086436316370964,0.7720997333526611,0.026172872632741928,0.7066675424575806,0.08506183326244354,0.9225937128067017,0.12432114034891129,0.08506183326244354,0.752470076084137,1.6488909721374512,0.06543217599391937,0.13086435198783875,0.06543217599391937,0.2159261852502823,2.2377805709838867,0.22246940433979034,0.14395079016685486,0.15703722834587097,0.17666688561439514,0.052345745265483856,0.18975332379341125,0.06543217599391937,0.03925930708646774,0.01962965354323387,0.20283976197242737,0.01962965354323387,1.720866322517395,0.28135836124420166,0.10469149053096771,0.0458025261759758,0.0,0.24864228069782257,0.1962965428829193,1.5114833116531372,3.395930051803589,0.07851861417293549,0.032716087996959686,0.12432114034891129,0.12019230425357819,0.13736264407634735,0.15453296899795532,0.13736264407634735,0.12019230425357819,0.05151098966598511,0.03434066101908684,0.6696428656578064,0.03434066101908684,0.5494505763053894,0.03434066101908684,0.8070054650306702,0.13736264407634735,0.15453296899795532,0.7211538553237915,0.7383241653442383,0.01717033050954342,0.10302197933197021,0.03434066101908684,0.2747252881526947,2.3008241653442383,0.08585164695978165,0.12019230425357819,0.15453296899795532,0.15453296899795532,0.01717033050954342,0.08585164695978165,0.03434066101908684,0.06868132203817368,0.0,0.12019230425357819,0.0,1.6483516693115234,0.2918955981731415,0.12019230425357819,0.08585164695978165,0.0,0.2747252881526947,0.20604395866394043,1.5625,3.7603023052215576,0.13736264407634735,0.01717033050954342,0.15453296899795532,,
2024-03-01,133.21316528320312,121.53968048095703,151.81399536132812,96.97405242919922,103.33340454101562,104.908203125,3.9955742359161377,16268.0,3.4982666969299316,6346,134.69544982910156,131.8186798095703,67.77106475830078,118.06404876708984,155.60446166992188,134.07913208007812,0.40970689058303833,0.047273874282836914,1.2921525239944458,0.2836432456970215,0.17333753407001495,1.5915536880493164,0.3466750681400299,0.47273874282836914,0.012294074520468712,0.15367592871189117,0.36267518997192383,0.07376444339752197,0.2397344410419464,0.05532333254814148,0.012294074520468712,0.8790262937545776,0.036882221698760986,0.6577329635620117,0.06147037073969841,0.6577329635620117,0.20899926126003265,0.09220555424690247,0.7683796286582947,1.3892303705215454,0.05532333254814148,0.12294074147939682,0.036882221698760986,0.2397344410419464,1.8871403932571411,0.25202852487564087,0.1413818597793579,0.27046963572502136,0.12908777594566345,0.030735185369849205,0.09220555424690247,0.08605851978063583,0.012294074520468712,0.04302925989031792,0.22129333019256592,0.006147037260234356,1.5797885656356812,0.1967051923274994,0.12908777594566345,0.012294074520468712,0.024588149040937424,0.23358741402626038,0.18441110849380493,1.4814358949661255,2.9444308280944824,0.07376444339752197,0.036882221698760986,0.11679370701313019,0.015757957473397255,0.12606365978717804,0.20485344529151917,0.07878978550434113,0.12606365978717804,0.03151591494679451,0.03151591494679451,0.7563819885253906,0.047273874282836914,0.47273874282836914,0.047273874282836914,0.6933501362800598,0.11030570417642593,0.07878978550434113,0.6933501362800598,0.567286491394043,0.0,0.03151591494679451,0.06303182989358902,0.20485344529151917,1.9697446823120117,0.20485344529151917,0.17333753407001495,0.2521273195743561,0.15757957100868225,0.047273874282836914,0.015757957473397255,0.06303182989358902,0.03151591494679451,0.06303182989358902,0.22061140835285187,0.0,1.3236684799194336,0.15757957100868225,0.03151591494679451,0.0,0.0,0.299401193857193,0.18909549713134766,1.3236684799194336,3.356445074081421,0.09454774856567383,0.03151591494679451,0.11030570417642593,,
2024-04-01,163.9473419189453,170.697998046875,165.99069213867188,112.007080078125,120.65666961669922,119.7195816040039,4.917410373687744,15801.0,4.040572166442871,6014,146.9248809814453,154.10948181152344,76.60172271728516,138.2287139892578,164.73463439941406,148.76173400878906,0.7149983644485474,0.01662786863744259,1.413368821144104,0.1662786900997162,0.1662786900997162,1.4299967288970947,0.7316262125968933,0.5819754004478455,0.04430099204182625,0.31010696291923523,0.2404911071062088,0.09493070095777512,0.46832478046417236,0.05062970519065857,0.006328713148832321,1.044237732887268,0.05062970519065857,0.7214733362197876,0.031643565744161606,0.6961584687232971,0.17087526619434357,0.07594455778598785,0.8227327466011047,1.999873399734497,0.1202455535531044,0.05062970519065857,0.08227327466011047,0.24681982398033142,2.911208152770996,0.18986140191555023,0.28479209542274475,0.2658059597015381,0.12657426297664642,0.018986139446496964,0.1202455535531044,0.06961584836244583,0.025314852595329285,0.07594455778598785,0.32276439666748047,0.025314852595329285,1.8289982080459595,0.3923802375793457,0.13290297985076904,0.05695842206478119,0.0,0.25314852595329285,0.3037782311439514,1.6707803010940552,4.018733024597168,0.04430099204182625,0.07594455778598785,0.13923169672489166,0.04988360404968262,0.28267374634742737,0.11639507859945297,0.0831393450498581,0.2660458981990814,0.03325573727488518,0.0,0.6318590044975281,0.0831393450498581,0.6152311563491821,0.04988360404968262,0.44895243644714355,0.11639507859945297,0.03325573727488518,0.7981376647949219,1.014299988746643,0.03325573727488518,0.01662786863744259,0.09976720809936523,0.1662786900997162,2.3611574172973633,0.1662786900997162,0.2660458981990814,0.2993016242980957,0.14965081214904785,0.01662786863744259,0.1330229490995407,0.01662786863744259,0.06651147454977036,0.09976720809936523,0.2161622941493988,0.03325573727488518,1.5630196332931519,0.2993016242980957,0.14965081214904785,0.04988360404968262,0.0,0.2660458981990814,0.2993016242980957,1.5131360292434692,3.8410375118255615,0.03325573727488518,0.06651147454977036,0.14965081214904785,,
2024-05-01,130.52186584472656,131.44712829589844,133.154296875,107.46190643310547,128.56805419921875,102.50153350830078,3.9148519039154053,16348.0,3.876608371734619,6062,153.60836791992188,146.35467529296875,74.05322265625,128.2710723876953,176.2903289794922,135.78610229492188,0.5608710050582886,0.0329924114048481,1.5011547803878784,0.428901344537735,0.1319696456193924,1.2372153997421265,0.6433520317077637,0.3959089517593384,0.07340347766876221,0.21409346163272858,0.22021041810512543,0.048935648053884506,0.2813799977302551,0.08563738316297531,0.018350869417190552,0.9358943104743958,0.030584780499339104,0.47712257504463196,0.024467824026942253,0.7095668911933899,0.16515782475471497,0.042818691581487656,0.6361634731292725,1.2539759874343872,0.07340347766876221,0.06728652119636536,0.042818691581487656,0.1345730423927307,1.7494494915008545,0.14680695533752441,0.17739172279834747,0.2630291283130646,0.06116956099867821,0.024467824026942253,0.12845608592033386,0.12845608592033386,0.012233912013471127,0.018350869417190552,0.18350867927074432,0.012233912013471127,1.7188646793365479,0.2569121718406677,0.11622216552495956,0.012233912013471127,0.006116956006735563,0.17739172279834747,0.22632737457752228,1.5292390584945679,3.1074137687683105,0.06728652119636536,0.09175433963537216,0.18350867927074432,0.0824810266494751,0.1814582645893097,0.1814582645893097,0.0329924114048481,0.0824810266494751,0.0659848228096962,0.01649620570242405,0.85780268907547,0.0659848228096962,0.5608710050582886,0.0329924114048481,0.85780268907547,0.1979544758796692,0.0494886189699173,0.824810266494751,0.6103596091270447,0.01649620570242405,0.0494886189699173,0.0329924114048481,0.1319696456193924,1.798086404800415,0.2474430948495865,0.1484658569097519,0.1814582645893097,0.0989772379398346,0.01649620570242405,0.1319696456193924,0.1319696456193924,0.01649620570242405,0.0329924114048481,0.1814582645893097,0.01649620570242405,1.732101559638977,0.3299241065979004,0.0824810266494751,0.01649620570242405,0.01649620570242405,0.2144506722688675,0.2474430948495865,1.5341471433639526,3.744638681411743,0.0659848228096962,0.0989772379398346,0.1979544758796692,,
2024-06-01,113.0927963256836,125.71302795410156,109.73841094970703,86.77111053466797,100.23368072509766,89.49873352050781,3.39208722114563,15772.0,3.1302032470703125,6006,132.48052978515625,124.53812408447266,64.0286865234375,105.51778411865234,166.57656860351562,131.13595581054688,0.46620047092437744,0.049950048327445984,1.132201075553894,0.39960038661956787,0.16650016605854034,1.132201075553894,0.39960038661956787,0.5161505341529846,0.044382449239492416,0.13948769867420197,0.2662946879863739,0.0760841965675354,0.24093329906463623,0.17752979695796967,0.012680700048804283,0.8939893245697021,0.0380420982837677,0.4501648545265198,0.0760841965675354,0.46918588876724243,0.1141263023018837,0.03170175105333328,0.7227998971939087,1.2236875295639038,0.044382449239492416,0.13314734399318695,0.0380420982837677,0.1902105063199997,1.5153436660766602,0.3360385596752167,0.2599543631076813,0.3423788845539093,0.06340350210666656,0.01902104914188385,0.12046664953231812,0.10778594762086868,0.025361400097608566,0.12046664953231812,0.13948769867420197,0.03170175105333328,1.4709612131118774,0.1521683931350708,0.10778594762086868,0.012680700048804283,0.05072280019521713,0.17118944227695465,0.18387015163898468,1.2680699825286865,2.6883084774017334,0.05706315115094185,0.10778594762086868,0.1141263023018837,0.016650017350912094,0.13320013880729675,0.19980019330978394,0.03330003470182419,0.08325008302927017,0.16650016605854034,0.016650017350912094,0.6826506853103638,0.08325008302927017,0.2664002776145935,0.016650017350912094,0.48285049200057983,0.16650016605854034,0.0,0.6993007063865662,0.5161505341529846,0.03330003470182419,0.08325008302927017,0.016650017350912094,0.09990009665489197,1.548451542854309,0.3330003321170807,0.19980019330978394,0.3330003321170807,0.08325008302927017,0.016650017350912094,0.14985014498233795,0.09990009665489197,0.049950048327445984,0.11655011773109436,0.19980019330978394,0.016650017350912094,1.2654012441635132,0.09990009665489197,0.03330003470182419,0.016650017350912094,0.08325008302927017,0.21645021438598633,0.2497502565383911,1.1155511140823364,3.0802531242370605,0.06660006940364838,0.11655011773109436,0.09990009665489197,,
2024-07-01,92.3948745727539,95.1602783203125,95.11029815673828,71.84403228759766,79.60328674316406,68.05451965332031,2.7712771892547607,16238.0,2.59171986579895,5942,113.28764343261719,111.8602066040039,66.03910064697266,111.7805404663086,155.79759216308594,107.05886840820312,0.4543924629688263,0.0,0.891955554485321,0.2524402439594269,0.08414675295352936,0.8751262426376343,0.4543924629688263,0.30292829871177673,0.018475182354450226,0.0739007294178009,0.1170094832777977,0.0739007294178009,0.16627663373947144,0.08005911856889725,0.03079196996986866,0.7328488826751709,0.05542554333806038,0.43108758330345154,0.03079196996986866,0.2771277129650116,0.1170094832777977,0.03079196996986866,0.4680379331111908,1.0654021501541138,0.08005911856889725,0.1601182371377945,0.03695036470890045,0.1601182371377945,1.07771897315979,0.14164306223392487,0.1601182371377945,0.190910205245018,0.043108757585287094,0.02463357523083687,0.0739007294178009,0.05542554333806038,0.012316787615418434,0.043108757585287094,0.1478014588356018,0.02463357523083687,0.9915013909339905,0.14164306223392487,0.08621751517057419,0.012316787615418434,0.0,0.1478014588356018,0.1478014588356018,0.8744919300079346,2.0938539505004883,0.09853430092334747,0.05542554333806038,0.05542554333806038,0.0,0.050488051027059555,0.11780545115470886,0.0336587019264698,0.050488051027059555,0.08414675295352936,0.0,0.47122180461883545,0.0673174038529396,0.3197576701641083,0.0336587019264698,0.3534163534641266,0.1346348077058792,0.0168293509632349,0.5385392308235168,0.5553685426712036,0.050488051027059555,0.15146414935588837,0.0336587019264698,0.21878156065940857,1.1612251996994019,0.16829350590705872,0.1346348077058792,0.20195220410823822,0.050488051027059555,0.0336587019264698,0.0673174038529396,0.050488051027059555,0.0168293509632349,0.0673174038529396,0.050488051027059555,0.0673174038529396,0.7404913902282715,0.18512284755706787,0.050488051027059555,0.0168293509632349,0.0,0.2524402439594269,0.10097610205411911,0.6563446521759033,2.473914623260498,0.10097610205411911,0.11780545115470886,0.11780545115470886,,
2024-08-01,140.97506713867188,124.80498504638672,165.17947387695312,105.30271911621094,100.7652587890625,122.45532989501953,4.228383541107178,15798.0,3.7987172603607178,6081,138.9059600830078,136.31777954101562,72.1440658569336,123.2090835571289,146.36056518554688,126.96995544433594,0.6577865481376648,0.03288932889699936,1.1840157508850098,0.14800196886062622,0.09866797924041748,1.4635751247406006,0.7893438339233398,0.5262292623519897,0.03797949105501175,0.17090770602226257,0.0759589821100235,0.14558805525302887,0.18989746272563934,0.1012786403298378,0.012659830041229725,0.6393214464187622,0.09494873136281967,0.4241043031215668,0.08228889852762222,0.7912393808364868,0.0506393201649189,0.08228889852762222,0.6519812345504761,1.5888086557388306,0.08861881494522095,0.044309407472610474,0.06329914927482605,0.2278769463300705,1.8799848556518555,0.13292822241783142,0.1012786403298378,0.17090770602226257,0.12026838958263397,0.03797949105501175,0.0506393201649189,0.1012786403298378,0.018989745527505875,0.06962906569242477,0.1265982985496521,0.018989745527505875,1.5508291721343994,0.2595265209674835,0.06962906569242477,0.0506393201649189,0.0063299150206148624,0.22154703736305237,0.13292822241783142,1.3356120586395264,3.2092669010162354,0.151917964220047,0.06962906569242477,0.06962906569242477,0.03288932889699936,0.11511264741420746,0.03288932889699936,0.18089130520820618,0.04933398962020874,0.09866797924041748,0.01644466444849968,0.5920078754425049,0.13155731558799744,0.3124486207962036,0.06577865779399872,0.9044564962387085,0.03288932889699936,0.11511264741420746,0.6906758546829224,0.805788516998291,0.04933398962020874,0.01644466444849968,0.06577865779399872,0.2466699630022049,1.9404703378677368,0.14800196886062622,0.0822233185172081,0.2466699630022049,0.11511264741420746,0.03288932889699936,0.01644466444849968,0.06577865779399872,0.03288932889699936,0.09866797924041748,0.09866797924041748,0.0,1.3813517093658447,0.21378062665462494,0.0,0.04933398962020874,0.0,0.1644466370344162,0.19733595848083496,1.1346818208694458,3.6507153511047363,0.18089130520820618,0.03288932889699936,0.03288932889699936,,
2024-09-01,130.35877990722656,134.03704833984375,135.5546112060547,95.69933319091797,102.59395599365234,100.67550659179688,3.9099602699279785,15371.0,3.452282190322876,6025,144.50344848632812,133.13722229003906,62.65443801879883,108.62565612792969,183.3033447265625,137.6503143310547,0.44813278317451477,0.0,1.1286307573318481,0.5477178692817688,0.11618257313966751,1.0788382291793823,0.680497944355011,0.4979253113269806,0.03252878785133362,0.08457484841346741,0.14963242411613464,0.1105978786945343,0.22770151495933533,0.026023030281066895,0.026023030281066895,0.7676793932914734,0.03903454542160034,0.494437575340271,0.01951727271080017,0.4684145450592041,0.07806909084320068,0.05855181813240051,0.787196695804596,1.6394509077072144,0.03252878785133362,0.1366209089756012,0.03903454542160034,0.16914969682693481,1.8476351499557495,0.12360939383506775,0.20818424224853516,0.2732418179512024,0.09758636355400085,0.026023030281066895,0.026023030281066895,0.03903454542160034,0.0,0.07806909084320068,0.11710363626480103,0.01951727271080017,1.4442782402038574,0.14963242411613464,0.05855181813240051,0.03252878785133362,0.0,0.2732418179512024,0.21468999981880188,1.3011515140533447,2.9731311798095703,0.07156333327293396,0.045540302991867065,0.07156333327293396,0.04979253187775612,0.08298755437135696,0.13278008997440338,0.13278008997440338,0.13278008997440338,0.033195022493600845,0.04979253187775612,0.6970954537391663,0.06639004498720169,0.44813278317451477,0.016597511246800423,0.3817427456378937,0.08298755437135696,0.09958506375551224,0.7634854912757874,0.863070547580719,0.016597511246800423,0.1825726181268692,0.016597511246800423,0.1825726181268692,1.6265560388565063,0.09958506375551224,0.16597510874271393,0.3817427456378937,0.14937759935855865,0.0,0.033195022493600845,0.06639004498720169,0.0,0.08298755437135696,0.14937759935855865,0.033195022493600845,1.2946058511734009,0.11618257313966751,0.033195022493600845,0.033195022493600845,0.0,0.2987551987171173,0.16597510874271393,1.2614108324050903,3.3029046058654785,0.08298755437135696,0.04979253187775612,0.033195022493600845,,
2024-10-01,130.689208984375,128.40969848632812,142.81838989257812,90.8945541381836,103.3158950805664,94.78986358642578,3.9198713302612305,16174.0,3.2789533138275146,6191,143.65562438964844,147.1629638671875,63.50979995727539,113.2298355102539,177.3390655517578,143.30999755859375,0.7268615961074829,0.016152478754520416,1.0337586402893066,0.5653367638587952,0.04845743998885155,1.1629785299301147,0.6784041523933411,0.37150701880455017,0.043279338628053665,0.11128972470760345,0.1978483945131302,0.08655867725610733,0.2225794494152069,0.06801038980484009,0.0,0.9768764972686768,0.006182762328535318,0.5502658486366272,0.04946209862828255,0.27204155921936035,0.0989241972565651,0.11128972470760345,0.6491900682449341,1.4529491662979126,0.10510696470737457,0.08037590980529785,0.14220353960990906,0.26585879921913147,2.095956563949585,0.26585879921913147,0.21639668941497803,0.3956967890262604,0.1298380047082901,0.043279338628053665,0.10510696470737457,0.10510696470737457,0.006182762328535318,0.037096574902534485,0.18548287451267242,0.006182762328535318,1.3663904666900635,0.30295535922050476,0.0989241972565651,0.037096574902534485,0.012365524657070637,0.27822431921958923,0.30913811922073364,1.1005316972732544,3.0295536518096924,0.043279338628053665,0.043279338628053665,0.15456905961036682,0.0,0.11306735873222351,0.24228718876838684,0.04845743998885155,0.12921983003616333,0.04845743998885155,0.0,0.7268615961074829,0.0,0.5007268786430359,0.06460991501808167,0.209982231259346,0.016152478754520416,0.17767727375030518,0.6460991501808167,0.6784041523933411,0.03230495750904083,0.06460991501808167,0.11306735873222351,0.08076239377260208,1.7444677352905273,0.1938297599554062,0.25843966007232666,0.419964462518692,0.08076239377260208,0.0,0.08076239377260208,0.06460991501808167,0.016152478754520416,0.0969148799777031,0.209982231259346,0.0,1.2437409162521362,0.2907446324825287,0.14537231624126434,0.016152478754520416,0.0,0.2907446324825287,0.3876595199108124,1.0337586402893066,3.149733543395996,0.04845743998885155,0.04845743998885155,0.06460991501808167,,
2024-11-01,128.90164184570312,139.14866638183594,127.42887115478516,94.9615707397461,123.34115600585938,88.91343688964844,3.866255283355713,15881.0,3.4256680011749268,6101,129.23631286621094,135.67994689941406,69.46348571777344,112.61186981201172,159.19107055664062,139.0305633544922,0.8359285593032837,0.04917226731777191,1.1637436151504517,0.7048025131225586,0.032781511545181274,1.1965252161026,0.6064579486846924,0.3114243447780609,0.05037466064095497,0.11334298551082611,0.20149864256381989,0.21409231424331665,0.32743531465530396,0.056671492755413055,0.025187330320477486,1.007493257522583,0.03148416429758072,0.6989484429359436,0.05037466064095497,0.20779548585414886,0.12593665719032288,0.13853031396865845,0.6863547563552856,1.5175366401672363,0.06926515698432922,0.16371765732765198,0.025187330320477486,0.18260814249515533,1.4104905128479004,0.25187331438064575,0.1952018141746521,0.8500723838806152,0.1511239856481552,0.006296832580119371,0.10704615712165833,0.1196398213505745,0.10074932128190994,0.03148416429758072,0.13223348557949066,0.012593665160238743,1.9709086418151855,0.21409231424331665,0.14482715725898743,0.025187330320477486,0.0,0.2770606279373169,0.18890498578548431,1.7883005142211914,3.167306900024414,0.0755619928240776,0.09445249289274216,0.09445249289274216,0.032781511545181274,0.06556302309036255,0.21307982504367828,0.24586133658885956,0.1311260461807251,0.04917226731777191,0.032781511545181274,0.8523193001747131,0.04917226731777191,0.5408949255943298,0.04917226731777191,0.2622520923614502,0.06556302309036255,0.09834453463554382,0.6064579486846924,0.6884117126464844,0.09834453463554382,0.09834453463554382,0.016390755772590637,0.11473529040813446,1.3768234252929688,0.2622520923614502,0.16390755772590637,0.885100781917572,0.09834453463554382,0.0,0.06556302309036255,0.04917226731777191,0.180298313498497,0.04917226731777191,0.1311260461807251,0.0,1.7865923643112183,0.19668906927108765,0.08195377886295319,0.016390755772590637,0.0,0.29503360390663147,0.19668906927108765,1.7046386003494263,3.376495599746704,0.1311260461807251,0.08195377886295319,0.08195377886295319,,
2024-12-01,142.36643981933594,128.26246643066406,164.81373596191406,116.5214614868164,113.4325942993164,124.54480743408203,4.270116329193115,14379.0,4.20342493057251,5781,154.3426513671875,144.0972442626953,76.29519653320312,115.33268737792969,171.37417602539062,141.3600616455078,0.4843452572822571,0.03459608927369118,1.5568240880966187,0.3113648295402527,0.10378827154636383,1.0724787712097168,1.453035831451416,0.38055700063705444,0.0278183463960886,0.1112733855843544,0.1599554866552353,0.09040962159633636,0.30600181221961975,0.0556366927921772,0.00695458659902215,0.8415049910545349,0.0278183463960886,0.5355031490325928,0.06954586505889893,0.25731968879699707,0.06259127706289291,0.11822797358036041,0.5494123101234436,1.5300090312957764,0.06259127706289291,0.06954586505889893,0.020863760262727737,0.19472841918468475,1.613464117050171,0.15300090610980988,0.20863759517669678,0.5355031490325928,0.1599554866552353,0.0278183463960886,0.09736420959234238,0.09736420959234238,0.041727520525455475,0.03477293252944946,0.08345504105091095,0.020863760262727737,2.295013666152954,0.3407747447490692,0.10431879758834839,0.0139091731980443,0.0139091731980443,1.1961889266967773,0.18081924319267273,1.543918251991272,3.2895195484161377,0.041727520525455475,0.0278183463960886,0.10431879758834839,0.01729804463684559,0.06919217854738235,0.10378827154636383,0.10378827154636383,0.08649022877216339,0.051894135773181915,0.0,0.7957100868225098,0.06919217854738235,0.4497491717338562,0.03459608927369118,0.2767687141895294,0.03459608927369118,0.06919217854738235,0.726517915725708,1.037882685661316,0.0,0.06919217854738235,0.051894135773181915,0.20757654309272766,1.7989966869354248,0.17298045754432678,0.15568241477012634,0.4497491717338562,0.1383843570947647,0.03459608927369118,0.08649022877216339,0.06919217854738235,0.10378827154636383,0.03459608927369118,0.10378827154636383,0.03459608927369118,2.248745918273926,0.29406675696372986,0.03459608927369118,0.01729804463684559,0.01729804463684559,1.1935651302337646,0.19027850031852722,1.5395259857177734,4.030444622039795,0.01729804463684559,0.051894135773181915,0.1383843570947647,,
2025-01-01,113.233154296875,117.08644104003906,109.50493621826172,100.89180755615234,112.78963470458984,99.38928985595703,3.3962972164154053,15988.0,3.639596939086914,8435,163.71131896972656,106.14788818359375,76.3874282836914,87.7712173461914,220.27207946777344,158.3597412109375,0.30823948979377747,0.07113219052553177,1.6241849660873413,0.13040901720523834,0.15411974489688873,1.114404320716858,0.557202160358429,0.5927682518959045,0.031273454427719116,0.08131098002195358,0.12509381771087646,0.1876407265663147,0.3440079987049103,0.1125844419002533,0.037528146058321,0.8568926453590393,0.23767825961112976,0.5316487550735474,0.17513135075569153,0.31273454427719116,0.0,0.10007505863904953,0.6254690885543823,1.3009756803512573,0.10007505863904953,0.06880160421133041,0.04378283768892288,0.23767825961112976,1.0257693529129028,0.13760320842266083,0.13760320842266083,0.35026270151138306,0.3440079987049103,0.006254691164940596,0.08756567537784576,0.08131098002195358,0.025018764659762383,0.037528146058321,0.16262196004390717,0.0187640730291605,1.1258443593978882,0.24393294751644135,0.08131098002195358,0.025018764659762383,0.0187640730291605,0.20640480518341064,0.15636727213859558,0.8006004691123962,2.745809316635132,0.10632974654436111,0.006254691164940596,0.08131098002195358,0.02371072955429554,0.08298755437135696,0.11855364590883255,0.13040901720523834,0.16597510874271393,0.11855364590883255,0.01185536477714777,0.5097807049751282,0.17783047258853912,0.30823948979377747,0.11855364590883255,0.30823948979377747,0.07113219052553177,0.08298755437135696,0.5216360688209534,0.4505038559436798,0.07113219052553177,0.01185536477714777,0.035566095262765884,0.20154120028018951,0.9128630757331848,0.13040901720523834,0.17783047258853912,0.2845287621021271,0.30823948979377747,0.0,0.07113219052553177,0.02371072955429554,0.035566095262765884,0.04742145910859108,0.11855364590883255,0.0,0.8535862565040588,0.2252519279718399,0.01185536477714777,0.02371072955429554,0.01185536477714777,0.14226438105106354,0.15411974489688873,0.5690575242042542,2.3236515522003174,0.09484291821718216,0.0,0.04742145910859108,,
2025-02-01,136.97137451171875,138.75831604003906,140.77767944335938,94.48998260498047,107.73393249511719,98.21373748779297,4.108297348022461,14848.0,3.4086556434631348,7833,153.842529296875,111.03356170654297,80.25428771972656,102.72628021240234,206.5141143798828,173.12008666992188,0.39576151967048645,0.10213200747966766,1.1872845888137817,0.2808630168437958,0.24256351590156555,1.2894165515899658,0.37022852897644043,0.38299500942230225,0.04714439809322357,0.18184266984462738,0.4445043206214905,0.04714439809322357,0.6465517282485962,0.05387930944561958,0.013469827361404896,1.1045258045196533,0.09428879618644714,1.1449353694915771,0.22898706793785095,0.3771551847457886,0.0,0.1885775923728943,1.0304417610168457,1.7645474672317505,0.06061422452330589,0.08755388110876083,0.05387930944561958,0.20878233015537262,0.9967672228813171,0.2020474076271057,0.17510776221752167,0.3300107717514038,0.4579741358757019,0.006734913680702448,0.10775861889123917,0.08755388110876083,0.0,0.006734913680702448,0.3973599076271057,0.02020474150776863,1.953125,0.6869612336158752,0.14143319427967072,0.10102370381355286,0.006734913680702448,0.28960129618644714,0.14143319427967072,1.7578125,3.535829782485962,0.10102370381355286,0.06061422452330589,0.07408405095338821,0.0,0.11489850282669067,0.1659645140171051,0.012766500934958458,0.2680965065956116,0.07659900188446045,0.0,0.5106600522994995,0.07659900188446045,0.5744925141334534,0.05106600373983383,0.2680965065956116,0.08936550468206406,0.1404315084218979,0.5234265327453613,0.4340610206127167,0.012766500934958458,0.07659900188446045,0.038299500942230225,0.1404315084218979,0.6638580560684204,0.07659900188446045,0.1404315084218979,0.19149750471115112,0.19149750471115112,0.0,0.038299500942230225,0.05106600373983383,0.0,0.012766500934958458,0.20426401495933533,0.012766500934958458,0.9957870841026306,0.5234265327453613,0.07659900188446045,0.038299500942230225,0.0,0.19149750471115112,0.08936550468206406,0.9064215421676636,2.2213711738586426,0.06383250653743744,0.012766500934958458,0.0,,
2025-03-01,173.91439819335938,193.69613647460938,158.2345733642578,119.587890625,143.99075317382812,120.6701431274414,5.216360569000244,16870.0,4.314043998718262,8623,164.9897918701172,129.84271240234375,96.29220581054688,119.5628662109375,224.88705444335938,197.11257934570312,0.6610228419303894,0.05798446014523506,1.8091151714324951,0.3595036566257477,0.15075959265232086,1.8439058065414429,0.6146352887153625,0.3595036566257477,0.02371072955429554,0.17190279066562653,0.39122703671455383,0.09484291821718216,0.9484291672706604,0.08298755437135696,0.005927682388573885,1.0788382291793823,0.04742145910859108,0.9365738034248352,0.16597510874271393,0.432720810174942,0.0,0.16597510874271393,1.3159455060958862,2.5133373737335205,0.13040901720523834,0.13633669912815094,0.05334914103150368,0.2430349737405777,1.1973918676376343,0.39122703671455383,0.2904564440250397,0.38529935479164124,0.4267931282520294,0.029638411477208138,0.10669828206300735,0.16004742681980133,0.035566095262765884,0.02371072955429554,0.38529935479164124,0.035566095262765884,2.4599881172180176,0.7943094372749329,0.14226438105106354,0.09484291821718216,0.01185536477714777,0.33787789940834045,0.16597510874271393,2.234736204147339,4.457617282867432,0.18375815451145172,0.07113219052553177,0.08298755437135696,0.0,0.10437203198671341,0.22034095227718353,0.04638756811618805,0.31311607360839844,0.04638756811618805,0.0,0.6494259834289551,0.0,0.5334570407867432,0.04638756811618805,0.33630988001823425,0.06958135217428207,0.05798446014523506,0.7074103951454163,0.8465731143951416,0.03479067608714104,0.08117824792861938,0.023193784058094025,0.13916270434856415,0.8929606676101685,0.15075959265232086,0.10437203198671341,0.3595036566257477,0.17395338416099548,0.03479067608714104,0.04638756811618805,0.05798446014523506,0.04638756811618805,0.011596892029047012,0.1971471607685089,0.04638756811618805,1.4380146265029907,0.57984459400177,0.08117824792861938,0.05798446014523506,0.0,0.1855502724647522,0.11596892029047012,1.3220456838607788,2.957207441329956,0.17395338416099548,0.05798446014523506,0.023193784058094025,,
2025-04-01,140.97369384765625,159.25746154785156,132.05572509765625,111.29067993164062,144.28756713867188,106.60722351074219,4.228342533111572,16484.0,4.014728546142578,8419,161.7966766357422,115.62149047851562,88.55782318115234,116.3294448852539,230.72210693359375,174.6869659423828,0.5820168852806091,0.04751158133149147,1.9479748010635376,0.4632379114627838,0.11877895146608353,1.23530113697052,0.5226274132728577,0.4751158058643341,0.04246542230248451,0.0970638170838356,0.26692551374435425,0.10313031077384949,0.3943217694759369,0.08493084460496902,0.01213297713547945,1.055569052696228,0.030332444235682487,0.6127153635025024,0.07886435091495514,0.2426595538854599,0.0,0.07886435091495514,0.7643775939941406,1.5105557441711426,0.06673137843608856,0.12132977694272995,0.07886435091495514,0.4246542155742645,1.122300386428833,0.40645474195480347,0.32152390480041504,0.31545740365982056,0.22446008026599884,0.05459839850664139,0.07886435091495514,0.12132977694272995,0.0242659542709589,0.05459839850664139,0.10919679701328278,0.01213297713547945,1.522688627243042,0.26085901260375977,0.08493084460496902,0.07886435091495514,0.0,0.27299198508262634,0.12739625573158264,1.2921620607376099,3.5185635089874268,0.17592817544937134,0.16379518806934357,0.11526328325271606,0.03563368692994118,0.04751158133149147,0.21380211412906647,0.11877895146608353,0.19004632532596588,0.04751158133149147,0.0,0.6889179348945618,0.03563368692994118,0.36821475625038147,0.07126737385988235,0.11877895146608353,0.07126737385988235,0.08314526826143265,0.6414063572883606,0.6057726740837097,0.011877895332872868,0.154412642121315,0.04751158133149147,0.39197054505348206,0.8789642453193665,0.3325810730457306,0.21380211412906647,0.20192421972751617,0.20192421972751617,0.07126737385988235,0.05938947573304176,0.07126737385988235,0.03563368692994118,0.05938947573304176,0.07126737385988235,0.0,1.116522192955017,0.26131370663642883,0.05938947573304176,0.09502316266298294,0.0,0.3325810730457306,0.11877895146608353,0.819574773311615,2.9100842475891113,0.19004632532596588,0.1425347477197647,0.05938947573304176,,
2025-05-01,165.65699768066406,203.55316162109375,148.82284545898438,128.90989685058594,188.2706756591797,107.88494873046875,4.968689441680908,17087.0,4.650328636169434,8365,170.4231719970703,127.30130004882812,87.90983581542969,111.31488800048828,222.50367736816406,168.6961669921875,0.9563658237457275,0.05977286398410797,2.5224149227142334,0.5260012149810791,0.13150030374526978,1.2552300691604614,0.26300060749053955,0.7531380653381348,0.04681921750307083,0.18142446875572205,0.2223912924528122,0.07022882997989655,0.743255078792572,0.14631006121635437,0.017557207494974136,1.1236612796783447,0.03511441498994827,0.6730262637138367,0.0819336324930191,0.29262012243270874,0.0,0.07608123123645782,1.0183180570602417,1.9898167848587036,0.09949084371328354,0.05267162248492241,0.08778603374958038,0.7608123421669006,1.8903260231018066,0.3628489375114441,0.1697196662425995,0.31602972745895386,0.18727687001228333,0.029262011870741844,0.08778603374958038,0.09363843500614166,0.029262011870741844,0.04096681624650955,0.18727687001228333,0.023409608751535416,1.49236261844635,0.6964358687400818,0.19898168742656708,0.04096681624650955,0.017557207494974136,0.6905834674835205,0.21068648993968964,1.387019395828247,4.096681594848633,0.18727687001228333,0.09949084371328354,0.09363843500614166,0.01195457298308611,0.14345486462116241,0.09563658386468887,0.05977286398410797,0.346682608127594,0.08368200808763504,0.01195457298308611,0.6814106106758118,0.05977286398410797,0.4542737603187561,0.07172743231058121,0.16736401617527008,0.16736401617527008,0.02390914596617222,0.765092670917511,0.7411835193634033,0.05977286398410797,0.02390914596617222,0.035863716155290604,0.5977286100387573,1.2910938262939453,0.2749551832675934,0.09563658386468887,0.2749551832675934,0.21518230438232422,0.04781829193234444,0.035863716155290604,0.08368200808763504,0.01195457298308611,0.035863716155290604,0.035863716155290604,0.02390914596617222,1.0400477647781372,0.5857740640640259,0.04781829193234444,0.04781829193234444,0.02390914596617222,0.5738194584846497,0.11954572796821594,0.9563658237457275,3.371189594268799,0.3108188807964325,0.14345486462116241,0.08368200808763504,,
2025-06-01,222.37838745117188,288.1604919433594,183.316162109375,156.36903381347656,237.55174255371094,122.94505310058594,6.669981956481934,16087.0,5.640896320343018,7942,202.73165893554688,162.4674835205078,93.58019256591797,123.20970153808594,225.76556396484375,191.5592041015625,0.9317552447319031,0.02518257312476635,2.5812137126922607,2.01460599899292,0.1007302924990654,1.6116846799850464,0.554016649723053,0.5162427425384521,0.031080996617674828,0.2983775734901428,0.21135078370571136,0.09324298799037933,0.9448623061180115,0.0745943933725357,0.012432399205863476,1.3924286365509033,0.018648598343133926,0.91999751329422,0.0994591936469078,0.36675575375556946,0.0,0.06837819516658783,1.1002672910690308,2.7599925994873047,0.10567539185285568,0.0497295968234539,0.02486479841172695,0.46621495485305786,4.177286148071289,0.24243177473545074,0.3854043781757355,0.42270156741142273,0.1989183872938156,0.03729719668626785,0.3232423663139343,0.19270218908786774,0.012432399205863476,0.03729719668626785,0.17405357956886292,0.012432399205863476,2.1818859577178955,0.45999875664711,0.18648597598075867,0.03729719668626785,0.012432399205863476,0.6651333570480347,0.21135078370571136,1.7654006481170654,5.662957668304443,0.0497295968234539,0.11189159005880356,0.0497295968234539,0.012591286562383175,0.18886929750442505,0.16368672251701355,0.0503651462495327,0.3777385950088501,0.02518257312476635,0.012591286562383175,0.8687987923622131,0.02518257312476635,0.41551247239112854,0.02518257312476635,0.3021908700466156,0.2266431599855423,0.03777385875582695,0.7177033424377441,0.8058423399925232,0.0,0.0503651462495327,0.012591286562383175,0.3021908700466156,2.3545706272125244,0.18886929750442505,0.28959959745407104,0.39032989740371704,0.16368672251701355,0.03777385875582695,0.251825749874115,0.13850416243076324,0.02518257312476635,0.0503651462495327,0.1007302924990654,0.012591286562383175,1.4479979276657104,0.41551247239112854,0.1259128749370575,0.03777385875582695,0.02518257312476635,0.4784688949584961,0.18886929750442505,1.2087634801864624,3.7899773120880127,0.03777385875582695,0.13850416243076324,0.02518257312476635,,
2025-07-01,134.02076721191406,156.11004638671875,118.93062591552734,106.19876098632812,136.61978149414062,101.1240463256836,4.019797325134277,16568.0,3.8310413360595703,8144,136.9939727783203,102.85933685302734,78.1532211303711,100.25792694091797,159.54043579101562,132.01007080078125,0.3929273188114166,0.036836933344602585,1.9155206680297852,0.4788801670074463,0.11051080375909805,1.20333993434906,0.724459707736969,0.35609036684036255,0.024142926558852196,0.12071462720632553,0.16900047659873962,0.10260743647813797,0.38628682494163513,0.07846450805664062,0.0,0.8993239998817444,0.01810719445347786,0.6518589854240417,0.11467889696359634,0.3198937773704529,0.0,0.0905359759926796,0.712216317653656,1.6236118078231812,0.04828585311770439,0.030178656801581383,0.12675036489963531,0.356108158826828,1.8046836853027344,0.24142925441265106,0.3078223168849945,0.35007244348526,0.10260743647813797,0.16296474635601044,0.10864316672086716,0.0905359759926796,0.006035731639713049,0.09657170623540878,0.10864316672086716,0.01810719445347786,1.3882182836532593,0.20521487295627594,0.12071462720632553,0.1388218253850937,0.006035731639713049,0.356108158826828,0.11467889696359634,1.2071462869644165,3.1627233028411865,0.05432158336043358,0.10260743647813797,0.060357313603162766,0.0,0.07367386668920517,0.12278978526592255,0.036836933344602585,0.2087426334619522,0.02455795742571354,0.0,0.6999017596244812,0.0,0.4420432150363922,0.09823182970285416,0.2455795705318451,0.04911591485142708,0.036836933344602585,0.5279960632324219,0.724459707736969,0.036836933344602585,0.01227897871285677,0.06139489263296127,0.30697447061538696,1.2156188488006592,0.08595284819602966,0.2455795705318451,0.2701375186443329,0.06139489263296127,0.14734773337841034,0.06139489263296127,0.08595284819602966,0.0,0.07367386668920517,0.06139489263296127,0.01227897871285677,0.9209233522415161,0.13506875932216644,0.11051080375909805,0.14734773337841034,0.0,0.257858544588089,0.12278978526592255,0.7612966895103455,2.689096212387085,0.04911591485142708,0.07367386668920517,0.0,,
2025-08-01,138.56211853027344,160.41519165039062,120.87979125976562,119.71299743652344,179.55458068847656,92.07735443115234,4.156010150909424,15640.0,4.318557262420654,7873,163.31381225585938,115.8708267211914,84.53166961669922,102.25810241699219,193.9126434326172,148.39306640625,0.5334688425064087,0.025403277948498726,2.705449104309082,0.4191540777683258,0.2032262235879898,1.333672046661377,0.3175409734249115,0.39375078678131104,0.01918158493936062,0.21739129722118378,0.18542198836803436,0.10869564861059189,0.4475703239440918,0.04475703462958336,0.006393861956894398,0.8056265711784363,0.04475703462958336,0.9143222570419312,0.057544756680727005,0.2877237796783447,0.0,0.26854220032691956,0.971867024898529,1.7071610689163208,0.07033248245716095,0.12148337811231613,0.02557544782757759,0.4731457829475403,1.52173912525177,0.32608696818351746,0.2813299298286438,0.26854220032691956,0.10230179131031036,0.02557544782757759,0.06393861770629883,0.09590792655944824,0.01918158493936062,0.03836316987872124,0.1726342737674713,0.02557544782757759,1.7007672786712646,0.17902813851833344,0.10869564861059189,0.031969308853149414,0.006393861956894398,0.24936062097549438,0.10230179131031036,1.5664961338043213,3.388746738433838,0.0831202045083046,0.09590792655944824,0.08951406925916672,0.012701638974249363,0.19052457809448242,0.13971802592277527,0.11431474983692169,0.19052457809448242,0.038104914128780365,0.0,0.5461704730987549,0.05080655589699745,0.5969769954681396,0.025403277948498726,0.3048393130302429,0.11431474983692169,0.25403276085853577,0.8002032041549683,0.8764130473136902,0.025403277948498726,0.08891146630048752,0.012701638974249363,0.45725899934768677,1.0415343046188354,0.24133113026618958,0.25403276085853577,0.15241965651512146,0.07620982825756073,0.025403277948498726,0.05080655589699745,0.05080655589699745,0.012701638974249363,0.012701638974249363,0.15241965651512146,0.012701638974249363,1.2828655242919922,0.17782293260097504,0.06350819021463394,0.038104914128780365,0.0,0.215927854180336,0.08891146630048752,1.2066556215286255,2.959481716156006,0.1016131117939949,0.08891146630048752,0.06350819021463394,,
2025-09-01,125.86952209472656,141.8061065673828,114.78914642333984,113.94840240478516,161.89453125,91.92085266113281,3.7753102779388428,15310.0,4.1106038093566895,8101,168.32583618164062,106.06594848632812,85.25264739990234,93.06111145019531,234.96734619140625,159.93788146972656,0.5801752805709839,0.037032466381788254,2.1725711822509766,0.3332921862602234,0.3086038827896118,1.209727168083191,0.4073571264743805,0.43204542994499207,0.013063357211649418,0.25473546981811523,0.2743304967880249,0.0914435014128685,0.41149574518203735,0.03265839442610741,0.0,1.0058785676956177,0.0914435014128685,0.6792945861816406,0.12410189211368561,0.2808621823787689,0.0,0.09797517955303192,0.9013716578483582,1.4435009956359863,0.03265839442610741,0.2155454009771347,0.04572175070643425,0.4049640893936157,1.378184199333191,0.32005226612091064,0.18941867351531982,0.2416721135377884,0.18941867351531982,0.026126714423298836,0.0914435014128685,0.12410189211368561,0.013063357211649418,0.03919007256627083,0.4572175145149231,0.09797517955303192,1.4304375648498535,0.25473546981811523,0.09797517955303192,0.026126714423298836,0.019595036283135414,0.2808621823787689,0.11757021397352219,1.1952972412109375,3.109079122543335,0.2155454009771347,0.08491182327270508,0.08491182327270508,0.0,0.14812986552715302,0.09875324368476868,0.09875324368476868,0.19750648736953735,0.02468831092119217,0.0,0.6172077655792236,0.11109739542007446,0.4690778851509094,0.0864090844988823,0.20985063910484314,0.14812986552715302,0.07406493276357651,0.6665843725204468,0.7406492829322815,0.012344155460596085,0.12344154715538025,0.012344155460596085,0.2345389425754547,1.0245648622512817,0.1604740172624588,0.19750648736953735,0.1728181689977646,0.2345389425754547,0.0,0.09875324368476868,0.09875324368476868,0.012344155460596085,0.04937662184238434,0.28391557931900024,0.061720773577690125,0.9258116483688354,0.19750648736953735,0.0864090844988823,0.037032466381788254,0.02468831092119217,0.2592272460460663,0.0864090844988823,0.7653375864028931,2.7404024600982666,0.29625973105430603,0.11109739542007446,0.07406493276357651,,
2025-10-01,154.51292419433594,167.99813842773438,151.54867553710938,132.3565673828125,165.6373748779297,122.53572845458984,4.634436130523682,15989.0,4.774664878845215,8210,178.20553588867188,118.42292022705078,91.19458770751953,106.61455535888672,236.19989013671875,171.545654296875,0.584652841091156,0.0974421426653862,2.253349542617798,0.292326420545578,0.35322776436805725,1.339829444885254,0.5968331098556519,0.7673568725585938,0.04378009960055351,0.21264620125293732,0.2626805901527405,0.13134029507637024,0.2689349055290222,0.03752579912543297,0.031271498650312424,0.9443992972373962,0.28769779205322266,0.5441240668296814,0.21264620125293732,0.5691412687301636,0.0,0.05003440007567406,0.5691412687301636,1.4072175025939941,0.11883169412612915,0.31271499395370483,0.07505159825086594,0.28769779205322266,1.4885233640670776,0.1813746988773346,0.28769779205322266,0.3252235949039459,0.28769779205322266,0.10006880015134811,0.15010319650173187,0.1813746988773346,0.018762899562716484,0.05003440007567406,0.27518919110298157,0.018762899562716484,1.513540506362915,0.2251547873020172,0.14384889602661133,0.10632310062646866,0.018762899562716484,0.5065982937812805,0.19388329982757568,1.2070798873901367,3.752579927444458,0.5316154956817627,0.04378009960055351,0.10006880015134811,0.02436053566634655,0.13398294150829315,0.1705237478017807,0.10962241142988205,0.08526187390089035,0.0,0.03654080256819725,0.6333739161491394,0.35322776436805725,0.23142509162425995,0.10962241142988205,0.32886722683906555,0.15834347903728485,0.0,0.35322776436805725,0.45066991448402405,0.06090134009718895,0.2679658830165863,0.03654080256819725,0.2192448228597641,0.913520097732544,0.0974421426653862,0.1948842853307724,0.30450668931007385,0.32886722683906555,0.1218026801943779,0.0974421426653862,0.0974421426653862,0.012180267833173275,0.06090134009718895,0.15834347903728485,0.0,0.8526187539100647,0.1218026801943779,0.0487210713326931,0.0730816051363945,0.012180267833173275,0.292326420545578,0.1705237478017807,0.7551766037940979,3.2034103870391846,0.6211936473846436,0.02436053566634655,0.08526187390089035,,
2025-11-01,104.33865356445312,118.68241119384766,88.68616485595703,90.52210998535156,119.10462188720703,77.96273803710938,3.129516839981079,15913.0,3.2655177116394043,7717,133.55368041992188,95.6424560546875,70.88397979736328,89.74274444580078,184.78407287597656,133.70889282226562,0.45354411005973816,0.03887521103024483,1.7105093002319336,0.24620966613292694,0.18141764402389526,0.7904626131057739,0.3110016882419586,0.6349617838859558,0.04398919269442558,0.06912586838006973,0.23251429200172424,0.08797838538885117,0.30164018273353577,0.08169421553611755,0.018852511420845985,0.6472695469856262,0.21994595229625702,0.5467228293418884,0.06284169852733612,0.18852511048316956,0.0,0.04398919269442558,0.5467228293418884,0.9991830587387085,0.04398919269442558,0.11311506479978561,0.08797838538885117,0.18852511048316956,0.5781436562538147,0.106830894947052,0.1571042537689209,0.20109345018863678,0.23251429200172424,0.03770502284169197,0.06284169852733612,0.11939923465251923,0.012568340636789799,0.025136681273579597,0.2513667941093445,0.04398919269442558,1.2882548570632935,0.20109345018863678,0.06284169852733612,0.04398919269442558,0.006284170318394899,0.3142085075378418,0.14453591406345367,0.9928988814353943,2.6582040786743164,0.45874443650245667,0.050273362547159195,0.24508263170719147,0.03887521103024483,0.03887521103024483,0.1036672294139862,0.06479201465845108,0.18141764402389526,0.02591680735349655,0.012958403676748276,0.5053777098655701,0.2591680586338043,0.3239600956439972,0.0518336147069931,0.18141764402389526,0.16845925152301788,0.02591680735349655,0.3887521028518677,0.4146689176559448,0.03887521103024483,0.06479201465845108,0.07775042206048965,0.220292866230011,0.40171051025390625,0.07775042206048965,0.11662562936544418,0.2073344588279724,0.23325125873088837,0.02591680735349655,0.02591680735349655,0.07775042206048965,0.02591680735349655,0.0518336147069931,0.06479201465845108,0.03887521103024483,0.881171464920044,0.18141764402389526,0.02591680735349655,0.03887521103024483,0.0,0.19437605142593384,0.12958402931690216,0.5183361172676086,2.164053440093994,0.5053777098655701,0.07775042206048965,0.09070882201194763,,
2025-12-01,131.39309692382812,145.2694091796875,122.22505950927734,112.32606506347656,142.1059112548828,99.58580017089844,3.940983533859253,15250.0,4.052079200744629,7527,150.713134765625,111.44566345214844,82.47425842285156,95.77383422851562,218.36203002929688,170.89488220214844,0.5181347131729126,0.07971303164958954,2.0193967819213867,0.19928258657455444,0.26571011543273926,0.8901288509368896,0.3985651731491089,0.9698418974876404,0.07868852466344833,0.4196721315383911,0.3016393482685089,0.09180327504873276,0.19016394019126892,0.04590163752436638,0.032786883413791656,1.0032787322998047,0.16393442451953888,0.6950819492340088,0.11147540807723999,0.16393442451953888,0.0,0.10491803288459778,0.6688524484634399,1.2852458953857422,0.13770492374897003,0.13770492374897003,0.026229508221149445,0.31475409865379333,0.6557376980781555,0.15081967413425446,0.26229506731033325,0.20327869057655334,0.09836065769195557,0.06557376682758331,0.14426229894161224,0.19016394019126892,0.013114754110574722,0.14426229894161224,0.2360655665397644,0.006557377055287361,1.6721311807632446,0.15081967413425446,0.15081967413425446,0.10491803288459778,0.006557377055287361,0.2426229566335678,0.25573769211769104,1.350819706916809,3.226229429244995,0.7081966996192932,0.032786883413791656,0.03934426233172417,0.05314202234148979,0.21256808936595917,0.15942606329917908,0.11956954747438431,0.07971303164958954,0.03985651582479477,0.026571011170744896,0.8104158639907837,0.14614056050777435,0.5048491954803467,0.06642752885818481,0.06642752885818481,0.03985651582479477,0.06642752885818481,0.5579912066459656,0.5314202308654785,0.05314202234148979,0.09299854189157486,0.026571011170744896,0.19928258657455444,0.43842169642448425,0.18599708378314972,0.19928258657455444,0.14614056050777435,0.07971303164958954,0.07971303164958954,0.11956954747438431,0.14614056050777435,0.013285505585372448,0.09299854189157486,0.26571011543273926,0.0,1.2222665548324585,0.15942606329917908,0.11956954747438431,0.13285505771636963,0.0,0.15942606329917908,0.2258535921573639,0.8768433928489685,2.869669198989868,0.5712767243385315,0.03985651582479477,0.03985651582479477,,
2026-01-01,167.80020141601562,219.48228454589844,99.39381408691406,128.0704345703125,198.1203155517578,70.96525573730469,5.03297233581543,16074.0,4.6200456619262695,7922,159.57432556152344,128.75790405273438,96.78845977783203,121.54485321044922,227.1555938720703,182.65530395507812,0.9593536853790283,0.02524615079164505,2.6760919094085693,0.4544306993484497,0.1514769047498703,0.6059076189994812,0.416561484336853,0.5554152727127075,0.1555306762456894,0.1119820848107338,0.2053004801273346,0.1804155707359314,0.6656712889671326,0.4106009602546692,0.1244245395064354,1.499315619468689,0.335946261882782,0.6594500541687012,0.5163618326187134,0.1990792602300644,0.0,0.1119820848107338,0.9269627928733826,1.8788105249404907,0.0870971754193306,0.1119820848107338,0.074654720723629,0.3235037922859192,1.1633694171905518,0.2737339735031128,0.3172825574874878,0.211521714925766,0.335946261882782,0.0497698150575161,0.1368669867515564,0.466592013835907,0.0497698150575161,0.0497698150575161,0.1804155707359314,0.02488490752875805,1.8912529945373535,0.335946261882782,0.149309441447258,0.0435485877096653,0.01866368018090725,0.3732736110687256,0.1990792602300644,1.1820330619812012,4.553937911987305,1.9348015785217285,0.02488490752875805,0.0622122697532177,0.1514769047498703,0.1009846031665802,0.13885381817817688,0.16409997642040253,0.27770763635635376,0.37869223952293396,0.0504923015832901,1.0224690437316895,0.2524614930152893,0.5427922010421753,0.3408230245113373,0.1514769047498703,0.18934611976146698,0.08836152404546738,0.6690229773521423,0.7573844790458679,0.0504923015832901,0.08836152404546738,0.1009846031665802,0.3408230245113373,0.8078768253326416,0.23983842134475708,0.21459227800369263,0.13885381817817688,0.32819995284080505,0.06311537325382233,0.1009846031665802,0.2524614930152893,0.06311537325382233,0.06311537325382233,0.16409997642040253,0.02524615079164505,1.3127998113632202,0.23983842134475708,0.1009846031665802,0.07573845237493515,0.02524615079164505,0.3029538094997406,0.1514769047498703,0.8583691120147705,3.3956072330474854,1.4390305280685425,0.012623075395822525,0.012623075395822525,,
2026-02-01,121.61688232421875,158.1876983642578,82.99170684814453,108.26046752929688,159.0779571533203,74.4797592163086,3.6477572917938232,15160.0,3.9054157733917236,6555,144.91421508789062,115.88507080078125,77.22374725341797,103.58611297607422,197.71914672851562,136.0377960205078,0.8543096780776978,0.045766592025756836,1.9832189083099365,0.8695651888847351,0.10678870975971222,0.8848207592964172,0.45766589045524597,0.3051106035709381,0.0857519805431366,0.15831135213375092,0.09234828501939774,0.09234828501939774,0.40897098183631897,0.18469657003879547,0.019788919016718864,0.8839049935340881,0.04617414250969887,0.45514512062072754,0.1385224312543869,0.23087070882320404,0.0,0.059366755187511444,0.5606859922409058,1.1873351335525513,0.05277044698596001,0.09234828501939774,0.03957783803343773,0.44195249676704407,1.1345646381378174,0.1385224312543869,0.19788917899131775,0.23087070882320404,0.2770448625087738,0.03298152983188629,0.0857519805431366,0.0857519805431366,0.013192611746490002,0.03957783803343773,0.13192611932754517,0.006596305873245001,1.2994723320007324,0.3232190012931824,0.10554089397192001,0.04617414250969887,0.0,0.36939314007759094,0.12532982230186462,0.897097647190094,3.1200528144836426,0.5606859922409058,0.059366755187511444,0.04617414250969887,0.12204424291849136,0.15255530178546906,0.06102212145924568,0.12204424291849136,0.21357741951942444,0.21357741951942444,0.03051106072962284,0.549199104309082,0.07627765089273453,0.3356216549873352,0.1983218938112259,0.32036614418029785,0.18306636810302734,0.045766592025756836,0.5797101259231567,0.48817697167396545,0.01525553036481142,0.10678870975971222,0.07627765089273453,0.35087719559669495,0.9763539433479309,0.07627765089273453,0.18306636810302734,0.22883294522762299,0.3051106035709381,0.03051106072962284,0.07627765089273453,0.06102212145924568,0.0,0.01525553036481142,0.10678870975971222,0.01525553036481142,0.9305873513221741,0.3051106035709381,0.09153318405151367,0.07627765089273453,0.0,0.32036614418029785,0.15255530178546906,0.7170099020004272,2.868039608001709,0.6712433099746704,0.10678870975971222,0.01525553036481142,,
2026-03-01,297.2698059082031,293.3921813964844,404.0536804199219,251.37890625,282.0449523925781,312.33026123046875,8.91626262664795,15668.0,9.068306922912598,7642,293.6837463378906,227.76980590820312,119.33364868164062,142.938232421875,411.8748474121094,333.8092956542969,1.8843234777450562,0.05234231799840927,3.075111150741577,0.9814184904098511,0.2878827452659607,5.61371374130249,0.9029049873352051,0.5234231948852539,0.05105948448181152,0.46591779589653015,0.32550421357154846,0.16594332456588745,0.8680112361907959,0.19785550236701965,0.03829461336135864,1.5509318113327026,0.1276487112045288,1.2062803506851196,0.18509063124656677,0.6254786849021912,0.0,0.0957365334033966,1.7679346799850464,3.55501651763916,0.14679601788520813,0.12126627564430237,0.10850140452384949,0.9318355917930603,6.1016082763671875,0.5616543292999268,0.855246365070343,0.7020679116249084,0.26167985796928406,0.057441920042037964,0.26167985796928406,0.3318866491317749,0.0319121778011322,0.10850140452384949,0.13403114676475525,0.02552974224090576,2.3423538208007812,2.2338523864746094,0.11488384008407593,0.17870819568634033,0.0,0.8169517517089844,0.3127393424510956,1.9019657373428345,8.392902374267578,1.0467194318771362,0.24891498684883118,0.07020679116249084,0.026171158999204636,0.23554043471813202,0.35331064462661743,0.11777021735906601,0.39256739616394043,0.09159905463457108,0.026171158999204636,1.5440983772277832,0.14394137263298035,0.7851347923278809,0.18319810926914215,0.4841664433479309,0.18319810926914215,0.09159905463457108,1.3870714902877808,1.347814679145813,0.14394137263298035,0.13085579872131348,0.1570269614458084,0.8767338395118713,4.867835521697998,0.3663962185382843,0.9552473425865173,0.6804501414299011,0.2878827452659607,0.09159905463457108,0.18319810926914215,0.26171159744262695,0.013085579499602318,0.11777021735906601,0.13085579872131348,0.0392567403614521,2.0282647609710693,1.9104946851730347,0.06542789936065674,0.26171159744262695,0.0,0.5757654905319214,0.3663962185382843,1.504841685295105,7.026956081390381,1.0730174779891968,0.30096831917762756,0.0392567403614521,,
