date,GPR,GPR_Threats,GPR_Acts
2021-01-01,65.27227020263672,81.41390991210938,32.53567886352539
2021-01-02,39.43532943725586,39.35005569458008,47.176734924316406
2021-01-03,19.037744522094727,31.66096305847168,0.0
2021-01-04,99.32736206054688,107.37196350097656,108.92378997802734
2021-01-05,121.8519515991211,150.10919189453125,71.98629760742188
2021-01-06,106.57054138183594,169.8487548828125,35.41416931152344
2021-01-07,54.23599624633789,76.32125854492188,24.954946517944336
2021-01-08,77.7395248413086,86.19047546386719,51.66682815551758
2021-01-09,84.59059143066406,118.17074584960938,26.98567008972168
2021-01-10,70.81498718261719,78.51317596435547,78.44112396240234
2021-01-11,84.14276123046875,110.4747543334961,35.319480895996094
2021-01-12,169.87527465820312,181.6156463623047,169.3523712158203
2021-01-13,66.500732421875,55.29743957519531,74.58304595947266
2021-01-14,62.11064529418945,68.86259460449219,41.27964019775391
2021-01-15,57.96993637084961,75.74885559082031,49.53556823730469
2021-01-16,72.01234436035156,108.87366485595705,19.579275131225582
2021-01-17,71.32322692871094,105.435546875,15.800819396972656
2021-01-18,94.48599243164062,129.40621948242188,55.408912658691406
2021-01-19,66.66802978515625,76.22526550292969,49.84711456298828
2021-01-20,87.48678588867188,132.2690887451172,23.78658676147461
2021-01-21,47.43533706665039,52.59196090698242,39.40777206420898
2021-01-22,93.7134780883789,101.64220428466795,73.115234375
2021-01-23,56.42650604248047,93.84081268310548,26.47191429138184
2021-01-24,34.06239318847656,28.323945999145508,33.95754623413086
2021-01-25,140.4451141357422,185.2444000244141,96.56056213378906
2021-01-26,50.25387191772461,76.61072540283203,8.349864959716797
2021-01-27,68.84309387207031,60.612552642822266,72.6683120727539
2021-01-28,112.78604125976562,166.72911071777344,41.64402770996094
2021-01-29,63.216941833496094,91.11589813232422,16.80596160888672
2021-01-30,61.91715240478516,80.08941650390625,27.434030532836918
2021-01-31,23.888710021972656,26.485614776611328,15.876785278320312
2021-02-01,60.04654312133789,83.21763610839844,29.930856704711918
2021-02-02,192.34263610839844,248.7938995361328,144.8782196044922
2021-02-03,69.92227935791016,101.7494888305664,43.56690216064453
2021-02-04,78.18482208251953,116.33929443359376,24.61394691467285
2021-02-05,106.44497680664062,106.21480560302734,101.87264251708984
2021-02-06,63.06491470336914,82.80071258544922,33.08989334106445
2021-02-07,48.476600646972656,40.30981063842773,48.32738494873047
2021-02-08,72.8036880493164,68.10586547851562,63.50714111328125
2021-02-09,61.26280975341797,50.94194412231445,69.79913330078125
2021-02-10,74.92713165283203,104.93347930908205,39.31394577026367
2021-02-11,63.45914840698242,70.35769653320312,50.61105346679688
2021-02-12,73.32506561279297,107.59780883789062,34.39970016479492
2021-02-13,36.62135314941406,38.7568359375,39.82759475708008
2021-02-14,25.286775588989254,28.03566169738769,16.80596160888672
2021-02-15,61.24074935913086,64.81185913085938,44.40163040161133
2021-02-16,91.76087188720705,91.5624542236328,82.33058166503906
2021-02-17,104.36856842041016,128.29196166992188,54.285552978515625
2021-02-18,33.67285919189453,56.00007629394531,8.392302513122559
2021-02-19,85.1559829711914,127.457763671875,25.46816062927246
2021-02-20,23.758169174194336,33.866851806640625,6.767153739929199
2021-02-21,37.47248458862305,37.39145660400391,44.82857131958008
2021-02-22,71.28911590576172,118.55826568603516,0.0
2021-02-23,97.42845916748048,103.1097640991211,79.46882629394531
2021-02-24,77.84101867675781,107.87873840332033,34.48951721191406
2021-02-25,46.18281936645508,62.84039306640625,25.11308860778809
2021-02-26,121.14055633544922,166.72911071777344,83.28805541992188
2021-02-27,81.19038391113281,129.62371826171875,25.90095329284668
2021-02-28,66.41739654541016,82.84222412109375,33.10647964477539
2021-03-01,96.29557800292967,96.08734893798828,76.79933166503906
2021-03-02,137.46934509277344,191.74591064453125,61.8918342590332
2021-03-03,154.58648681640625,220.3603057861328,70.4505844116211
2021-03-04,88.44233703613281,127.02809143066406,32.061859130859375
2021-03-05,88.98228454589844,127.80359649658205,48.38639450073242
2021-03-06,57.99552154541016,73.75601959228516,27.20800399780273
2021-03-07,16.277973175048828,27.071290969848636,16.227869033813477
2021-03-08,60.39744567871094,23.179555892944336,92.63314056396484
2021-03-09,22.26188087463379,29.61832046508789,17.754684448242188
2021-03-10,57.34138107299805,51.34893798828125,52.76758575439453
2021-03-11,70.38656616210938,80.47687530517578,78.94114685058594
2021-03-12,49.37989044189453,68.43487548828125,16.409297943115234
2021-03-13,72.58614349365234,109.7411880493164,59.20586013793945
2021-03-14,43.81703186035156,58.2963752746582,52.41859436035156
2021-03-15,111.6025848388672,177.16563415527344,20.22892189025879
2021-03-16,108.8415069580078,149.5301971435547,47.176734924316406
2021-03-17,93.311767578125,134.02195739746094,50.74066162109375
2021-03-18,134.94033813476562,188.2183990478516,95.4693374633789
2021-03-19,42.853397369384766,64.14109802246094,8.54429817199707
2021-03-20,29.48873519897461,43.5925407409668,6.532880783081055
2021-03-21,26.29022216796875,29.1481876373291,17.472864151000977
2021-03-22,119.15711212158205,174.38584899902344,38.01290512084961
2021-03-23,99.4635238647461,107.87873840332033,103.46854400634766
2021-03-24,76.4438705444336,120.068115234375,16.935237884521484
2021-03-25,63.78499984741211,77.79086303710938,33.91395568847656
2021-03-26,69.7814712524414,95.5713882446289,32.73726272583008
2021-03-27,41.32761764526367,63.44346618652344,6.338524341583252
2021-03-28,75.62940216064453,113.19878387451172,60.31727981567383
2021-03-29,123.23540496826172,98.37513732910156,127.77032470703124
2021-03-30,95.42375946044922,83.1263198852539,99.66004180908205
2021-03-31,76.34598541259766,70.53787231445312,76.1109848022461
2021-04-01,67.69552612304688,90.06552124023438,62.98801040649414
2021-04-02,65.70381927490234,72.84638214111328,54.58464813232422
2021-04-03,91.81957244873048,123.33599090576172,42.24781799316406
2021-04-04,23.43797874450684,38.97882843017578,0.0
2021-04-05,74.55940246582031,88.56925201416016,42.47422790527344
2021-04-06,92.78900909423828,131.16685485839844,27.751020431518555
2021-04-07,113.79048919677734,168.21397399902344,67.22384643554688
2021-04-08,32.52170181274414,54.08562850952149,37.053253173828125
2021-04-09,48.00822830200195,65.3241958618164,26.10570335388184
2021-04-10,32.44434356689453,43.16558074951172,12.937790870666504
2021-04-11,48.83392333984375,54.14258193969727,48.6836051940918
2021-04-12,100.38084411621094,133.55169677734375,120.0862274169922
2021-04-13,95.29304504394533,143.3851318359375,72.38074493408203
2021-04-14,186.30352783203125,294.7205810546875,144.96005249023438
2021-04-15,103.25959777832033,151.11990356445312,41.176700592041016
2021-04-16,95.03267669677734,142.9933624267578,18.045743942260746
2021-04-17,101.40513610839844,101.18585205078124,87.61392974853516
2021-04-18,54.817909240722656,39.07097625732422,62.45619583129883
2021-04-19,110.41893005371094,100.1637725830078,150.1077880859375
2021-04-20,125.26516723632812,138.88255310058594,129.5047607421875
2021-04-21,166.30258178710938,261.6217956542969,62.73161315917969
2021-04-22,113.77379608154295,145.5484161376953,61.07423400878906
2021-04-23,146.73118591308594,177.4713897705078,115.25054168701172
2021-04-24,111.8166275024414,98.79022216796876,139.34056091308594
2021-04-25,16.60434913635254,13.807036399841309,33.10647964477539
2021-04-26,54.46673583984375,57.64282989501953,39.49023818969727
2021-04-27,131.65333557128906,98.87963104248048,143.94952392578125
2021-04-28,50.063995361328125,62.444671630859375,33.27326202392578
2021-04-29,47.383934020996094,28.65543556213379,68.7099380493164
2021-04-30,36.4018440246582,37.83658981323242,27.217348098754883
2021-05-01,56.08929443359375,82.30589294433594,19.735286712646484
2021-05-02,49.56460189819336,68.69086456298828,16.470680236816406
2021-05-03,97.42845916748048,90.01647186279297,86.33650207519531
2021-05-04,93.87843322753906,104.08381652832033,71.30625915527344
2021-05-05,60.385345458984375,93.25143432617188,8.59992504119873
2021-05-06,76.30575561523438,111.97169494628906,53.69709396362305
2021-05-07,55.92646408081055,85.85466766357422,8.577588081359863
2021-05-08,3.56573486328125,5.93004035949707,0.0
2021-05-09,8.323034286499023,13.841727256774902,0.0
2021-05-10,49.002479553222656,73.34477233886719,9.770329475402832
2021-05-11,101.1806869506836,124.37335205078124,78.94114685058594
2021-05-12,63.2974739074707,84.2141342163086,33.65473937988281
2021-05-13,140.43304443359375,144.25082397460938,131.76544189453125
2021-05-14,115.36304473876952,143.89199829101562,73.93368530273438
2021-05-15,88.29153442382812,130.51943969726562,26.079933166503903
2021-05-16,49.318626403808594,54.67997741699219,32.77787780761719
2021-05-17,92.1579818725586,127.72042083740234,40.83302688598633
2021-05-18,98.58832550048828,114.77099609375,108.11334991455078
2021-05-19,158.9622344970703,204.66900634765625,92.01653289794922
2021-05-20,125.85060119628906,134.54835510253906,89.61659240722656
2021-05-21,165.85250854492188,171.45761108398438,125.1236801147461
2021-05-22,68.15982818603516,102.01866149902344,20.385007858276367
2021-05-23,65.92174530029297,54.81599426269531,82.14854431152344
2021-05-24,138.4081268310547,176.47238159179688,101.1868667602539
2021-05-25,170.94143676757812,276.6029052734375,46.05817794799805
2021-05-26,176.6128387451172,243.5712127685547,85.88742065429688
2021-05-27,133.3360595703125,187.09837341308597,49.84711456298828
2021-05-28,140.02928161621094,196.4903564453125,43.624454498291016
2021-05-29,59.0212516784668,85.88652801513672,14.709895133972168
2021-05-30,31.10392189025879,38.79582595825195,31.00818252563477
2021-05-31,57.55426406860352,63.81089782714844,51.00187301635742
2021-06-01,65.87492370605469,93.9035415649414,18.763473510742188
2021-06-02,68.72547149658203,99.0554656982422,27.40557289123535
2021-06-03,60.07247161865234,85.63224029541016,17.11073112487793
2021-06-04,79.60777282714844,95.61695861816406,52.908485412597656
2021-06-05,41.4935417175293,40.25370788574219,34.47151565551758
2021-06-06,47.32239532470703,47.220062255859375,37.74138641357422
2021-06-07,54.304386138916016,90.31159210205078,0.0
2021-06-08,59.727294921875,68.76708221435547,54.96318435668945
2021-06-09,93.2492218017578,110.77093505859376,53.12125396728516
2021-06-10,85.51465606689453,119.76103973388672,35.89533996582031
2021-06-11,131.48475646972656,155.1833038330078,84.56776428222656
2021-06-12,47.130027770996094,44.78867721557617,46.98495864868164
2021-06-13,58.55548858642578,97.3814468383789,0.0
2021-06-14,29.358060836791992,40.68690872192383,19.511795043945312
2021-06-15,73.5105209350586,114.61180877685548,27.481592178344727
2021-06-16,144.7877197265625,124.04387664794922,139.9680633544922
2021-06-17,138.02365112304688,214.23919677734372,18.346508026123047
2021-06-18,84.50428009033203,112.42872619628906,33.69766616821289
2021-06-19,42.243160247802734,64.39859771728516,14.037710189819336
2021-06-20,94.64479064941406,128.78199768066406,51.46552658081055
2021-06-21,94.50267791748048,99.26139831542967,79.33625030517578
2021-06-22,170.60433959960938,252.2006378173828,37.79537963867188
2021-06-23,41.51087188720703,55.228145599365234,49.65972137451172
2021-06-24,76.66112518310547,100.65177917480467,40.2237663269043
2021-06-25,54.78801345825195,56.07132339477539,42.01490020751953
2021-06-26,25.453319549560547,42.33046340942383,7.2499918937683105
2021-06-27,8.472040176391602,14.089533805847168,0.0
2021-06-28,97.29219818115234,107.86868286132812,110.8488311767578
2021-06-29,95.68627166748048,60.62181854248047,154.4437713623047
2021-06-30,43.81703186035156,43.722286224365234,61.15502548217773
2021-07-01,64.11421203613281,49.7587776184082,68.17799377441406
2021-07-02,78.9751205444336,102.15377807617188,43.74001693725586
2021-07-03,46.89175796508789,50.13252639770508,73.46023559570312
2021-07-04,46.52482986450195,61.898963928222656,55.65794372558594
2021-07-05,65.9874038696289,65.84471130371094,78.94114685058594
2021-07-06,63.3285026550293,97.21778869628906,29.13857078552246
2021-07-07,34.77761459350586,21.68900680541992,43.33820724487305
2021-07-08,37.85791778564453,39.35005569458008,28.30603790283203
2021-07-09,32.35719299316406,33.63252639770508,32.25759506225586
2021-07-10,31.023006439208984,34.395469665527344,20.618343353271484
2021-07-11,27.30138397216797,45.40391159057617,0.0
2021-07-12,69.73827362060547,41.42111206054688,89.38748931884766
2021-07-13,77.247802734375,60.45550155639648,81.54003143310547
2021-07-14,56.218509674072266,86.30298614501953,17.24475860595703
2021-07-15,104.51173400878906,98.24019622802734,108.72003936767578
2021-07-16,70.38033294677734,101.4406509399414,28.065479278564453
2021-07-17,76.57191467285156,77.513671875,66.37931823730469
2021-07-18,32.555946350097656,27.071290969848636,48.6836051940918
2021-07-19,50.57355117797852,84.10698699951172,10.083576202392578
2021-07-20,37.43014526367188,38.90542221069336,27.986196517944336
2021-07-21,49.91540145874024,45.27951431274414,45.23796081542969
2021-07-22,95.29304504394533,105.6521987915039,63.33314514160156
2021-07-23,91.7940444946289,119.4724578857422,39.78760528564453
2021-07-24,65.35699462890625,62.92739868164063,82.30208587646484
2021-07-25,26.220853805541992,29.07128143310547,17.426761627197266
2021-07-26,59.15299606323242,65.58342742919922,49.14242935180664
2021-07-27,79.20344543457031,108.4755401611328,65.02559661865234
2021-07-28,53.2962646484375,47.7265510559082,65.39349365234375
2021-07-29,30.91729736328125,44.07206344604492,8.806323051452637
2021-07-30,80.90396118164062,67.27417755126953,125.46322631835938
2021-07-31,30.390527725219727,39.30994415283203,13.465325355529783
2021-08-01,40.6949348449707,67.67822265625,0.0
2021-08-02,111.9454574584961,160.78517150878906,40.58213424682617
2021-08-03,50.82042694091797,46.10047912597656,46.05817794799805
2021-08-04,89.99213409423828,92.64825439453124,76.898681640625
2021-08-05,99.66178131103516,110.495849609375,75.69905853271484
2021-08-06,63.62165832519531,98.75301361083984,16.91355323791504
2021-08-07,50.91036605834961,39.51132583618164,60.904388427734375
2021-08-08,18.557802200317383,15.431394577026367,37.00135803222656
2021-08-09,42.60537338256836,26.570775985717773,53.0927848815918
2021-08-10,103.37091064453124,140.65550231933594,46.84214401245117
2021-08-11,71.90812683105469,103.64269256591795,47.79119110107422
2021-08-12,76.1509780883789,55.40668869018555,94.8957290649414
2021-08-13,95.29304504394533,60.37268829345703,126.66629028320312
2021-08-14,11.128447532653809,6.169101715087891,14.79225730895996
2021-08-15,55.987060546875,15.518330574035645,93.02454376220705
2021-08-16,127.20260620117188,185.10264587402344,95.10829162597656
2021-08-17,157.74131774902344,163.95855712890625,137.5988006591797
2021-08-18,83.16069793701172,99.8843765258789,73.69308471679688
2021-08-19,49.64338684082031,75.05459594726562,8.998287200927734
2021-08-20,68.60346984863281,81.49419403076172,48.85164642333984
2021-08-21,95.3510971069336,117.46285247802734,70.41303253173828
2021-08-22,64.41104125976562,76.51399230957031,55.03952407836914
2021-08-23,189.9279937744141,297.28204345703125,44.55138397216797
2021-08-24,133.26422119140625,150.3895721435547,151.83316040039062
2021-08-25,47.52607727050781,63.2310791015625,47.37978744506836
2021-08-26,114.39083099365234,134.75270080566406,133.04518127441406
2021-08-27,103.81266021728516,86.32347869873047,141.12698364257812
2021-08-28,116.29227447509766,117.21292114257812,140.52642822265625
2021-08-29,81.67974853515625,75.46585845947266,126.66629028320312
2021-08-30,107.77188873291016,94.3323211669922,124.40440368652344
2021-08-31,203.01235961914065,288.2141418457031,108.59815979003906
2021-09-01,80.03519439697266,73.9464111328125,88.65426635742188
2021-09-02,106.2608871459961,138.30145263671875,55.26980972290039
2021-09-03,98.69049072265624,92.76825714111328,136.88584899902344
2021-09-04,52.84255599975586,38.44770812988281,65.8498764038086
2021-09-05,50.70256805419922,42.16077423095703,67.39533233642578
2021-09-06,81.71419525146484,104.53524780273438,137.85989379882812
2021-09-07,117.78018951416016,130.58387756347656,88.06324005126953
2021-09-08,85.30216979980469,86.69396209716797,75.59075927734375
2021-09-09,73.61261749267578,99.46820068359376,36.693016052246094
2021-09-10,65.9410400390625,45.15579605102539,85.07279205322266
2021-09-11,89.4393310546875,49.5810661315918,118.88536071777344
2021-09-12,69.01182556152344,76.51399230957031,76.44377899169922
2021-09-13,104.92296600341795,91.40133666992188,109.5809555053711
2021-09-14,69.78723907470703,100.58580780029295,37.10529708862305
2021-09-15,65.9686279296875,70.52783203125,56.37049102783203
2021-09-16,119.12415313720705,160.01266479492188,45.67595291137695
2021-09-17,151.90768432617188,220.0343170166016,48.85164642333984
2021-09-18,103.51773834228516,139.8771514892578,51.599552154541016
2021-09-19,40.99712371826172,68.1807861328125,32.696746826171875
2021-09-20,59.95597839355469,58.16448593139648,49.80952072143555
2021-09-21,84.70899963378906,118.63273620605467,26.667871475219727
2021-09-22,54.23030090332031,60.12559509277344,45.05281448364258
2021-09-23,68.83257293701172,85.85466766357422,60.043113708496094
2021-09-24,92.75189971923828,110.1801528930664,70.4505844116211
2021-09-25,36.149051666259766,43.722286224365234,39.31394577026367
2021-09-26,33.20869827270508,27.614072799682617,49.65972137451172
2021-09-27,57.03129577636719,55.32719421386719,47.37978744506836
2021-09-28,96.1558074951172,111.93920135498048,67.10188293457031
2021-09-29,59.39776611328125,83.58494567871094,81.98990631103516
2021-09-30,102.68067169189452,148.4907684326172,62.308895111083984
2021-10-01,68.03733825683594,91.93466186523438,67.82791137695312
2021-10-02,57.63935852050781,50.74827575683594,108.16364288330078
2021-10-03,43.2450065612793,28.76766395568848,51.73427200317383
2021-10-04,65.81260681152344,102.15377807617188,17.496007919311523
2021-10-05,171.9004364013672,185.4364471435547,120.4230728149414
2021-10-06,56.072113037109375,93.25143432617188,0.0
2021-10-07,121.3052978515625,139.66497802734375,74.41963195800781
2021-10-08,94.39959716796876,142.7204132080078,25.66609764099121
2021-10-09,37.85791778564453,15.74002170562744,56.61207580566406
2021-10-10,26.1518497467041,43.492164611816406,17.380901336669922
2021-10-11,50.806251525878906,76.04458618164062,20.25994682312012
2021-10-12,81.5680160522461,52.75383377075195,108.4225845336914
2021-10-13,94.00530242919922,74.44605255126953,116.02925872802734
2021-10-14,55.36325073242188,53.70898818969727,64.39163970947266
2021-10-15,107.1450424194336,74.2453842163086,151.32159423828125
2021-10-16,27.152193069458008,16.933425903320312,33.83576965332031
2021-10-17,35.05362701416016,58.2963752746582,34.94572830200195
2021-10-18,126.71024322509766,188.149169921875,27.0686149597168
2021-10-19,133.84112548828125,198.73765563964844,28.59195899963379
2021-10-20,76.40929412841797,104.64871978759766,62.73161315917969
2021-10-21,94.00530242919922,104.2244644165039,80.32794952392578
2021-10-22,86.04071807861328,107.31832885742188,68.6207046508789
2021-10-23,62.43927383422852,81.97927856445312,32.761619567871094
2021-10-24,49.44130706787109,68.5199966430664,32.85941696166992
2021-10-25,79.62903594970703,123.59953308105467,116.42976379394533
2021-10-26,144.6536102294922,160.37867736816406,105.7527847290039
2021-10-27,102.93289184570312,140.05950927734375,55.97239303588867
2021-10-28,96.13255310058594,99.92153930664062,87.85026550292969
2021-10-29,55.78157806396485,71.3602066040039,25.66609764099121
2021-10-30,49.83802795410156,60.78142547607422,33.12308120727539
2021-10-31,66.92056274414062,111.29308319091795,0.0
2021-11-01,124.33229064941406,199.38766479492188,17.70708465576172
2021-11-02,62.866249084472656,96.50816345214844,28.925880432128903
2021-11-03,73.80557250976562,101.08270263671876,60.59396743774414
2021-11-04,122.68769073486328,160.31504821777344,61.15502548217773
2021-11-05,76.9422836303711,101.02091979980467,64.59406280517578
2021-11-06,28.16210556030273,46.83534622192383,0.0
2021-11-07,46.43786239624024,38.61453628540039,61.7265625
2021-11-08,46.36564636230469,34.270652770996094,71.90232849121094
2021-11-09,84.5761947631836,117.21292114257812,28.105287551879883
2021-11-10,135.30206298828125,193.9791412353516,37.20981597900391
2021-11-11,83.04486846923828,115.09069061279295,45.9940299987793
2021-11-12,101.21734619140624,153.02798461914062,27.51976203918457
2021-11-13,63.277320861816406,89.44902801513672,37.84952926635742
2021-11-14,51.49068832397461,71.3602066040039,34.22146224975586
2021-11-15,141.16055297851562,211.282958984375,28.14521026611328
2021-11-16,122.86271667480467,165.03445434570312,56.53131866455078
2021-11-17,126.06885528564452,180.74172973632807,78.00877380371094
2021-11-18,158.1717071533203,217.95529174804688,54.06337356567383
2021-11-19,108.7573471069336,150.72525024414062,81.31694030761719
2021-11-20,43.89743423461914,67.38847351074219,13.465325355529783
2021-11-21,34.06239318847656,42.48591995239258,16.97877311706543
2021-11-22,128.9940643310547,180.20118713378903,41.15104293823242
2021-11-23,80.91041564941406,118.7286148071289,28.46871757507324
2021-11-24,87.68561553955078,48.60889434814453,126.26714324951172
2021-11-25,118.09510040283205,166.93963623046875,47.09263610839844
2021-11-26,58.97747039794922,98.0832290649414,9.799321174621582
2021-11-27,57.11323547363281,94.9828872680664,0.0
2021-11-28,35.52351379394531,59.07783126831055,0.0
2021-11-29,60.78105545043945,101.08270263671876,20.19799041748047
2021-11-30,92.78900909423828,146.59823608398438,18.50067901611328
2021-12-01,86.94403076171875,130.134033203125,17.335281372070312
2021-12-02,93.12439727783205,140.12200927734375,26.525070190429688
2021-12-03,106.17205047607422,162.44509887695312,42.33809280395508
2021-12-04,73.31639099121094,99.7606964111328,33.223052978515625
2021-12-05,86.75772857666016,131.16685485839844,47.176734924316406
2021-12-06,120.544677734375,184.43548583984372,67.29723358154297
2021-12-07,202.4346923828125,237.19338989257807,155.9453125
2021-12-08,145.55889892578125,212.73130798339844,52.76758575439453
2021-12-09,104.557373046875,150.17381286621094,66.33170318603516
2021-12-10,164.97715759277344,245.486572265625,112.53166198730467
2021-12-11,95.62051391601562,153.34352111816406,34.04506301879883
2021-12-12,76.4438705444336,127.13095092773438,16.935237884521484
2021-12-13,110.41893005371094,174.88914489746094,10.483718872070312
2021-12-14,129.9046173095703,177.46104431152344,101.75373840332033
2021-12-15,72.01234436035156,112.2759780883789,26.921504974365234
2021-12-16,136.24957275390625,212.4296112060547,59.42570495605469
2021-12-17,95.44012451171876,125.6556396484375,71.3597640991211
2021-12-18,86.98970031738281,98.37513732910156,62.43979644775391
2021-12-19,61.02098083496094,86.98432922363281,52.142704010009766
2021-12-20,53.08602523803711,88.28538513183594,21.16904640197754
2021-12-21,101.40513610839844,160.6124725341797,19.255809783935547
2021-12-22,141.3362274169922,227.7056427001953,17.612646102905273
2021-12-23,135.30911254882812,225.0275421142578,59.95227813720703
2021-12-24,135.7197723388672,208.99118041992188,60.13422775268555
2021-12-25,43.87506866455078,72.96698760986328,0.0
2021-12-26,43.73026657104492,54.54462814331055,21.79783058166504
2021-12-27,78.87065887451172,131.16685485839844,17.472864151000977
2021-12-28,58.89009475708008,85.6956787109375,14.677206039428713
2021-12-29,37.88884735107422,63.01152801513672,21.584125518798828
2021-12-30,147.22523498535156,197.7592620849609,56.4507942199707
2021-12-31,76.59115600585938,127.37589263916016,0.0
2022-01-01,63.09653091430664,91.8167953491211,31.451156616210938
2022-01-02,37.85791778564453,62.960086822509766,0.0
2022-01-03,52.34305953979492,74.61409759521484,14.90912628173828
2022-01-04,88.9631118774414,139.2482147216797,10.434032440185549
2022-01-05,96.48255157470705,137.53416442871094,82.44477081298828
2022-01-06,70.01464080810547,65.49678802490234,69.79913330078125
2022-01-07,118.95960998535156,182.61903381347656,72.98058319091797
2022-01-08,38.27546691894531,52.08095550537109,13.875510215759276
2022-01-09,63.70322799682617,105.94245910644533,18.1448974609375
2022-01-10,130.00657653808594,172.96726989746094,51.84256362915039
2022-01-11,188.9130096435547,270.3359069824219,78.8364486694336
2022-01-12,78.2134017944336,114.77099609375,36.693016052246094
2022-01-13,170.64743041992188,250.4094390869141,100.07186126708984
2022-01-14,133.57127380371094,207.3282470703125,17.754684448242188
2022-01-15,71.05609893798828,112.54357147216795,33.732086181640625
2022-01-16,46.00788497924805,30.60559844970703,73.38603210449219
2022-01-17,109.26873016357422,86.0782470703125,137.5988006591797
2022-01-18,138.8214874267578,151.25888061523438,114.5331039428711
2022-01-19,153.562744140625,233.49436950683597,52.48802185058594
2022-01-20,136.3739776611328,212.1663055419922,26.31371688842773
2022-01-21,185.7514495849609,242.71995544433597,88.1808090209961
2022-01-22,145.81280517578125,205.1887664794922,96.90931701660156
2022-01-23,106.85701751708984,96.93268585205078,135.58123779296875
2022-01-24,185.8010711669922,282.5132141113281,42.33809280395508
2022-01-25,291.5824279785156,397.4753112792969,123.89849853515624
2022-01-26,260.3373107910156,425.4924621582031,71.59613037109375
2022-01-27,265.0054016113281,411.3392333984375,79.25691223144531
2022-01-28,182.23171997070312,282.85858154296875,80.7425765991211
2022-01-29,217.4403381347656,322.0650634765625,94.83732604980467
2022-01-30,63.52869415283203,90.55902862548828,36.190372467041016
2022-01-31,142.98854064941406,237.79888916015625,19.006452560424805
2022-02-01,190.58609008789065,286.770263671875,54.285552978515625
2022-02-02,250.3199920654297,395.4829406738281,58.22821044921875
2022-02-03,176.28762817382812,272.72314453125,40.87093353271485
2022-02-04,92.57479858398438,107.10100555419922,64.20162963867188
2022-02-05,47.5650749206543,50.85237884521485,33.87047576904297
2022-02-06,78.2496337890625,115.67469787597656,34.670562744140625
2022-02-07,195.15126037597656,299.58349609375,29.930856704711918
2022-02-08,158.38780212402344,225.77899169921875,81.20585632324219
2022-02-09,117.17926788330078,172.39071655273438,35.94417953491211
2022-02-10,108.53760528564452,173.28463745117188,17.312562942504883
2022-02-11,179.2779541015625,250.7174530029297,73.115234375
2022-02-12,131.98764038085938,187.3812255859375,96.27904510498048
2022-02-13,118.00495147705078,154.19613647460938,100.83576202392578
2022-02-14,191.8865509033203,285.52783203125,70.4774398803711
2022-02-15,229.0605316162109,380.9420166015625,87.82902526855469
2022-02-16,223.4668731689453,371.6394348144531,61.15502548217773
2022-02-17,228.45294189453125,334.3397827148437,91.0998992919922
2022-02-18,226.3515472412109,318.5234375,147.54351806640625
2022-02-19,140.16024780273438,210.354248046875,115.8726806640625
2022-02-20,83.27684020996094,123.10631561279295,110.69401550292967
2022-02-21,152.3668212890625,244.01055908203125,135.02029418945312
2022-02-22,279.43438720703125,439.3686828613281,121.55968475341795
2022-02-23,431.0212097167969,692.6530151367188,183.46507263183597
2022-02-24,370.7033996582031,545.3680419921875,189.51914978027344
2022-02-25,515.8916625976562,797.75244140625,162.41171264648438
2022-02-26,398.5916748046875,489.1174926757813,362.6435852050781
2022-02-27,202.09298706054688,277.64227294921875,157.6728973388672
2022-02-28,452.6180725097656,678.2862548828125,218.17466735839844
2022-03-01,540.827392578125,809.48681640625,287.5534362792969
2022-03-02,523.524658203125,778.1954956054688,203.2228546142578
2022-03-03,436.8221435546875,552.4142456054688,353.82550048828125
2022-03-04,350.0732116699219,465.75494384765625,226.84716796875
2022-03-05,322.3639831542969,375.8942565917969,236.41136169433597
2022-03-06,197.6247711181641,250.4094390869141,206.3982086181641
2022-03-07,362.3121032714844,473.4303283691406,247.6778564453125
2022-03-08,352.1051025390625,408.3599853515625,360.2586975097656
2022-03-09,295.3064270019531,391.4669189453125,179.1984405517578
2022-03-10,352.4008178710937,343.8245849609375,384.1055908203125
2022-03-11,410.3309631347656,497.5877990722656,289.7564392089844
2022-03-12,298.7055053710937,401.2340698242188,183.2529754638672
2022-03-13,181.0146331787109,195.67514038085935,216.5489196777344
2022-03-14,350.1087951660156,492.6754455566406,204.0489654541016
2022-03-15,311.8822631835937,400.7980041503906,207.2815093994141
2022-03-16,473.2239685058594,632.5429077148438,343.9051513671875
2022-03-17,290.3256225585937,348.2705993652344,227.74974060058597
2022-03-18,285.3160400390625,394.0749816894531,202.4811553955078
2022-03-19,175.8885498046875,201.1031494140625,175.34715270996094
2022-03-20,130.75924682617188,159.4712677001953,156.42811584472656
2022-03-21,227.7390289306641,223.8034210205078,227.03802490234372
2022-03-22,244.8419647216797,295.4105529785156,201.01390075683597
2022-03-23,267.4743957519531,342.1744079589844,297.41851806640625
2022-03-24,317.0140991210937,420.2433166503906,265.6553955078125
2022-03-25,350.7424621582031,424.8777160644531,328.0787353515625
2022-03-26,275.0921325683594,355.8298034667969,236.15573120117188
2022-03-27,189.28958129882807,243.2548828125,205.8621063232422
2022-03-28,281.920654296875,277.0487365722656,319.3782653808594
2022-03-29,233.35958862304688,283.9694519042969,181.5736846923828
2022-03-30,233.5088806152344,243.84130859375,270.6861572265625
2022-03-31,254.8129119873047,331.6459350585937,220.89439392089844
2022-04-01,188.1578063964844,205.86724853515625,167.83352661132812
2022-04-02,188.1578063964844,247.0406951904297,187.57864379882807
2022-04-03,239.78370666503903,251.08078002929688,301.0204467773437
2022-04-04,163.0200653076172,184.35655212402344,143.01608276367188
2022-04-05,212.41769409179688,276.8825378417969,137.36032104492188
2022-04-06,175.74716186523438,247.9939117431641,116.80413055419922
2022-04-07,243.41552734375,290.41094970703125,232.1155548095703
2022-04-08,219.47674560546875,263.1421203613281,152.65199279785156
2022-04-09,178.6661834716797,168.64309692382812,211.8138885498047
2022-04-10,148.9779052734375,189.46322631835935,139.7829132080078
2022-04-11,195.2273712158203,240.8881683349609,226.01780700683597
2022-04-12,226.2524261474609,260.4959716796875,219.77252197265625
2022-04-13,258.8768920898437,254.80258178710935,305.4825134277344
2022-04-14,265.656005859375,279.5077514648437,302.6723327636719
2022-04-15,168.43563842773438,186.7460174560547,186.57464599609372
2022-04-16,166.67005920410156,138.5913848876953,207.69631958007807
2022-04-17,151.43167114257812,204.6202850341797,132.0948486328125
2022-04-18,218.6294708251953,264.432373046875,184.93280029296875
2022-04-19,213.5172576904297,223.2010498046875,243.26858520507807
2022-04-20,189.60824584960935,250.4094390869141,166.7864227294922
2022-04-21,128.264404296875,139.11634826660156,111.19095611572266
2022-04-22,246.79725646972656,319.2305908203125,218.7000732421875
2022-04-23,134.42303466796875,199.60171508789065,134.00927734375
2022-04-24,50.4451904296875,55.92900848388672,50.2899169921875
2022-04-25,246.8994598388672,285.14532470703125,232.46505737304688
2022-04-26,160.5444793701172,169.09716796875,160.05030822753906
2022-04-27,186.6986541748047,239.52207946777344,127.62787628173828
2022-04-28,176.37631225585938,219.9936370849609,131.87506103515625
2022-04-29,148.93714904785156,170.8219451904297,143.35874938964844
2022-04-30,168.43563842773438,161.28065490722656,193.3591766357422
2022-05-01,66.92056274414062,55.64654159545898,100.07186126708984
2022-05-02,96.6702651977539,107.17913055419922,128.49693298339844
2022-05-03,157.47349548339844,187.0630798339844,156.98878479003906
2022-05-04,163.44906616210938,172.156494140625,217.2612762451172
2022-05-05,144.69874572753906,171.88790893554688,144.25335693359375
2022-05-06,174.06805419921875,192.99072265625,178.79080200195312
2022-05-07,97.71585845947266,138.13145446777344,77.93206787109375
2022-05-08,98.48174285888672,119.11367797851562,124.95458984375
2022-05-09,150.86941528320312,174.54281616210938,170.0230712890625
2022-05-10,143.2461700439453,158.8182373046875,190.4069976806641
2022-05-11,176.37631225585938,210.8272399902344,175.83340454101562
2022-05-12,158.2610626220703,163.3643035888672,174.09535217285156
2022-05-13,162.08282470703125,210.58897399902344,141.38592529296875
2022-05-14,83.80007934570312,98.37513732910156,68.79940032958984
2022-05-15,77.84101867675781,129.45449829101562,68.97903442382812
2022-05-16,168.75344848632812,197.4927215576172,174.46490478515625
2022-05-17,174.62417602539062,220.00830078125,158.26060485839844
2022-05-18,165.89596557617188,195.79672241210935,128.04025268554688
2022-05-19,162.38076782226562,189.0345916748047,129.5047607421875
2022-05-20,140.9603271484375,200.9364471435547,90.3384246826172
2022-05-21,124.2212905883789,145.3765869140625,91.73253631591795
2022-05-22,75.09599304199219,97.13615417480467,49.90989303588867
2022-05-23,150.3084716796875,173.0578155517578,115.2660140991211
2022-05-24,222.35826110839844,265.49432373046875,295.5650634765625
2022-05-25,155.10350036621094,147.398193359375,209.8496856689453
2022-05-26,134.57305908203125,172.156494140625,72.23937225341797
2022-05-27,155.51962280273438,181.0471954345703,124.03273010253906
2022-05-28,118.4752426147461,118.21904754638672,113.38613891601562
2022-05-29,76.05384826660156,70.26795959472656,84.24417114257812
2022-05-30,115.82404327392578,128.4150848388672,138.56103515625
2022-05-31,190.30909729003903,217.59097290039065,177.8656005859375
2022-06-01,168.34361267089844,207.71669006347656,162.41171264648438
2022-06-02,142.59397888183594,164.17572021484375,120.28504180908205
2022-06-03,142.78309631347656,189.9657745361328,102.48738098144533
2022-06-04,102.8747787475586,153.9784698486328,61.53487014770508
2022-06-05,70.293212890625,87.67652130126953,52.55763626098633
2022-06-06,190.12530517578125,231.06211853027344,145.80006408691406
2022-06-07,139.0311279296875,201.0586700439453,108.4720458984375
2022-06-08,152.3668212890625,178.31541442871094,146.27198791503906
2022-06-09,115.55469512939452,155.56997680664062,76.79933166503906
2022-06-10,94.34528350830078,122.03498077392578,52.25271224975586
2022-06-11,103.96075439453124,125.74054718017578,84.79698181152344
2022-06-12,83.74468994140625,108.32318878173828,55.65794372558594
2022-06-13,147.22523498535156,163.2298583984375,146.77206420898438
2022-06-14,136.36642456054688,188.98825073242188,113.28888702392578
2022-06-15,110.05207824707033,91.51174926757812,120.6846694946289
2022-06-16,132.2822265625,128.32962036132812,109.89588165283205
2022-06-17,114.04771423339844,137.9407196044922,82.68848419189453
2022-06-18,98.11554718017578,116.55164337158205,111.78690338134766
2022-06-19,56.4642219543457,93.9035415649414,37.526947021484375
2022-06-20,115.72289276123048,144.3408203125,115.36668395996094
2022-06-21,116.76954650878906,153.31190490722656,98.02957916259766
2022-06-22,121.32015991210938,131.58457946777344,126.2052764892578
2022-06-23,143.56231689453125,141.48333740234375,190.8272247314453
2022-06-24,149.3589324951172,204.03732299804688,106.35655975341795
2022-06-25,123.23540496826172,131.16685485839844,117.94183349609376
2022-06-26,75.8603286743164,112.14264678955078,67.22384643554688
2022-06-27,131.99984741210938,177.7099151611328,100.26174926757812
2022-06-28,200.76168823242188,241.135009765625,189.0246124267578
2022-06-29,181.88807678222656,238.32644653320312,186.822998046875
2022-06-30,173.20616149902344,225.04116821289065,151.08888244628906
2022-07-01,119.07923889160156,153.02798461914062,107.92063903808594
2022-07-02,60.22850036621094,50.08188629150391,80.05747985839844
2022-07-03,30.20578384399414,33.48940658569336,40.15040969848633
2022-07-04,80.43762969970703,97.28931427001952,87.48003387451172
2022-07-05,109.64945220947266,86.378173828125,138.0782470703125
2022-07-06,138.9888458251953,134.83584594726562,150.1077880859375
2022-07-07,88.63056945800781,110.54864501953124,66.26831817626953
2022-07-08,110.41893005371094,122.42239379882812,83.8697509765625
2022-07-09,70.48016357421875,92.09587860107422,50.18801498413086
2022-07-10,38.51823043823242,64.0582275390625,19.19983291625977
2022-07-11,112.85301208496094,154.56134033203125,52.94382858276367
2022-07-12,113.63867950439452,113.39295196533205,147.27557373046875
2022-07-13,182.87045288085935,217.23216247558597,145.84605407714844
2022-07-14,165.35279846191406,210.8272399902344,98.9062957763672
2022-07-15,192.0329132080078,239.52207946777344,148.89918518066406
2022-07-16,102.60165405273438,113.75531768798828,87.67357635498047
2022-07-17,107.43463134765624,104.2244644165039,107.10393524169922
2022-07-18,128.70916748046875,135.19036865234375,162.07957458496094
2022-07-19,151.07994079589844,223.338134765625,89.25328063964844
2022-07-20,149.56410217285156,239.52207946777344,55.22359848022461
2022-07-21,117.50662994384766,158.19784545898438,100.40994262695312
2022-07-22,125.4760513305664,200.3275451660156,40.02873992919922
2022-07-23,109.91929626464844,124.63818359375,99.6190414428711
2022-07-24,89.26080322265625,131.95228576660156,39.54935836791992
2022-07-25,109.55962371826172,160.76870727539062,38.54907989501953
2022-07-26,160.8621063232422,178.34915161132812,154.42742919921875
2022-07-27,145.54339599609375,154.91058349609375,127.68394470214844
2022-07-28,106.68494415283205,124.1966323852539,95.72090911865234
2022-07-29,68.24624633789062,87.30598449707031,52.33551788330078
2022-07-30,119.9827651977539,130.134033203125,145.6163787841797
2022-07-31,125.18424224853516,96.08734893798828,153.59866333007812
2022-08-01,130.93153381347656,163.3105010986328,117.47565460205078
2022-08-02,204.4794921875,262.3337097167969,116.48576354980467
2022-08-03,210.2315673828125,264.58355712890625,124.61779022216795
2022-08-04,212.0501708984375,285.9346618652344,148.54957580566406
2022-08-05,163.9325408935547,206.82281494140625,112.70892333984376
2022-08-06,138.22935485839844,172.41305541992188,108.2744598388672
2022-08-07,111.03579711914062,169.2711944580078,92.24501037597656
2022-08-08,149.09796142578125,204.8358917236328,103.40105438232422
2022-08-09,212.57118225097656,255.3194274902344,153.0510711669922
2022-08-10,80.65382385253906,86.22794342041016,68.91905975341797
2022-08-11,130.26951599121094,154.74740600585938,136.05274963378906
2022-08-12,182.54019165039065,205.36009216308597,160.56910705566406
2022-08-13,112.0191879272461,133.06781005859375,63.81393814086914
2022-08-14,120.09308624267578,83.21763610839844,199.5390472412109
2022-08-15,110.41893005371094,108.01976013183594,90.65332794189452
2022-08-16,96.5411376953125,100.34622192382812,96.24397277832033
2022-08-17,156.08956909179688,173.0578155517578,138.3192138671875
2022-08-18,100.73998260498048,137.97157287597656,59.07641220092773
2022-08-19,117.67557525634766,146.77639770507812,129.04470825195312
2022-08-20,81.54013061523438,93.22936248779295,91.45027923583984
2022-08-21,122.68769073486328,109.86624908447266,150.5354461669922
2022-08-22,101.72952270507812,137.46084594726562,76.06229400634766
2022-08-23,145.3411865234375,171.21229553222656,144.89381408691406
2022-08-24,102.45054626464844,141.98472595214844,56.74177551269531
2022-08-25,149.11880493164062,141.71080017089844,169.89691162109375
2022-08-26,108.25385284423828,135.0247039794922,86.33650207519531
2022-08-27,81.79179382324219,119.0217742919922,50.962520599365234
2022-08-28,103.81266021728516,109.86624908447266,94.08465576171876
2022-08-29,120.45700073242188,144.68099975585938,146.77206420898438
2022-08-30,115.2725067138672,171.52587890625,60.48299407958984
2022-08-31,97.74789428710938,72.24928283691406,119.10192108154295
2022-09-01,187.7121734619141,201.99693298339844,198.14227294921875
2022-09-02,84.12870788574219,78.70011138916016,94.3534698486328
2022-09-03,117.78018951416016,146.90687561035156,88.06324005126953
2022-09-04,65.92174530029297,95.92798614501952,49.28912353515625
2022-09-05,83.9590835571289,101.54853057861328,45.654903411865234
2022-09-06,119.15711212158205,148.62429809570312,95.0322723388672
2022-09-07,124.28883361816406,170.7522735595703,86.19566345214844
2022-09-08,99.42936706542967,130.5452117919922,93.90628814697266
2022-09-09,94.32772064208984,129.18946838378906,55.316104888916016
2022-09-10,81.918212890625,85.1469497680664,71.45780181884766
2022-09-11,66.75199127197266,69.38296508789062,66.54652404785156
2022-09-12,111.95556640625,109.52301788330078,131.3070068359375
2022-09-13,132.26222229003906,179.9675750732422,143.84193420410156
2022-09-14,202.9320831298828,238.22735595703125,178.50656127929688
2022-09-15,95.6089096069336,56.11892318725586,156.98878479003906
2022-09-16,127.40645599365234,176.57077026367188,105.8452377319336
2022-09-17,119.15711212158205,158.5325927734375,133.04518127441406
2022-09-18,71.2380142211914,74.0457992553711,71.01873779296875
2022-09-19,122.18487548828124,158.04530334472656,67.67153930664062
2022-09-20,109.77320098876952,139.60447692871094,90.1231918334961
2022-09-21,189.75428771972656,261.4750061035156,162.14588928222656
2022-09-22,225.8568878173828,348.7845764160156,150.1077880859375
2022-09-23,187.7991180419922,277.6192932128906,93.61052703857422
2022-09-24,108.0185089111328,149.7012939453125,62.81684112548828
2022-09-25,71.04702758789062,103.38619995117188,53.12125396728516
2022-09-26,163.0200653076172,216.8900604248047,104.0116958618164
2022-09-27,155.8855438232422,240.7297515869141,99.90367126464844
2022-09-28,202.5867919921875,282.2797241210937,185.5878143310547
2022-09-29,156.9405975341797,186.43003845214844,122.930908203125
2022-09-30,162.7410430908203,226.9955596923828,104.67103576660156
2022-10-01,154.9739227294922,209.4067230224609,135.18478393554688
2022-10-02,120.60319519042967,187.19927978515625,64.12371826171875
2022-10-03,123.89524841308594,195.20106506347656,91.0102310180664
2022-10-04,164.21275329589844,254.26190185546875,90.3212661743164
2022-10-05,171.14932250976562,229.5419921875,121.08694458007812
2022-10-06,202.70140075683597,257.2644348144531,148.89918518066406
2022-10-07,144.24093627929688,239.8817138671875,39.66812515258789
2022-10-08,132.6922607421875,204.91302490234372,75.59075927734375
2022-10-09,97.9522705078125,118.47328186035156,124.28279876708984
2022-10-10,193.3405303955078,203.64035034179688,256.9938659667969
2022-10-11,228.25112915039065,233.5974884033203,256.721435546875
2022-10-12,181.95040893554688,258.0956726074219,149.38027954101562
2022-10-13,133.84112548828125,166.93963623046875,100.07186126708984
2022-10-14,147.22523498535156,183.6335906982422,94.3534698486328
2022-10-15,92.4211196899414,129.43336486816406,58.19156265258789
2022-10-16,64.23261260986328,76.30204010009766,54.887054443359375
2022-10-17,171.66856384277344,200.90431213378903,139.44754028320312
2022-10-18,128.9849395751953,195.00912475585935,58.44905090332031
2022-10-19,160.19326782226562,190.2938690185547,148.29299926757812
2022-10-20,159.91705322265625,180.4674835205078,148.03733825683594
2022-10-21,174.34567260742188,237.22999572753903,115.8726806640625
2022-10-22,108.37702941894533,117.54639434814452,122.13607025146484
2022-10-23,52.3036994934082,43.492164611816406,104.28540802001952
2022-10-24,93.57535552978516,124.49734497070312,37.3149299621582
2022-10-25,139.72164916992188,193.6382293701172,69.64579010009766
2022-10-26,133.39198303222656,138.64952087402344,110.8178253173828
2022-10-27,180.4924774169922,220.7134552001953,201.1059417724609
2022-10-28,203.68539428710935,267.42755126953125,128.2474365234375
2022-10-29,81.26068115234375,119.24259185791016,28.59195899963379
2022-10-30,51.75886917114258,71.73186492919922,34.39970016479492
2022-10-31,113.79048919677734,105.13373565673828,138.64918518066406
2022-11-01,136.88296508789062,127.48117065429688,163.7539520263672
2022-11-02,150.81610107421875,214.98565673828125,75.17593383789062
2022-11-03,186.55252075195312,251.5528717041016,120.63455963134766
2022-11-04,115.8915786743164,136.52059936523438,115.53485870361328
2022-11-05,95.81807708740234,121.41063690185548,72.77953338623047
2022-11-06,101.14710235595705,140.1782989501953,84.02980041503906
2022-11-07,139.72164916992188,183.9563140869141,104.46868896484376
2022-11-08,225.7375640869141,305.5709533691406,146.53944396972656
2022-11-09,137.41021728515625,163.2298583984375,156.55685424804688
2022-11-10,98.15015411376952,81.61492919921875,127.20244598388672
2022-11-11,111.09221649169922,125.9681625366211,110.75025939941406
2022-11-12,47.662845611572266,63.41303634643555,28.50968170166016
2022-11-13,46.00788497924805,45.90839767456055,73.38603210449219
2022-11-14,188.92971801757807,198.9945831298828,163.23509216308594
2022-11-15,196.5082550048828,280.1190185546875,100.75031280517578
2022-11-16,170.58071899414062,183.02349853515625,164.5699920654297
2022-11-17,153.21286010742188,193.2985076904297,158.00819396972656
2022-11-18,77.71419525146484,88.8549575805664,67.79061889648438
2022-11-19,81.97037506103516,96.22721099853516,76.91112518310547
2022-11-20,60.385345458984375,71.73186492919922,68.79940032958984
2022-11-21,107.62855529785156,159.10491943359375,83.45343017578125
2022-11-22,105.24880981445312,119.76103973388672,143.58135986328125
2022-11-23,105.60198974609376,138.64952087402344,99.73604583740234
2022-11-24,46.46888732910156,44.16038131713867,39.70787048339844
2022-11-25,80.51380157470703,76.51399230957031,80.2659683227539
2022-11-26,94.32772064208984,92.27819061279295,99.56898498535156
2022-11-27,85.42438507080078,110.495849609375,37.84952926635742
2022-11-28,87.9999008178711,146.34934997558594,25.06543731689453
2022-11-29,100.55011749267578,111.48076629638672,66.82707977294922
2022-11-30,81.59033203125,126.64385223388672,21.690452575683597
2022-12-01,65.94698333740234,84.36458587646484,40.45784378051758
2022-12-02,109.09654235839844,123.70526885986328,138.42276000976562
2022-12-03,106.4093017578125,84.6355972290039,138.36752319335938
2022-12-04,51.62443161010742,57.23644256591797,68.6207046508789
2022-12-05,98.96951293945312,106.5010223388672,139.2915802001953
2022-12-06,139.096923828125,162.78561401367188,133.53289794921875
2022-12-07,127.40645599365234,150.08514404296875,74.09166717529297
2022-12-08,140.9603271484375,171.3112030029297,97.28752899169922
2022-12-09,117.3084716796875,176.51121520996094,55.68922805786133
2022-12-10,46.72901153564453,51.80884552001953,51.76130676269531
2022-12-11,18.45441627502441,15.34542465209961,18.397611618041992
2022-12-12,158.36978149414062,153.63766479492188,157.88229370117188
2022-12-13,152.62684631347656,150.4165802001953,146.52159118652344
2022-12-14,133.39198303222656,138.64952087402344,166.22674560546875
2022-12-15,73.61261749267578,84.75396728515625,45.1606330871582
2022-12-16,98.7958755493164,96.64925384521484,127.45994567871094
2022-12-17,74.71957397460938,82.84222412109375,79.45555114746094
2022-12-18,49.73825454711914,66.17427062988281,39.66812515258789
2022-12-19,171.4579620361328,159.68138122558594,164.09298706054688
2022-12-20,132.74404907226562,130.45008850097656,132.33546447753906
2022-12-21,169.54087829589844,195.20106506347656,169.01901245117188
2022-12-22,159.0032501220703,165.2702178955078,184.93280029296875
2022-12-23,114.92581939697266,78.70011138916016,161.74879455566406
2022-12-24,80.7943344116211,103.35848999023438,61.95818710327149
2022-12-25,74.1619644165039,82.22399139404297,49.28912353515625
2022-12-26,64.6985855102539,64.55868530273438,51.599552154541016
2022-12-27,146.81739807128906,152.6040802001953,128.06979370117188
2022-12-28,151.88629150390625,192.4544219970703,86.52501678466797
2022-12-29,116.48590087890624,121.07709503173828,101.6114273071289
2022-12-30,150.22982788085938,112.42872619628906,194.6976318359375
2022-12-31,74.57938385009766,82.6867904663086,99.13309478759766
2023-01-01,34.62614440917969,38.39029693603516,23.01304054260254
2023-01-02,117.05186462402344,155.73165893554688,93.35325622558594
2023-01-03,198.44876098632807,215.7906188964844,167.40130615234375
2023-01-04,94.28560638427734,94.08171844482422,100.26174926757812
2023-01-05,100.73998260498048,88.69601440429688,118.15282440185548
2023-01-06,88.7294921875,88.53762817382812,106.14765167236328
2023-01-07,88.86172485351562,73.89131164550781,108.2744598388672
2023-01-08,29.228540420532227,32.40592956542969,19.42571449279785
2023-01-09,86.12676239013672,99.1621322631836,52.83794403076172
2023-01-10,114.62171936035156,114.37386322021484,102.84201049804688
2023-01-11,129.44314575195312,156.56149291992188,82.1193618774414
2023-01-12,114.44572448730467,105.7391128540039,126.77049255371094
2023-01-13,103.69776916503906,124.55147552490234,80.40556335449219
2023-01-14,95.40194702148438,123.40176391601562,42.27035140991211
2023-01-15,42.60537338256836,70.85540008544922,21.23711395263672
2023-01-16,107.10379791259766,114.50593566894533,152.5344696044922
2023-01-17,127.40645599365234,169.5079345703125,88.90999603271484
2023-01-18,76.7813720703125,100.32960510253906,65.61003112792969
2023-01-19,115.06175994873048,110.78443145751952,120.74484252929688
2023-01-20,152.3668212890625,168.93038940429688,123.76859283447266
2023-01-21,126.19306182861328,139.9113006591797,115.32090759277344
2023-01-22,41.53689956665039,34.53923034667969,41.40904235839844
2023-01-23,87.70545959472656,78.53982543945312,80.70968627929688
2023-01-24,89.98486328125,121.59100341796876,67.2809066772461
2023-01-25,110.61297607421876,106.5010223388672,116.0763168334961
2023-01-26,71.49427032470703,59.44972229003906,83.15322875976562
2023-01-27,120.77069091796876,86.0782470703125,171.99850463867188
2023-01-28,82.9361572265625,89.24754333496094,58.36296844482422
2023-01-29,55.20946502685547,91.8167953491211,0.0
2023-01-30,155.17120361328125,213.1795196533203,94.16130065917967
2023-01-31,148.3239288330078,146.17599487304688,153.3439483642578
2023-02-01,108.70256805419922,123.69100952148438,114.07154846191406
2023-02-02,130.60302734375,167.83714294433594,118.36457061767578
2023-02-03,116.32762908935548,128.97341918945312,99.40248107910156
2023-02-04,119.19284057617188,165.18763732910156,89.11946105957031
2023-02-05,83.86247253417969,122.03498077392578,20.901084899902344
2023-02-06,112.52884674072266,128.6604766845703,126.2052764892578
2023-02-07,138.02365112304688,166.93963623046875,125.08982849121094
2023-02-08,134.977294921875,187.0630798339844,67.2809066772461
2023-02-09,169.5853729248047,188.020751953125,169.06336975097656
2023-02-10,147.8824920654297,167.23773193359375,153.3243865966797
2023-02-11,98.81238555908205,133.03001403808594,65.67215728759766
2023-02-12,75.77769470214844,90.01647186279297,86.33650207519531
2023-02-13,110.41893005371094,86.41580963134766,142.45523071289062
2023-02-14,82.66657257080078,127.6597137451172,35.319480895996094
2023-02-15,119.2741241455078,144.26206970214844,86.4778060913086
2023-02-16,134.74850463867188,149.39682006835938,123.13927459716795
2023-02-17,106.09647369384766,156.84007263183594,58.76105499267578
2023-02-18,86.7698745727539,110.34992218017578,50.88399505615234
2023-02-19,115.21974182128906,159.68138122558594,114.86508178710938
2023-02-20,146.02967834472656,204.51071166992188,76.62114715576172
2023-02-21,174.98080444335938,220.76168823242188,132.33546447753906
2023-02-22,150.3084716796875,173.0578155517578,149.84580993652344
2023-02-23,127.8748550415039,121.52223205566406,145.69285583496094
2023-02-24,110.97380065917967,147.6450958251953,88.5057601928711
2023-02-25,84.05022430419922,106.89118957519533,78.86260223388672
2023-02-26,67.60342407226562,56.21436309814453,89.86044311523438
2023-02-27,125.6263198852539,142.94830322265625,92.2818374633789
2023-02-28,146.95309448242188,162.9281463623047,146.50076293945312
2023-03-01,92.77371978759766,108.90953826904295,97.92863464355467
2023-03-02,121.40300750732422,115.37188720703124,149.84580993652344
2023-03-03,154.6261444091797,128.57647705078125,213.43870544433597
2023-03-04,101.2575225830078,88.20826721191406,115.36668395996094
2023-03-05,60.04654312133789,83.21763610839844,19.95390510559082
2023-03-06,106.85701751708984,133.28244018554688,53.26405334472656
2023-03-07,161.43118286132812,204.03732299804688,90.1231918334961
2023-03-08,125.93231964111328,173.01014709472656,54.58464813232422
2023-03-09,147.4773406982422,198.09788513183597,79.16643524169922
2023-03-10,113.44409942626952,141.4984893798828,67.85694122314453
2023-03-11,84.21781921386719,101.15409088134766,55.97239303588867
2023-03-12,77.71419525146484,96.93268585205078,77.47498321533203
2023-03-13,144.29745483398438,177.37335205078125,87.56288146972656
2023-03-14,117.3084716796875,148.64102172851562,122.5163116455078
2023-03-15,101.751220703125,122.21348571777344,101.43802642822266
2023-03-16,112.81190490722656,119.39025115966795,163.58494567871094
2023-03-17,85.22901153564453,103.94354248046876,90.63111877441406
2023-03-18,87.94427490234375,113.75531768798828,58.44905090332031
2023-03-19,32.057106018066406,35.54198455810547,21.305620193481445
2023-03-20,94.06885528564452,111.7445831298828,80.38226318359375
2023-03-21,129.9046173095703,157.11964416503906,141.27792358398438
2023-03-22,114.43415832519533,170.27841186523438,48.03449249267578
2023-03-23,100.5713119506836,125.44230651855467,75.1963119506836
2023-03-24,72.6195297241211,83.6105728149414,55.68922805786133
2023-03-25,101.6125030517578,101.39278411865234,101.29973602294922
2023-03-26,31.64873695373535,52.63383102416992,0.0
2023-03-27,120.9456787109375,167.6168670654297,53.588172912597656
2023-03-28,76.7618179321289,98.19977569580078,47.09263610839844
2023-03-29,79.95852661132812,75.98631286621094,79.71240997314453
2023-03-30,129.30096435546875,133.11727905273438,110.4882583618164
2023-03-31,90.4455337524414,122.21348571777344,45.08356475830078
2023-04-01,52.35380172729492,63.32192611694336,28.46871757507324
2023-04-02,43.58641815185547,72.48694610595703,43.45225524902344
2023-04-03,84.60388946533203,97.40878295898438,64.87959289550781
2023-04-04,119.4284439086914,146.34934997558594,75.1963119506836
2023-04-05,117.88497161865234,147.03756713867188,105.7698974609375
2023-04-06,173.69268798828125,226.9628753662109,123.68431091308594
2023-04-07,169.00856018066406,224.85745239257807,134.79066467285156
2023-04-08,64.8544921875,58.07688522338867,69.62831115722656
2023-04-09,44.02083206176758,54.90705490112305,65.8280029296875
2023-04-10,142.78309631347656,201.83865356445312,56.93743515014648
2023-04-11,92.75189971923828,110.1801528930664,52.83794403076172
2023-04-12,119.4284439086914,114.98876953125,112.7944564819336
2023-04-13,126.19306182861328,167.89356994628906,75.48277282714844
2023-04-14,119.80353546142578,169.3546600341797,47.77390670776367
2023-04-15,87.3079833984375,111.03426361083984,51.199554443359375
2023-04-16,42.06435394287109,69.95565032958984,20.967437744140625
2023-04-17,91.62421417236328,93.77033996582033,98.3685073852539
2023-04-18,106.85701751708984,88.8549575805664,146.47613525390625
2023-04-19,158.03074645996094,151.6240692138672,169.66310119628906
2023-04-20,95.6698226928711,79.55245971679688,107.2972640991211
2023-04-21,140.05340576171875,162.02963256835938,97.12857055664062
2023-04-22,70.80297088623047,50.46419143676758,100.83576202392578
2023-04-23,56.4642219543457,31.301179885864254,93.81736755371094
2023-04-24,159.4671630859375,204.9302673339844,86.71434783935547
2023-04-25,180.23350524902344,165.3735809326172,173.48292541503906
2023-04-26,105.3466796875,97.33229064941406,116.69156646728516
2023-04-27,117.88497161865234,88.22254180908203,164.53094482421875
2023-04-28,117.88497161865234,107.82755279541016,117.52210998535156
2023-04-29,63.05033493041992,64.52717590332031,48.35097122192383
2023-04-30,71.34761047363281,84.75396728515625,101.6114273071289
2023-05-01,104.6073989868164,127.57701873779295,111.23776245117188
2023-05-02,77.03646087646484,53.38185501098633,89.5992202758789
2023-05-03,149.52561950683594,133.8994903564453,160.5319366455078
2023-05-04,118.0840301513672,103.35848999023438,136.30799865722656
2023-05-05,69.73827362060547,106.3141860961914,23.174535751342773
2023-05-06,91.45125579833984,84.49398040771484,111.42970275878906
2023-05-07,42.60537338256836,70.85540008544922,0.0
2023-05-08,51.75886917114258,49.18756866455078,58.97091674804688
2023-05-09,116.35051727294922,102.44022369384766,150.1077880859375
2023-05-10,118.51763153076172,147.82667541503906,70.89169311523438
2023-05-11,137.27757263183594,178.67051696777344,71.40262603759766
2023-05-12,146.2168426513672,184.4720916748047,100.52880096435548
2023-05-13,88.82279205322266,86.89286041259766,93.7581787109375
2023-05-14,74.02385711669922,61.55315780639648,92.24501037597656
2023-05-15,135.86703491210938,150.63693237304688,116.09899139404295
2023-05-16,137.52537536621094,119.32868957519533,143.06301879882812
2023-05-17,89.37788391113281,139.3509521484375,11.137845993041992
2023-05-18,125.21733856201172,151.45037841796875,102.13519287109376
2023-05-19,160.85305786132812,158.8332977294922,140.31320190429688
2023-05-20,98.44183349609376,106.41470336914062,107.95269775390624
2023-05-21,60.22850036621094,50.08188629150391,80.05747985839844
2023-05-22,78.2496337890625,108.44503021240234,39.00438690185547
2023-05-23,183.6913604736328,213.8431854248047,146.50076293945312
2023-05-24,115.21974182128906,153.29412841796875,80.40556335449219
2023-05-25,106.28559112548828,137.4796905517578,117.7315902709961
2023-05-26,61.34384536743164,64.92096710205078,55.59547805786133
2023-05-27,85.71331787109375,109.00624084472656,70.37016296386719
2023-05-28,36.50212478637695,15.176329612731934,54.58464813232422
2023-05-29,44.966983795166016,49.85527420043945,44.82857131958008
2023-05-30,111.29180908203124,141.5357666015625,65.26425170898438
2023-05-31,219.58306884765625,281.7106018066406,137.5988006591797
2023-06-01,182.39715576171875,225.05715942382807,140.7760467529297
2023-06-02,129.57322692871094,159.27403259277344,123.55810546875
2023-06-03,119.01441192626952,123.70526885986328,108.76073455810548
2023-06-04,38.18521881103516,31.75220489501953,38.06768035888672
2023-06-05,107.08731079101562,142.47433471679688,42.70307922363281
2023-06-06,133.4734344482422,131.16685485839844,133.06259155273438
2023-06-07,142.2924346923828,123.05343627929688,158.87696838378906
2023-06-08,78.73674774169922,84.17838287353516,78.49439239501953
2023-06-09,96.3266830444336,124.59790802001952,53.35010147094727
2023-06-10,97.14274597167967,121.16585540771484,67.79061889648438
2023-06-11,81.29000091552734,84.49398040771484,101.29973602294922
2023-06-12,65.72555541992188,54.6528549194336,65.52323913574219
2023-06-13,77.17451477050781,108.60050964355467,59.18228530883789
2023-06-14,72.13296508789062,73.82254791259766,77.44254302978516
2023-06-15,158.32125854492188,182.28335571289065,133.55178833007812
2023-06-16,111.43194580078124,117.92982482910156,90.89095306396484
2023-06-17,93.1047134399414,122.24129486083984,78.16263580322266
2023-06-18,84.69633483886719,93.9035415649414,112.58084106445312
2023-06-19,107.78419494628906,107.5511245727539,100.28893280029295
2023-06-20,142.78309631347656,180.4674835205078,102.48738098144533
2023-06-21,127.8748550415039,162.02963256835938,72.84642791748047
2023-06-22,154.50408935546875,185.0039978027344,98.5782470703125
2023-06-23,46.4107551574707,38.59199523925781,46.26789855957031
2023-06-24,105.08145141601562,124.8264617919922,119.72342681884766
2023-06-25,125.18424224853516,192.17469787597656,134.39883422851562
2023-06-26,169.5130615234375,211.43313598632807,140.82606506347656
2023-06-27,118.30599212646484,167.23773193359375,94.3534698486328
2023-06-28,82.5390625,82.36058044433594,109.71332550048828
2023-06-29,120.89662170410156,160.84693908691406,72.314697265625
2023-06-30,102.6733856201172,125.81746673583984,86.19566345214844
2023-07-01,103.0347671508789,119.9472885131836,92.44585418701172
2023-07-02,69.4250717163086,98.9642105102539,59.32403564453125
2023-07-03,45.37763977050781,53.90418243408203,38.77539825439453
2023-07-04,109.93034362792967,109.69263458251952,116.89810180664062
2023-07-05,89.85264587402344,109.58242797851562,95.54781341552734
2023-07-06,172.6627960205078,202.06784057617188,140.25515747070312
2023-07-07,120.56138610839844,85.92906188964844,171.70040893554688
2023-07-08,58.67672348022461,53.22712707519531,53.17827987670898
2023-07-09,75.93278503417969,63.1404914855957,75.69905853271484
2023-07-10,138.2980499267578,164.28451538085938,105.04560089111328
2023-07-11,141.3526153564453,122.64952087402344,134.79066467285156
2023-07-12,203.18724060058597,255.99478149414065,110.4882583618164
2023-07-13,80.51380157470703,95.64249420166016,57.33283615112305
2023-07-14,151.36514282226562,193.6382293701172,104.46868896484376
2023-07-15,65.74562072753906,100.92838287353516,20.16715240478516
2023-07-16,30.577547073364254,50.85237884521485,0.0
2023-07-17,110.8536376953125,119.28954315185548,91.0102310180664
2023-07-18,151.43167114257812,167.89356994628906,138.3850860595703
2023-07-19,188.8271484375,260.19744873046875,139.83982849121094
2023-07-20,127.64022827148438,141.5157928466797,145.42552185058594
2023-07-21,112.39069366455078,127.88768005371094,106.14765167236328
2023-07-22,36.51649475097656,34.70241165161133,62.40701675415039
2023-07-23,49.44130706787109,65.7791976928711,78.86260223388672
2023-07-24,143.43077087402344,159.0229034423828,163.4163055419922
2023-07-25,61.7248649597168,68.43487548828125,54.697662353515625
2023-07-26,84.0753173828125,93.21501922607422,55.877685546875
2023-07-27,132.50270080566406,190.3111724853516,60.043113708496094
2023-07-28,130.33053588867188,162.56088256835938,97.447021484375
2023-07-29,71.89212036132812,64.3790512084961,66.1576919555664
2023-07-30,10.068594932556152,0.0,20.075204849243164
2023-07-31,154.3993377685547,175.07440185546875,111.94478607177734
2023-08-01,116.9141616821289,140.42568969726562,103.60381317138672
2023-08-02,132.7555694580078,147.18722534179688,138.64918518066406
2023-08-03,88.7294921875,88.53762817382812,106.14765167236328
2023-08-04,119.37181091308594,119.11367797851562,95.20349884033205
2023-08-05,97.42845916748048,119.39025115966795,71.56841278076172
2023-08-06,30.182849884033203,37.64697647094727,15.04497241973877
2023-08-07,117.56503295898438,115.0105972290039,96.5202407836914
2023-08-08,108.29548645019533,127.13095092773438,88.90999603271484
2023-08-09,105.72024536132812,97.6774444580078,93.68428802490234
2023-08-10,131.0054931640625,145.2469024658203,124.38309478759766
2023-08-11,142.3582763671875,200.3275451660156,76.41851043701172
2023-08-12,119.2741241455078,144.26206970214844,129.7167205810547
2023-08-13,60.70150375366211,72.10742950439453,69.15960693359375
2023-08-14,114.96981048583984,119.50125122070312,143.26991271972656
2023-08-15,114.6426010131836,140.48471069335938,72.18297576904297
2023-08-16,100.02424621582033,127.20621490478516,105.58203125
2023-08-17,116.02689361572266,154.36798095703125,69.40184783935547
2023-08-18,77.42227935791016,110.36409759521484,33.0788459777832
2023-08-19,114.04771423339844,129.31942749023438,113.69666290283205
2023-08-20,43.701419830322266,43.6069221496582,52.2802848815918
2023-08-21,97.22421264648438,103.94354248046876,83.07852172851562
2023-08-22,81.09864044189453,82.99822998046875,62.19154739379883
2023-08-23,126.71024322509766,130.45008850097656,96.24397277832033
2023-08-24,61.5718879699707,71.67854309082031,49.10589218139648
2023-08-25,40.25690078735352,66.94974517822266,11.466567039489746
2023-08-26,85.97503662109375,92.51768493652344,80.66860961914062
2023-08-27,41.93123626708984,55.78741836547852,16.720867156982422
2023-08-28,75.4415054321289,79.84069061279297,68.37207794189453
2023-08-29,115.63378143310548,169.6819610595703,40.68629837036133
2023-08-30,163.29559326171875,213.37705993652344,116.28068542480467
2023-08-31,117.42311096191406,102.77999114990234,110.9005355834961
2023-09-01,73.48699951171875,84.60932922363281,45.08356475830078
2023-09-02,58.97747039794922,57.2152099609375,58.795928955078125
2023-09-03,16.358360290527344,27.20497703552246,16.308006286621094
2023-09-04,100.61537170410156,115.84362030029295,61.7265625
2023-09-05,121.78558349609376,182.28335571289065,24.28214263916016
2023-09-06,76.62522888183594,88.22254180908203,47.00884246826172
2023-09-07,80.34212493896484,92.5019989013672,61.61140441894531
2023-09-08,80.14276123046875,88.8549575805664,95.87529754638672
2023-09-09,44.43086242675781,32.84058380126953,59.05879974365234
2023-09-10,16.60434913635254,13.807036399841309,16.553239822387695
2023-09-11,93.49989318847656,122.17556762695312,39.94804000854492
2023-09-12,164.96852111816406,230.4564971923828,65.78429412841797
2023-09-13,134.78366088867188,198.289794921875,31.00818252563477
2023-09-14,119.93779754638672,123.4777603149414,102.48738098144533
2023-09-15,106.68494415283205,133.06781005859375,85.08525085449219
2023-09-16,79.46189880371094,90.85319519042967,69.31513977050781
2023-09-17,64.32170104980469,93.59963989257812,48.0927848815918
2023-09-18,114.6917495727539,168.29962158203125,94.16130065917967
2023-09-19,207.4167633056641,314.51055908203125,97.30744171142578
2023-09-20,190.11257934570312,258.683837890625,206.7571563720703
2023-09-21,162.9131622314453,225.77899169921875,108.2744598388672
2023-09-22,131.62521362304688,164.17572021484375,109.35003662109376
2023-09-23,70.02175903320312,89.57735443115234,42.95767593383789
2023-09-24,66.41739654541016,69.0351791381836,66.21295928955078
2023-09-25,109.96076202392578,171.442138671875,41.10835647583008
2023-09-26,81.25166320800781,114.33789825439452,24.92355728149414
2023-09-27,101.4660415649414,138.96595764160156,47.601749420166016
2023-09-28,64.37852478027344,68.13260650634766,58.34578323364258
2023-09-29,86.41481018066406,76.64706420898438,91.89207458496094
2023-09-30,82.55619812011719,85.81008911132812,72.01432800292969
2023-10-01,38.97138595581055,25.924739837646484,77.7028579711914
2023-10-02,63.45914840698242,84.42923736572266,37.958290100097656
2023-10-03,107.04885864257812,148.35748291015625,83.00394439697266
2023-10-04,61.24074935913086,64.81185913085938,66.60244750976562
2023-10-05,54.304386138916016,70.24235534667969,36.09148788452149
2023-10-06,161.30764770507812,220.3603057861328,91.89207458496094
2023-10-07,54.14300537109375,32.74298858642578,68.69717407226562
2023-10-08,75.66779327392578,69.91126251220703,83.8165283203125
2023-10-09,227.07118225097656,211.0305328369141,279.63629150390625
2023-10-10,259.08349609375,297.5069274902344,282.8847045898437
2023-10-11,265.9303894042969,278.8153991699219,265.11181640625
2023-10-12,218.0117645263672,221.56886291503903,229.4151763916016
2023-10-13,287.3145446777344,318.5480651855469,292.04644775390625
2023-10-14,216.0370178222656,248.0764312744141,184.6046142578125
2023-10-15,154.47207641601562,171.2644805908203,136.88584899902344
2023-10-16,290.3445739746094,296.3012084960937,381.54888916015625
2023-10-17,274.5221862792969,324.65606689453125,267.595458984375
2023-10-18,333.0094299316406,359.49432373046875,349.457275390625
2023-10-19,338.8517150878906,330.3461303710937,430.997314453125
2023-10-20,298.6288146972656,331.09228515625,363.8672790527344
2023-10-21,251.51968383789065,258.0956726074219,256.0805053710937
2023-10-22,105.160888671875,0.0,209.67437744140625
2023-10-23,312.774658203125,307.3695373535156,467.71783447265625
2023-10-24,250.00511169433597,249.4644927978516,286.62091064453125
2023-10-25,208.0899810791016,224.47569274902344,224.2696990966797
2023-10-26,168.43563842773438,155.62168884277344,223.8895721435547
2023-10-27,251.86463928222656,236.750732421875,283.8401794433594
2023-10-28,173.5397491455078,169.76910400390625,234.06637573242188
2023-10-29,133.1291961669922,104.18927001953124,187.3685760498047
2023-10-30,205.43055725097656,213.5274200439453,191.9983367919922
2023-10-31,172.08143615722656,173.75347900390625,208.31283569335935
2023-11-01,251.7322540283203,247.38201904296875,262.36456298828125
2023-11-02,219.58306884765625,198.2407989501953,287.7065734863281
2023-11-03,174.9210662841797,109.0892562866211,261.573974609375
2023-11-04,157.24212646484375,148.18533325195312,188.10975646972656
2023-11-05,92.95470428466795,84.32154846191406,134.79066467285156
2023-11-06,182.9025115966797,146.45623779296875,229.61273193359372
2023-11-07,140.21450805664062,106.87669372558594,174.7286376953125
2023-11-08,132.50270080566406,120.19652557373048,204.14659118652344
2023-11-09,201.4799652099609,177.39202880859375,259.93621826171875
2023-11-10,180.9846649169922,164.17572021484375,229.63510131835935
2023-11-11,161.4616241455078,155.91531372070312,186.9266815185547
2023-11-12,128.3940887451172,156.58677673339844,119.4656219482422
2023-11-13,131.046630859375,84.75396728515625,159.6750946044922
2023-11-14,148.2277374267578,160.76870727539062,141.3466339111328
2023-11-15,130.60302734375,148.0915985107422,94.691650390625
2023-11-16,170.8645477294922,155.82882690429688,219.7917633056641
2023-11-17,149.48410034179688,119.32868957519533,178.82876586914062
2023-11-18,111.65958404541016,79.58438110351562,148.4211883544922
2023-11-19,101.5645751953125,90.95059967041016,171.34945678710938
2023-11-20,204.90109252929688,227.17556762695312,217.888427734375
2023-11-21,96.48255157470705,85.57682037353516,141.07217407226562
2023-11-22,191.44436645507807,231.55198669433597,127.23672485351562
2023-11-23,175.45379638671875,128.3878936767578,223.8895721435547
2023-11-24,152.79371643066406,111.80642700195312,231.5315704345703
2023-11-25,125.1051788330078,144.73583984375,108.45225524902344
2023-11-26,87.86651611328125,102.2892608642578,122.6344757080078
2023-11-27,166.35165405273438,180.42601013183597,173.05003356933594
2023-11-28,184.384765625,169.1825714111328,215.50982666015625
2023-11-29,88.7790298461914,55.36690902709961,143.8218536376953
2023-11-30,178.9017333984375,163.1587677001953,230.13040161132807
2023-12-01,94.81410217285156,88.69601440429688,106.33753967285156
2023-12-02,122.122314453125,93.0861587524414,152.18301391601562
2023-12-03,110.7027816772461,42.48591995239258,186.7665100097656
2023-12-04,194.8569183349609,151.2276611328125,259.009521484375
2023-12-05,89.69046020507812,109.38462829589844,59.60959243774414
2023-12-06,131.24276733398438,113.4977798461914,177.94076538085938
2023-12-07,194.16470336914065,215.2720642089844,175.9700469970703
2023-12-08,153.5236358642578,137.4796905517578,188.37054443359372
2023-12-09,106.34246826171876,123.79792785644533,106.01513671875
2023-12-10,124.1243133544922,154.81988525390625,154.6778106689453
2023-12-11,153.77490234375,149.18008422851562,140.52642822265625
2023-12-12,167.4221954345703,178.9930419921875,166.9068603515625
2023-12-13,192.79495239257807,194.32125854492188,244.6201019287109
2023-12-14,148.67898559570312,118.68598175048828,213.43870544433597
2023-12-15,169.25527954101562,211.11160278320312,204.8916473388672
2023-12-16,104.33283996582033,104.10723114013672,145.6163787841797
2023-12-17,90.89362335205078,100.77452850341795,140.9548797607422
2023-12-18,144.02468872070312,83.31202697753906,237.22137451171875
2023-12-19,187.75686645507807,156.12571716308594,240.65863037109372
2023-12-20,143.77462768554688,95.64249420166016,229.3313446044922
2023-12-21,114.01953887939452,99.80085754394533,143.58135986328125
2023-12-22,89.36782836914062,138.7160186767578,71.27420043945312
2023-12-23,150.29798889160156,149.97299194335938,143.84193420410156
2023-12-24,52.91641998291016,88.0033187866211,42.20282745361328
2023-12-25,136.3998565673828,97.21778869628906,194.25714111328125
2023-12-26,139.57447814941406,92.84844207763672,222.63177490234372
2023-12-27,180.18150329589844,138.30145263671875,234.89671325683597
2023-12-28,122.68769073486328,96.01756286621094,143.89418029785156
2023-12-29,221.28489685058597,301.099609375,213.91879272460935
2023-12-30,190.9830322265625,197.14141845703125,236.3526153564453
2023-12-31,110.08533477783205,99.86116790771484,179.5851593017578
2024-01-01,167.60015869140625,114.77099609375,275.1976013183594
2024-01-02,131.12246704101562,91.8167953491211,192.6383209228516
2024-01-03,149.3903045654297,108.01976013183594,259.009521484375
2024-01-04,180.68551635742188,155.81031799316406,240.1724548339844
2024-01-05,167.4893798828125,165.06390380859375,197.89491271972656
2024-01-06,131.24276733398438,122.2283706665039,146.53944396972656
2024-01-07,89.04752349853516,74.0457992553711,142.0374755859375
2024-01-08,106.6277084350586,106.39714813232422,141.732666015625
2024-01-09,241.2696990966797,206.04556274414065,299.0336303710937
2024-01-10,118.09510040283205,108.01976013183594,129.5047607421875
2024-01-11,165.3104705810547,148.03475952148438,190.15573120117188
2024-01-12,210.59278869628903,189.3129730224609,238.31544494628903
2024-01-13,160.0274200439453,141.9390106201172,212.71311950683597
2024-01-14,107.43463134765624,119.11367797851562,107.10393524169922
2024-01-15,106.3993911743164,94.37271881103516,141.42916870117188
2024-01-16,193.3890686035156,145.2469024658203,286.0811462402344
2024-01-17,176.20040893554688,175.81939697265625,234.2107391357422
2024-01-18,167.4893798828125,206.32986450195312,160.78961181640625
2024-01-19,207.4058380126953,246.3778076171875,212.67507934570312
2024-01-20,83.86247253417969,61.01749038696289,146.30758666992188
2024-01-21,70.10725402832031,58.2963752746582,104.83718872070312
2024-01-22,186.62353515625,121.92974853515624,239.2059631347656
2024-01-23,169.07244873046875,124.96803283691406,249.70672607421875
2024-01-24,159.14471435546875,107.82755279541016,235.04421997070312
2024-01-25,202.2942047119141,210.26747131347656,252.08941650390625
2024-01-26,141.32115173339844,112.81244659423828,191.6051483154297
2024-01-27,178.9195556640625,161.529541015625,234.42759704589844
2024-01-28,152.74087524414062,95.25662231445312,190.33839416503903
2024-01-29,140.53317260742188,144.68099975585938,200.1437225341797
2024-01-30,206.2771148681641,171.52587890625,254.028564453125
2024-01-31,205.60765075683597,170.96920776367188,250.5247344970703
2024-02-01,147.4983673095703,143.0911102294922,159.29806518554688
2024-02-02,171.52455139160156,169.37078857421875,245.8075714111328
2024-02-03,96.79580688476562,116.26152801513672,117.94183349609376
2024-02-04,85.66985321044922,126.64385223388672,113.87487030029295
2024-02-05,125.87757110595705,121.19816589355467,145.30433654785156
2024-02-06,118.75242614746094,62.36612319946289,162.0031280517578
2024-02-07,100.38084411621094,74.19538879394531,144.54823303222656
2024-02-08,116.2304458618164,77.31940460205078,162.22174072265625
2024-02-09,194.5299835205078,175.6227264404297,277.0445861816406
2024-02-10,98.4957504272461,94.83424377441406,113.69666290283205
2024-02-11,86.26477813720703,28.6927490234375,154.7986602783203
2024-02-12,156.3873291015625,189.1504821777344,184.2524871826172
2024-02-13,187.85829162597656,135.3820343017578,262.1920471191406
2024-02-14,135.8093719482422,137.4796905517578,153.0510711669922
2024-02-15,214.8081512451172,216.22386169433597,247.95962524414065
2024-02-16,160.93446350097656,167.27755737304688,133.69923400878906
2024-02-17,87.02969360351562,81.41390991210938,119.2974853515625
2024-02-18,80.7943344116211,89.57735443115234,89.49515533447266
2024-02-19,167.8173065185547,109.20939636230467,218.21836853027344
2024-02-20,170.2109832763672,141.5357666015625,221.8984832763672
2024-02-21,193.75396728515625,197.4927215576172,236.77378845214844
2024-02-22,219.58306884765625,302.5780639648437,125.08982849121094
2024-02-23,167.06863403320312,191.61764526367188,149.32461547851562
2024-02-24,111.12447357177734,70.40264892578125,147.70989990234375
2024-02-25,87.17283630371094,101.4817123413086,86.90451049804688
2024-02-26,200.9716796875,149.82656860351562,276.3490600585937
2024-02-27,166.86441040039062,215.83799743652344,98.5782470703125
2024-02-28,177.458984375,157.4002227783203,188.7069396972656
2024-02-29,153.25045776367188,166.642578125,141.0265350341797
2024-03-01,155.183349609375,188.59664916992188,130.90481567382812
2024-03-02,82.69258880615234,56.627098083496094,96.9859390258789
2024-03-03,82.35665130615234,45.65475845336914,127.7160186767578
2024-03-04,170.75091552734375,159.0229034423828,177.03433227539062
2024-03-05,83.45616912841797,85.41097259521484,102.39910888671876
2024-03-06,108.0185089111328,99.80085754394533,95.72090911865234
2024-03-07,122.2349624633789,91.47798919677734,146.23046875
2024-03-08,183.7222442626953,194.43557739257807,177.6065216064453
2024-03-09,89.67141723632812,52.63383102416992,115.68817138671876
2024-03-10,98.21629333496094,89.0944595336914,124.61779022216795
2024-03-11,155.80584716796875,157.7220916748047,202.59947204589844
2024-03-12,199.55227661132807,232.3075408935547,172.4129638671875
2024-03-13,149.75440979003906,129.50650024414062,179.1521453857422
2024-03-14,187.1507110595703,155.62168884277344,248.7661895751953
2024-03-15,138.02365112304688,105.2067413330078,183.46507263183597
2024-03-16,126.55989837646484,137.2676239013672,98.74200439453124
2024-03-17,69.1920166015625,100.68682098388672,34.48951721191406
2024-03-18,147.65321350097656,149.4691925048828,127.99888610839844
2024-03-19,183.30413818359372,152.4231414794922,221.8984832763672
2024-03-20,116.02689361572266,115.77599334716795,138.80369567871094
2024-03-21,130.513916015625,103.35848999023438,148.69964599609375
2024-03-22,125.00255584716795,122.84236907958984,135.94667053222656
2024-03-23,107.02964782714844,106.79821014404295,138.71026611328125
2024-03-24,69.01182556152344,57.385498046875,103.19910430908205
2024-03-25,187.9930725097656,140.15087890625,245.5775146484375
2024-03-26,165.62838745117188,158.91368103027344,203.2228546142578
2024-03-27,126.7417221069336,105.38970947265624,149.32461547851562
2024-03-28,99.6260986328125,82.84222412109375,111.734375
2024-03-29,126.19306182861328,136.41351318359375,113.22415161132812
2024-03-30,161.5886688232422,116.45056915283205,214.7883758544922
2024-03-31,119.95370483398438,92.0725555419922,183.9761199951172
2024-04-01,123.22461700439452,132.60194396972656,144.52391052246094
2024-04-02,197.96221923828125,197.53414916992188,249.9803009033203
2024-04-03,181.8664703369141,162.02963256835938,194.25714111328125
2024-04-04,160.98458862304688,123.56652069091795,172.83438110351562
2024-04-05,142.04835510253906,170.0894317626953,158.60446166992188
2024-04-06,130.29766845703125,100.01224517822266,169.8647918701172
2024-04-07,69.73827362060547,43.492164611816406,104.28540802001952
2024-04-08,126.32672882080078,81.70138549804688,153.92408752441406
2024-04-09,171.76275634765625,173.43173217773438,159.00306701660156
2024-04-10,208.5249481201172,168.44088745117188,261.3387451171875
2024-04-11,123.3402862548828,136.7484130859375,117.1053695678711
2024-04-12,161.3263397216797,160.9774932861328,160.82977294921875
2024-04-13,130.1172332763672,135.2456817626953,118.90699005126952
2024-04-14,137.6413116455078,76.30204010009766,219.5482177734375
2024-04-15,230.79364013671875,237.0679626464844,230.08323669433597
2024-04-16,340.5443420410156,453.0772399902344,283.94219970703125
2024-04-17,227.49627685546875,267.6067199707031,221.2644195556641
2024-04-18,155.665771484375,196.75027465820312,136.56422424316406
2024-04-19,208.1194305419922,269.2010803222656,184.42562866210935
2024-04-20,134.36312866210938,171.88790893554688,123.64572143554688
2024-04-21,70.48016357421875,87.90969848632812,70.26321411132812
2024-04-22,162.9131622314453,248.3568878173828,81.20585632324219
2024-04-23,148.3239288330078,164.44798278808594,110.9005355834961
2024-04-24,139.23226928710938,154.36798095703125,150.37066650390625
2024-04-25,172.4012908935547,143.35708618164062,171.87063598632812
2024-04-26,150.83494567871094,154.36798095703125,138.80369567871094
2024-04-27,154.3292694091797,137.49603271484375,164.8438262939453
2024-04-28,106.32933807373048,54.40995407104492,146.77206420898438
2024-04-29,191.10968017578125,188.34214782714844,197.5777740478516
2024-04-30,167.80361938476562,196.38113403320312,123.91637420654295
2024-05-01,130.75924682617188,124.2633285522461,111.734375
2024-05-02,137.77406311035156,59.77223587036133,214.98257446289065
2024-05-03,110.41893005371094,115.97911071777344,127.45994567871094
2024-05-04,86.46179962158203,80.88265991210938,96.97012329101562
2024-05-05,68.83257293701172,71.5455551147461,51.46552658081055
2024-05-06,93.61604309082033,23.952205657958984,172.29763793945312
2024-05-07,176.26507568359375,252.70677185058597,133.30673217773438
2024-05-08,163.58358764648438,126.30882263183594,198.0258026123047
2024-05-09,145.39895629882812,136.67385864257812,126.04470825195312
2024-05-10,185.2792205810547,186.7460174560547,223.8895721435547
2024-05-11,106.0021743774414,88.14412689208984,147.94622802734375
2024-05-12,54.009254455566406,29.94025993347168,71.79067993164062
2024-05-13,177.1075897216797,152.72496032714844,235.4165496826172
2024-05-14,154.67242431640625,150.05079650878906,167.0460205078125
2024-05-15,129.21363830566406,166.05165100097656,81.9737548828125
2024-05-16,124.90009307861328,144.49856567382812,129.9293670654297
2024-05-17,181.6569366455078,204.36639404296875,170.44496154785156
2024-05-18,110.9231185913086,92.23604583740234,140.74032592773438
2024-05-19,98.48174285888672,119.11367797851562,124.95458984375
2024-05-20,135.07557678222656,149.75942993164062,115.42268371582033
2024-05-21,165.28404235839844,171.79856872558594,151.04400634765625
2024-05-22,140.05340576171875,172.156494140625,121.41071319580078
2024-05-23,101.83300018310548,139.4685516357422,83.60433959960938
2024-05-24,116.63970947265624,126.08643341064452,81.39647674560547
2024-05-25,91.41826629638672,116.26152801513672,42.887939453125
2024-05-26,121.3052978515625,77.5916519165039,148.83926391601562
2024-05-27,145.42979431152344,188.11245727539065,64.43651580810547
2024-05-28,143.45765686035156,162.6675567626953,104.0116958618164
2024-05-29,135.4371795654297,168.93038940429688,112.51690673828124
2024-05-30,93.57535552978516,82.99822998046875,111.94478607177734
2024-05-31,156.499267578125,108.44503021240234,195.0219268798828
2024-06-01,121.19149780273438,109.1724090576172,151.02308654785156
2024-06-02,90.01542663574219,74.85064697265625,89.73834991455078
2024-06-03,111.1133804321289,127.04210662841795,83.07852172851562
2024-06-04,110.2148208618164,122.19609832763672,109.87557220458984
2024-06-05,119.32062530517578,113.39295196533205,135.94667053222656
2024-06-06,122.00985717773438,111.60052490234376,145.96116638183594
2024-06-07,122.68769073486328,92.7442398071289,166.7864227294922
2024-06-08,66.66158294677734,102.33450317382812,30.672178268432617
2024-06-09,92.95470428466795,70.26795959472656,101.09300231933594
2024-06-10,107.28964233398438,144.97389221191406,120.32931518554688
2024-06-11,121.78558349609376,131.64907836914062,133.55178833007812
2024-06-12,117.67557525634766,88.06584167480469,140.7760467529297
2024-06-13,133.4734344482422,110.98733520507812,157.2557830810547
2024-06-14,90.1378936767578,121.79779052734376,67.39533233642578
2024-06-15,109.89561462402344,174.06027221679688,73.03822326660156
2024-06-16,102.35462188720705,92.84844207763672,92.76324462890624
2024-06-17,120.9456787109375,111.7445831298828,133.97044372558594
2024-06-18,142.94383239746094,165.3735809326172,148.69964599609375
2024-06-19,114.8867416381836,137.9905548095703,89.08130645751953
2024-06-20,177.00743103027344,231.29421997070312,151.25364685058594
2024-06-21,128.30368041992188,184.2801818847656,46.51227188110352
2024-06-22,64.95230865478516,78.55982208251953,47.09263610839844
2024-06-23,85.1559829711914,70.80986785888672,101.87264251708984
2024-06-24,212.60784912109372,205.3046417236328,232.46505737304688
2024-06-25,109.98760223388672,150.63693237304688,103.19910430908205
2024-06-26,128.58396911621094,183.29415893554688,109.87557220458984
2024-06-27,120.6764144897461,170.5885772705078,72.18297576904297
2024-06-28,121.46080780029295,128.54351806640625,143.10275268554688
2024-06-29,42.53698348999024,44.21354675292969,42.40605163574219
2024-06-30,46.920223236083984,46.81876373291016,37.42063903808594
2024-07-01,71.44754028320312,54.00988006591797,90.65332794189452
2024-07-02,79.59959411621094,91.64707946777344,97.66717529296876
2024-07-03,107.82317352294922,99.62039184570312,131.37823486328125
2024-07-04,90.27962493896484,80.84497833251953,83.07852172851562
2024-07-05,73.11270141601562,74.82523345947266,56.06742477416992
2024-07-06,87.63406372070312,77.72850036621094,81.54003143310547
2024-07-07,94.91598510742188,63.1404914855957,132.4733428955078
2024-07-08,89.18451690673828,127.13095092773438,88.90999603271484
2024-07-09,90.05038452148438,96.27391815185548,89.77320098876953
2024-07-10,124.6665267944336,88.8549575805664,177.54684448242188
2024-07-11,127.8534927368164,125.64402770996094,139.04721069335938
2024-07-12,86.32097625732422,98.6955795288086,64.54145812988281
2024-07-13,31.749849319458008,44.00165939331055,10.55070686340332
2024-07-14,45.00771331787109,29.94025993347168,53.84300994873047
2024-07-15,67.88048553466797,22.57789802551269,121.80877685546876
2024-07-16,68.23641204833984,92.84844207763672,49.47372817993164
2024-07-17,105.25916290283205,113.2693099975586,86.41719055175781
2024-07-18,133.52000427246094,126.88693237304688,126.77049255371094
2024-07-19,143.77462768554688,162.5922393798828,126.13223266601562
2024-07-20,79.50162506103516,52.886474609375,126.81106567382812
2024-07-21,81.29000091552734,67.59518432617188,121.55968475341795
2024-07-22,130.038818359375,136.5869598388672,136.4616241455078
2024-07-23,36.46863555908203,30.324811935424805,36.35638046264648
2024-07-24,78.87065887451172,70.62830352783203,84.67618560791016
2024-07-25,91.53900146484376,85.63224029541016,114.07154846191406
2024-07-26,95.77151489257812,103.05966186523438,89.86044311523438
2024-07-27,81.64779663085938,106.68852996826172,69.7684097290039
2024-07-28,105.160888671875,131.16685485839844,104.83718872070312
2024-07-29,124.38494873046876,174.1978759765625,65.26425170898438
2024-07-30,107.0728988647461,111.29308319091795,93.40039825439452
2024-07-31,112.86431121826172,168.93038940429688,101.26522064208984
2024-08-01,133.19764709472656,144.46697998046875,161.654541015625
2024-08-02,191.2178192138672,187.0630798339844,246.69667053222656
2024-08-03,92.17579650878906,67.0661849975586,126.35160064697266
2024-08-04,76.24835968017578,56.35813522338867,101.35154724121094
2024-08-05,186.99978637695312,211.0305328369141,119.8441162109375
2024-08-06,131.50079345703125,166.62405395507812,124.85336303710938
2024-08-07,172.7223358154297,153.8828887939453,221.38803100585935
2024-08-08,174.67401123046875,134.8721160888672,199.0129547119141
2024-08-09,151.33558654785156,111.85801696777344,201.15966796875
2024-08-10,122.04196166992188,115.97911071777344,139.04721069335938
2024-08-11,61.8345947265625,88.14412689208984,35.22529220581055
2024-08-12,118.30599212646484,98.37513732910156,170.3604278564453
2024-08-13,151.6049346923828,126.0642547607422,181.36593627929688
2024-08-14,175.76889038085938,191.12884521484372,188.7069396972656
2024-08-15,139.61013793945312,168.8584747314453,101.22210693359376
2024-08-16,118.94318389892578,118.68598175048828,166.0078887939453
2024-08-17,137.03067016601562,118.89944458007812,178.1855010986328
2024-08-18,75.07235717773438,15.606253623962402,130.97222900390625
2024-08-19,136.52664184570312,83.65087890625,186.2508850097656
2024-08-20,151.46929931640625,98.57070922851562,183.82981872558597
2024-08-21,140.68820190429688,148.89210510253906,114.75421142578124
2024-08-22,184.3729705810547,183.97427368164065,159.29806518554688
2024-08-23,143.7642364501953,99.62039184570312,203.0391082763672
2024-08-24,87.31644439697266,99.83374786376952,54.40480041503906
2024-08-25,110.72650146484376,30.69084930419922,202.3737335205078
2024-08-26,176.03016662597656,172.98817443847656,191.4418182373047
2024-08-27,174.34567260742188,171.82090759277344,141.62216186523438
2024-08-28,156.19180297851562,119.05516815185548,220.5906219482422
2024-08-29,132.50270080566406,94.44012451171876,176.12648010253906
2024-08-30,166.55368041992188,102.58859252929688,258.2860107421875
2024-08-31,124.57520294189452,94.17107391357422,158.06222534179688
2024-09-01,113.66654205322266,81.01481628417969,145.69285583496094
2024-09-02,145.5133056640625,99.64612579345705,204.7982177734375
2024-09-03,171.22616577148438,208.09371948242188,144.43771362304688
2024-09-04,180.32122802734372,177.7099151611328,226.3722381591797
2024-09-05,141.96719360351562,127.88768005371094,165.11856079101562
2024-09-06,100.38084411621094,102.01866149902344,100.07186126708984
2024-09-07,90.47984313964844,125.39471435546876,60.13422775268555
2024-09-08,122.36398315429688,72.6781997680664,191.69436645507807
2024-09-09,146.7593231201172,185.9580535888672,97.53839111328124
2024-09-10,97.6078872680664,131.8915252685547,85.14401245117188
2024-09-11,212.9060516357422,197.86605834960935,249.70672607421875
2024-09-12,103.1149444580078,117.89704895019533,64.24846649169922
2024-09-13,185.6430206298828,125.42398834228516,219.77252197265625
2024-09-14,100.38084411621094,133.55169677734375,80.05747985839844
2024-09-15,55.874637603759766,53.09886932373047,79.57521057128906
2024-09-16,88.97392272949219,79.67572784423828,81.8769760131836
2024-09-17,100.7880630493164,111.7445831298828,80.38226318359375
2024-09-18,122.00985717773438,101.45501708984376,145.96116638183594
2024-09-19,93.75191497802734,62.36612319946289,137.07955932617188
2024-09-20,175.53778076171875,188.34214782714844,191.9326934814453
2024-09-21,90.29145050048828,84.46519470214844,78.76183319091797
2024-09-22,8.952885627746582,0.0,17.850656509399414
2024-09-23,158.09982299804688,212.8480224609375,150.1077880859375
2024-09-24,161.11709594726562,171.4866180419922,154.19631958007812
2024-09-25,175.30010986328125,231.2174835205078,132.5769500732422
2024-09-26,240.47679138183597,289.9477844238281,263.7102355957031
2024-09-27,134.84788513183594,136.50637817382812,116.89810180664062
2024-09-28,66.58427429199219,46.13909530639648,88.5057601928711
2024-09-29,102.35462188720705,108.32318878173828,111.31588745117188
2024-09-30,160.4926300048828,160.14556884765625,179.1984405517578
2024-10-01,135.86703491210938,75.31846618652344,232.19798278808597
2024-10-02,178.71270751953125,191.0638427734375,216.34033203125
2024-10-03,237.0575714111328,321.6181335449219,223.8895721435547
2024-10-04,144.27560424804688,143.963623046875,161.09127807617188
2024-10-05,72.57582092285156,86.21295166015625,72.35242462158203
2024-10-06,89.28753662109375,133.64169311523438,71.21015930175781
2024-10-07,80.63045501708984,67.04674530029297,107.17634582519533
2024-10-08,98.58832550048828,120.2362823486328,91.73253631591795
2024-10-09,137.03067016601562,128.80772399902344,142.54840087890625
2024-10-10,119.58728790283205,69.6083984375,178.82876586914062
2024-10-11,157.45294189453125,151.06967163085938,217.3406982421875
2024-10-12,96.0164566040039,88.71187591552734,85.08525085449219
2024-10-13,52.16641998291016,28.91867446899414,69.34112548828125
2024-10-14,151.46929931640625,87.618408203125,210.09120178222656
2024-10-15,125.71414947509766,125.44230651855467,112.7944564819336
2024-10-16,117.64259338378906,102.97209930419922,123.453125
2024-10-17,104.24164581298828,134.83584594726562,57.7337646484375
2024-10-18,124.89034271240234,118.68598175048828,130.43478393554688
2024-10-19,72.25399780273438,64.70310974121094,88.65426635742188
2024-10-20,77.84101867675781,86.30298614501953,103.46854400634766
2024-10-21,119.05634307861328,139.76341247558594,111.70811462402344
2024-10-22,214.1457977294922,222.58616638183597,173.4578857421875
2024-10-23,215.39117431640625,209.98460388183597,207.32376098632807
2024-10-24,136.4728240966797,123.79792785644533,160.78961181640625
2024-10-25,170.02560424804688,136.50637817382812,233.79620361328125
2024-10-26,114.05547332763672,107.2112274169922,128.53541564941406
2024-10-27,93.91300201416016,127.7862548828125,34.04506301879883
2024-10-28,145.1722869873047,131.68942260742188,171.03915405273438
2024-10-29,160.8042449951172,213.94204711914065,102.5979461669922
2024-10-30,133.96414184570312,151.9027862548828,157.83392333984375
2024-10-31,133.89991760253906,77.45529174804688,174.11448669433594
2024-11-01,131.0728302001953,128.80772399902344,130.66937255859375
2024-11-02,79.75684356689453,79.58438110351562,74.2105941772461
2024-11-03,101.40513610839844,98.37513732910156,101.09300231933594
2024-11-04,114.6917495727539,134.6396942138672,107.61292266845705
2024-11-05,57.4433708190918,63.68794631958008,38.17770385742188
2024-11-06,120.14494323730467,123.69100952148438,114.07154846191406
2024-11-07,98.7958755493164,115.97911071777344,115.8726806640625
2024-11-08,108.89063262939452,152.4984893798828,68.56134033203125
2024-11-09,77.39643859863281,60.06705856323242,92.58984375
2024-11-10,54.009254455566406,44.9103889465332,89.73834991455078
2024-11-11,154.22886657714844,178.4293975830078,147.0691680908203
2024-11-12,106.85701751708984,155.49618530273438,93.21208953857422
2024-11-13,116.55330657958984,122.42239379882812,97.84803771972656
2024-11-14,58.6295166015625,68.25318908691406,35.06943130493164
2024-11-15,97.5879135131836,108.1965560913086,118.90699005126952
2024-11-16,97.26952362060548,98.85658264160156,86.19566345214844
2024-11-17,33.888160705566406,42.26860046386719,16.891923904418945
2024-11-18,253.1438140869141,192.4544219970703,346.1000671386719
2024-11-19,197.47999572753903,233.0734100341797,152.41714477539062
2024-11-20,195.1946258544922,267.3348693847656,160.25372314453125
2024-11-21,193.78823852539065,241.71148681640625,217.3406982421875
2024-11-22,102.09968566894533,122.63202667236328,67.85694122314453
2024-11-23,183.44915771484372,217.9196014404297,135.8570556640625
2024-11-24,85.59606170654297,128.116455078125,17.066518783569336
2024-11-25,123.70584869384766,91.4358139038086,164.4334259033203
2024-11-26,169.25527954101562,130.68814086914062,192.83920288085935
2024-11-27,199.6274261474609,176.37124633789062,236.327880859375
2024-11-28,176.27854919433594,195.44151306152344,161.09127807617188
2024-11-29,226.97222900390625,234.64291381835935,293.54412841796875
2024-11-30,105.60198974609376,110.91960906982422,110.8178253173828
2024-12-01,184.54417419433597,184.1451110839844,239.1689453125
2024-12-02,197.0029296875,121.3437728881836,320.0536193847656
2024-12-03,164.99378967285156,168.8584747314453,189.7914581298828
2024-12-04,136.60072326660156,147.66412353515625,95.32618713378906
2024-12-05,127.66488647460938,167.6168670654297,107.17634582519533
2024-12-06,150.84552001953125,150.5193328857422,156.39645385742188
2024-12-07,151.0617218017578,107.66790008544922,193.62437438964844
2024-12-08,68.65425109863281,42.81612014770508,85.55366516113281
2024-12-09,170.9712371826172,71.08396911621094,298.2787170410156
2024-12-10,194.4993896484375,202.1654052734375,254.4946746826172
2024-12-11,153.94032287597656,142.22911071777344,181.88619995117188
2024-12-12,233.8283233642578,140.42568969726562,323.76190185546875
2024-12-13,191.3634796142578,131.68942260742188,249.9803009033203
2024-12-14,101.751220703125,94.0103759765625,112.70892333984376
2024-12-15,64.41104125976562,30.60559844970703,91.73253631591795
2024-12-16,194.0416259765625,207.45216369628903,179.62689208984375
2024-12-17,133.30252075195312,166.26783752441406,93.02454376220705
2024-12-18,182.28550720214844,229.9775390625,187.99078369140625
2024-12-19,152.5942840576172,137.46084594726562,202.8327789306641
2024-12-20,128.64340209960938,106.97102355957033,153.89691162109375
2024-12-21,89.20738983154297,69.23348999023438,106.71935272216795
2024-12-22,37.21986389160156,15.474740982055664,55.65794372558594
2024-12-23,146.57379150390625,158.44491577148438,102.28583526611328
2024-12-24,143.3685302734375,150.58790588378906,135.4047393798828
2024-12-25,120.14494323730467,171.2644805908203,102.66439056396484
2024-12-26,132.85699462890625,88.37979888916016,158.93765258789062
2024-12-27,168.5598602294922,121.88069915771484,219.18392944335935
2024-12-28,106.214599609375,121.44105529785156,79.41574096679688
2024-12-29,79.4108657836914,56.59939193725586,90.47592163085938
2024-12-30,108.1994400024414,110.73381805419922,82.97415161132812
2024-12-31,63.39842224121094,52.7177734375,79.00409698486328
2025-01-01,112.81190490722656,68.2229995727539,143.13682556152344
2025-01-02,198.4803009033203,102.44022369384766,272.9232482910156
2025-01-03,137.5028076171875,155.91531372070312,137.07955932617188
2025-01-04,69.86082458496094,87.13719940185547,46.43052673339844
2025-01-05,48.14778900146485,16.014556884765625,76.79933166503906
2025-01-06,98.31822204589844,62.88821792602539,120.63455963134766
2025-01-07,117.64259338378906,164.75537109375,61.7265625
2025-01-08,70.20856475830078,84.91726684570312,50.90360641479492
2025-01-09,123.1437759399414,143.35708618164062,85.93531799316406
2025-01-10,65.53641510009766,69.3580093383789,59.39516830444336
2025-01-11,71.65287780761719,100.8304214477539,43.95835113525391
2025-01-12,81.90414428710938,121.07709503173828,54.434696197509766
2025-01-13,106.85701751708984,154.0152587890625,71.01873779296875
2025-01-14,147.36761474609375,202.4586944580078,89.42591094970703
2025-01-15,147.094482421875,156.56149291992188,152.5073699951172
2025-01-16,92.8215103149414,67.53599548339844,115.66975402832033
2025-01-17,88.33514404296875,100.99846649169922,66.04742431640625
2025-01-18,77.15607452392578,51.3261604309082,112.8139190673828
2025-01-19,68.30036163330078,70.99236297607422,51.06759643554688
2025-01-20,151.88629150390625,120.28400421142578,173.05003356933594
2025-01-21,50.09554290771485,62.48401641845703,37.45600509643555
2025-01-22,157.46360778808594,145.48435974121094,174.4210205078125
2025-01-23,126.4798583984375,130.21290588378906,120.0862274169922
2025-01-24,148.64085388183594,194.22784423828125,116.42976379394533
2025-01-25,84.66626739501953,52.8019905090332,126.60848236083984
2025-01-26,128.0631866455078,127.7862548828125,136.1802520751953
2025-01-27,209.143798828125,213.1795196533203,269.03228759765625
2025-01-28,163.21046447753906,150.79400634765625,192.83920288085935
2025-01-29,105.25916290283205,113.2693099975586,86.41719055175781
2025-01-30,120.6764144897461,140.48471069335938,72.18297576904297
2025-01-31,109.84081268310548,134.6005401611328,69.15960693359375
2025-02-01,65.24754333496094,66.77584838867188,80.05747985839844
2025-02-02,61.99993133544922,88.37979888916016,52.97921752929688
2025-02-03,146.04507446289062,143.521240234375,145.5955352783203
2025-02-04,141.4619598388672,127.43255615234376,152.77874755859375
2025-02-05,135.56771850585938,156.84007263183594,117.52210998535156
2025-02-06,162.32183837890625,199.9639892578125,119.8682861328125
2025-02-07,124.4435043334961,108.40623474121094,141.78338623046875
2025-02-08,131.8939666748047,143.4197998046875,111.25906372070312
2025-02-09,0.0,0.0,0.0
2025-02-10,121.0070343017578,138.35406494140625,105.55525207519533
2025-02-11,119.80353546142578,149.4305877685547,83.60433959960938
2025-02-12,95.37142944335938,116.31301879882812,76.06229400634766
2025-02-13,167.4221954345703,188.9370880126953,178.82876586914062
2025-02-14,119.525634765625,123.05343627929688,102.13519287109376
2025-02-15,108.1865005493164,111.37962341308594,92.44585418701172
2025-02-16,86.55165100097656,91.59870147705078,94.1293487548828
2025-02-17,156.25318908691406,194.8941345214844,155.77223205566406
2025-02-18,217.6139373779297,251.3233337402344,180.7867584228516
2025-02-19,166.24411010742188,174.07644653320312,171.87063598632812
2025-02-20,265.48809814453125,200.69244384765625,336.8539123535156
2025-02-21,181.8218994140625,188.98825073242188,203.9200134277344
2025-02-22,124.80632019042967,95.13199615478516,165.89620971679688
2025-02-23,96.91022491455078,102.56130981445312,140.52642822265625
2025-02-24,144.02468872070312,108.87366485595705,182.7399139404297
2025-02-25,165.32223510742188,112.01309204101562,207.5427398681641
2025-02-26,162.38076782226562,108.01976013183594,233.1085662841797
2025-02-27,143.77462768554688,172.156494140625,126.13223266601562
2025-02-28,122.68769073486328,139.11634826660156,88.9527587890625
2025-03-01,119.8626480102539,126.8521499633789,108.6306381225586
2025-03-02,83.74468994140625,108.32318878173828,55.65794372558594
2025-03-03,154.22886657714844,156.12571716308594,160.43910217285156
2025-03-04,253.4526824951172,303.8776550292969,211.539794921875
2025-03-05,180.47381591796875,242.0477752685547,116.0763168334961
2025-03-06,229.87570190429688,245.0626220703125,176.28317260742188
2025-03-07,179.5272674560547,221.5160369873047,138.56103515625
2025-03-08,195.7426300048828,233.71548461914065,150.1077880859375
2025-03-09,105.72024536132812,87.90969848632812,140.52642822265625
2025-03-10,238.45330810546875,267.9478454589844,205.5950927734375
2025-03-11,221.6365509033203,219.16485595703125,226.92605590820312
2025-03-12,218.22657775878903,214.03237915039065,234.28985595703125
2025-03-13,254.8129119873047,282.5132141113281,214.5130157470703
2025-03-14,223.67819213867188,265.707763671875,212.3711395263672
2025-03-15,150.57125854492188,189.9657745361328,113.87487030029295
2025-03-16,92.95470428466795,126.4823226928711,101.09300231933594
2025-03-17,155.95892333984375,186.7460174560547,136.8214111328125
2025-03-18,201.12017822265625,206.5877990722656,271.2662353515625
2025-03-19,275.0921325683594,314.52813720703125,251.39157104492188
2025-03-20,246.2043609619141,251.25540161132807,223.1331787109375
2025-03-21,158.8217315673828,160.3649444580078,135.71388244628906
2025-03-22,94.94621276855467,61.40613555908203,157.756591796875
2025-03-23,96.91022491455078,131.8645477294922,70.26321411132812
2025-03-24,141.50775146484375,96.27391815185548,192.3711395263672
2025-03-25,139.72164916992188,174.27439880371094,81.25342559814453
2025-03-26,155.46347045898438,208.8251953125,119.21918487548828
2025-03-27,155.94879150390625,143.0911102294922,160.82977294921875
2025-03-28,156.456787109375,188.4188232421875,139.83982849121094
2025-03-29,100.38084411621094,96.64925384521484,105.33879089355467
2025-03-30,55.05652618408203,76.30204010009766,36.59136962890625
2025-03-31,188.3616943359375,259.2474365234375,90.65332794189452
2025-04-01,90.91094970703124,94.49412536621094,79.30223083496094
2025-04-02,115.74695587158205,119.16322326660156,109.89588165283205
2025-04-03,97.93678283691406,86.22794342041016,114.86508178710938
2025-04-04,176.9652099609375,183.94017028808597,187.44677734375
2025-04-05,148.7680206298828,189.681396484375,98.8733901977539
2025-04-06,115.76177215576172,148.0915985107422,71.01873779296875
2025-04-07,125.71414947509766,104.53524780273438,137.85989379882812
2025-04-08,128.1103515625,142.0370330810547,133.7977294921875
2025-04-09,189.45361328125,152.7627716064453,206.04049682617188
2025-04-10,166.2014923095703,162.02963256835938,148.54957580566406
2025-04-11,134.74850463867188,168.07142639160156,100.75031280517578
2025-04-12,93.65890502929688,131.16685485839844,58.97091674804688
2025-04-13,91.55338287353516,83.05036926269531,99.56898498535156
2025-04-14,168.11903381347656,196.75027465820312,161.3940887451172
2025-04-15,141.4619598388672,147.03756713867188,141.0265350341797
2025-04-16,156.30990600585938,169.96937561035156,191.7892608642578
2025-04-17,122.4609146118164,142.56211853027344,97.66717529296876
2025-04-18,187.7323455810547,241.71148681640625,156.96829223632812
2025-04-19,117.39453887939452,144.30374145507812,122.12158966064452
2025-04-20,170.10482788085938,238.22735595703125,107.10393524169922
2025-04-21,158.39720153808594,171.79856872558594,137.31272888183594
2025-04-22,133.2294158935547,100.71311950683594,193.19174194335935
2025-04-23,146.83367919921875,185.58712768554688,105.39482879638672
2025-04-24,179.21395874023438,221.12945556640625,149.84580993652344
2025-04-25,190.11257934570312,249.1029510498047,206.7571563720703
2025-04-26,123.4497299194336,128.31539916992188,123.06974029541016
2025-04-27,154.0729217529297,204.986328125,153.59866333007812
2025-04-28,113.79048919677734,168.21397399902344,75.62682342529297
2025-04-29,127.8748550415039,162.02963256835938,109.26964569091795
2025-04-30,140.21450805664062,136.02488708496094,139.7829132080078
2025-05-01,105.3466796875,97.33229064941406,128.3607177734375
2025-05-02,181.0728302001953,221.42312622070312,180.51547241210935
2025-05-03,85.18031311035156,94.44012451171876,75.48277282714844
2025-05-04,95.38807678222656,100.95040130615234,103.73941040039062
2025-05-05,213.92315673828125,280.3017578125,193.87698364257807
2025-05-06,214.70346069335935,214.23919677734372,281.3131103515625
2025-05-07,250.2103576660156,262.3337097167969,357.8924560546875
2025-05-08,246.38934326171875,309.5971374511719,251.08938598632807
2025-05-09,150.08396911621094,160.45652770996094,128.2474365234375
2025-05-10,116.97671508789062,150.3260498046875,95.41361236572266
2025-05-11,104.52276611328124,147.0851593017578,144.2783660888672
2025-05-12,200.17465209960935,214.776123046875,193.12112426757807
2025-05-13,150.0257110595703,199.60171508789065,83.75579071044922
2025-05-14,145.07595825195312,180.9528045654297,96.41960144042967
2025-05-15,213.5278778076172,287.92724609375,138.0782470703125
2025-05-16,206.7042236328125,308.5044250488281,116.24346923828124
2025-05-17,123.05228424072266,155.52919006347656,127.58045959472656
2025-05-18,137.70489501953125,152.67457580566406,137.28102111816406
2025-05-19,231.87974548339844,220.3603057861328,303.8181457519531
2025-05-20,167.23641967773438,224.6391448974609,153.89691162109375
2025-05-21,222.44102478027344,349.9369506835937,95.8946304321289
2025-05-22,205.25376892089844,246.53045654296875,170.518310546875
2025-05-23,103.51773834228516,117.7912826538086,65.17837524414062
2025-05-24,89.67141723632812,140.3568878173828,42.06842422485352
2025-05-25,142.20619201660156,208.67453002929688,150.1077880859375
2025-05-26,180.8349609375,232.389892578125,163.88938903808594
2025-05-27,203.34573364257807,218.1785125732422,222.33786010742188
2025-05-28,228.03907775878903,279.4424133300781,167.51158142089844
2025-05-29,169.4258575439453,223.4694366455078,104.83718872070312
2025-05-30,185.31846618652344,221.5160369873047,150.1077880859375
2025-05-31,54.93478775024414,73.08799743652344,21.90627670288086
2025-06-01,161.38150024414062,197.7592620849609,169.3523712158203
2025-06-02,247.2065277099609,256.9499816894531,197.156494140625
2025-06-03,205.0933074951172,248.0603790283203,223.0494537353516
2025-06-04,197.0300445556641,235.51519775390625,184.1470947265625
2025-06-05,245.16421508789065,341.3498840332031,181.88619995117188
2025-06-06,137.7939910888672,128.32962036132812,142.86463928222656
2025-06-07,109.03436279296876,103.61769104003906,103.52261352539062
2025-06-08,102.71527862548828,142.3516082763672,68.26607513427734
2025-06-09,145.3411865234375,201.42623901367188,144.89381408691406
2025-06-10,188.4736785888672,246.9555206298828,113.87487030029295
2025-06-11,177.35682678222656,256.896728515625,68.44292449951172
2025-06-12,168.150634765625,233.0375518798828,89.404296875
2025-06-13,166.77857971191406,267.7989807128906,80.2659683227539
2025-06-14,307.2526550292969,455.0919189453125,258.4464416503906
2025-06-15,169.0869903564453,178.94688415527344,137.91806030273438
2025-06-16,273.92388916015625,413.1755981445313,177.8199920654297
2025-06-17,293.2027893066406,435.7406921386719,199.0129547119141
2025-06-18,320.7700500488281,482.1663818359375,159.89134216308594
2025-06-19,205.7495574951172,250.92788696289065,177.76739501953125
2025-06-20,284.8919982910156,353.0224304199219,345.2732238769531
2025-06-21,155.696044921875,187.502685546875,181.9783172607422
2025-06-22,239.66897583007807,355.8790588378906,290.1307983398437
2025-06-23,540.163330078125,606.0990600585938,583.9163208007812
2025-06-24,351.72052001953125,436.0411376953125,318.76171875
2025-06-25,328.4731140136719,462.94183349609375,188.7069396972656
2025-06-26,233.9731903076172,296.9539489746094,171.87063598632812
2025-06-27,231.2438201904297,317.272705078125,138.3192138671875
2025-06-28,112.2904281616211,84.03571319580078,156.7227020263672
2025-06-29,95.38807678222656,115.37188720703124,69.15960693359375
2025-06-30,147.65321350097656,181.49832153320312,89.5992202758789
2025-07-01,189.46420288085935,233.77706909179688,182.7880706787109
2025-07-02,95.84282684326172,99.62039184570312,131.37823486328125
2025-07-03,96.75885009765624,75.72518920898438,113.48355102539062
2025-07-04,156.76760864257812,147.36029052734375,149.49005126953125
2025-07-05,101.02533721923828,132.64064025878906,63.60908126831055
2025-07-06,48.71422958374024,40.50740814208984,64.75238037109375
2025-07-07,115.55469512939452,138.79283142089844,76.79933166503906
2025-07-08,151.7206573486328,168.21397399902344,138.64918518066406
2025-07-09,136.29527282714844,187.2471160888672,59.07641220092773
2025-07-10,146.05677795410156,194.32125854492188,104.83718872070312
2025-07-11,134.5205078125,139.82252502441406,178.80859375
2025-07-12,123.0675277709961,162.02963256835938,102.24059295654295
2025-07-13,42.68772888183594,70.99236297607422,17.022531509399414
2025-07-14,107.62855529785156,129.27273559570312,71.53150939941406
2025-07-15,166.55368041992188,184.65948486328125,147.59201049804688
2025-07-16,177.89715576171875,244.84478759765625,134.54104614257812
2025-07-17,155.00750732421875,162.31045532226562,160.25372314453125
2025-07-18,140.04351806640625,179.1547088623047,107.3941879272461
2025-07-19,58.319854736328125,77.5916519165039,46.51227188110352
2025-07-20,88.87377166748047,53.74641418457031,112.76390075683594
2025-07-21,144.323486328125,171.442138671875,95.91950225830078
2025-07-22,118.55506134033205,162.37075805664062,83.42832946777344
2025-07-23,142.94383239746094,144.70188903808594,123.91637420654295
2025-07-24,199.4794464111328,261.37628173828125,132.5769500732422
2025-07-25,122.90444946289062,145.99844360351562,105.0224151611328
2025-07-26,124.04899597167967,168.09732055664062,73.28424835205078
2025-07-27,152.61151123046875,134.36602783203125,214.7883758544922
2025-07-28,142.25750732421875,135.19036865234375,175.58621215820312
2025-07-29,126.91829681396484,158.3048095703125,88.56934356689453
2025-07-30,219.11924743652344,257.2299194335937,269.84356689453125
2025-07-31,176.5133819580078,176.13168334960938,164.2387237548828
2025-08-01,179.05772399902344,238.22735595703125,107.10393524169922
2025-08-02,113.899169921875,157.85122680664062,75.69905853271484
2025-08-03,89.52886199951172,115.80496978759766,39.66812515258789
2025-08-04,127.9243621826172,134.36602783203125,120.8184585571289
2025-08-05,163.98849487304688,207.26959228515625,117.7082748413086
2025-08-06,133.52000427246094,158.60865783691406,114.09344482421876
2025-08-07,149.1587677001953,144.70188903808594,136.30799865722656
2025-08-08,175.30010986328125,201.0586700439453,132.5769500732422
2025-08-09,115.55469512939452,136.1237335205078,124.79891204833984
2025-08-10,103.81266021728516,141.25660705566406,94.08465576171876
2025-08-11,176.85165405273438,192.3062286376953,189.8694000244141
2025-08-12,140.1470947265625,211.88491821289065,101.6114273071289
2025-08-13,159.25807189941406,190.6964263916016,165.11856079101562
2025-08-14,173.33203125,202.85104370117188,166.3985595703125
2025-08-15,139.0772705078125,168.21397399902344,88.23129272460938
2025-08-16,99.5866928100586,78.45105743408203,125.40650177001952
2025-08-17,154.9739227294922,193.2985076904297,135.18478393554688
2025-08-18,224.327392578125,236.27798461914065,223.6368865966797
2025-08-19,135.60218811035156,107.3880615234375,167.37164306640625
2025-08-20,155.58047485351562,183.27423095703125,116.32618713378906
2025-08-21,122.21123504638672,128.36521911621094,115.42268371582033
2025-08-22,104.53862762451172,141.25660705566406,52.10842514038086
2025-08-23,110.23519134521484,174.16163635253906,54.947940826416016
2025-08-24,86.16505432128906,111.45391082763672,57.26655197143555
2025-08-25,131.91641235351562,121.88069915771484,146.12261962890625
2025-08-26,108.72760772705078,96.43777465820312,101.16673278808594
2025-08-27,186.89584350585935,203.64035034179688,154.19631958007812
2025-08-28,170.36062622070312,188.8802490234375,150.96554565429688
2025-08-29,175.66647338867188,219.10826110839844,137.5988006591797
2025-08-30,89.37788391113281,92.90062713623048,100.24060821533205
2025-08-31,44.76443099975586,29.778419494628903,89.25328063964844
2025-09-01,144.02468872070312,179.6415557861328,143.58135986328125
2025-09-02,122.68769073486328,132.02413940429688,100.72592163085938
2025-09-03,187.5038299560547,187.09837341308597,199.38845825195312
2025-09-04,114.8867416381836,148.60520935058594,76.35540771484375
2025-09-05,142.67613220214844,196.01336669921875,86.57901763916016
2025-09-06,102.90521240234376,122.24129486083984,97.70329284667967
2025-09-07,74.23120880126953,77.15696716308594,92.5033950805664
2025-09-08,115.21974182128906,131.7371368408203,114.86508178710938
2025-09-09,95.37142944335938,84.5912857055664,126.77049255371094
2025-09-10,236.6119842529297,273.2642822265625,235.8836669921875
2025-09-11,179.05772399902344,212.70298767089844,178.50656127929688
2025-09-12,103.72032165527344,140.15087890625,77.55079650878906
2025-09-13,83.6755599975586,90.043212890625,78.51105499267578
2025-09-14,94.39959716796876,85.63224029541016,85.55366516113281
2025-09-15,100.58403778076172,100.36653900146484,106.95939636230467
2025-09-16,102.5166015625,106.55720520019533,102.2010498046875
2025-09-17,142.6154327392578,118.58920288085938,155.10159301757812
2025-09-18,96.48255157470705,85.57682037353516,115.42268371582033
2025-09-19,140.83004760742188,203.66017150878903,73.25038146972656
2025-09-20,159.58355712890625,193.01632690429688,115.70352172851562
2025-09-21,110.11305236816406,91.5624542236328,146.365478515625
2025-09-22,131.45111083984375,163.95855712890625,91.73253631591795
2025-09-23,115.3311767578125,138.5243682861328,102.2010498046875
2025-09-24,117.20443725585938,153.8828887939453,86.09534454345703
2025-09-25,148.87945556640625,185.69688415527344,136.05274963378906
2025-09-26,159.19918823242188,173.11114501953125,122.08396911621094
2025-09-27,54.95964813232422,41.54606246948242,59.771427154541016
2025-09-28,78.6366195678711,98.0832290649414,78.39456939697266
2025-09-29,119.8833999633789,136.41351318359375,100.64369201660156
2025-09-30,161.74647521972656,150.63693237304688,154.7986602783203
2025-10-01,169.25527954101562,211.11160278320312,156.68185424804688
2025-10-02,184.7393493652344,180.10218811035156,241.3271484375
2025-10-03,293.1475830078125,282.7632141113281,268.8656311035156
2025-10-04,139.05831909179688,82.59381866455078,227.74974060058597
2025-10-05,64.23261260986328,91.5624542236328,73.1827392578125
2025-10-06,190.0134429931641,158.0021209716797,202.05712890625
2025-10-07,163.92086791992188,181.74046325683597,108.9442138671875
2025-10-08,83.78089141845703,42.87165451049805,128.49693298339844
2025-10-09,194.47560119628903,204.8358917236328,180.95184326171875
2025-10-10,184.0315399169922,197.4554748535156,177.54684448242188
2025-10-11,135.20684814453125,120.4593505859375,163.67437744140625
2025-10-12,96.5763168334961,64.24498748779297,134.79066467285156
2025-10-13,198.0710601806641,238.53436279296875,190.65237426757807
2025-10-14,202.95819091796875,241.09442138671875,144.52391052246094
2025-10-15,184.0315399169922,221.6267547607422,113.87487030029295
2025-10-16,149.9516143798828,204.03732299804688,95.13003540039062
2025-10-17,133.89991760253906,145.22866821289062,162.50685119628906
2025-10-18,114.5556640625,127.00881958007812,104.68611907958984
2025-10-19,103.2244873046875,140.45628356933594,130.97222900390625
2025-10-20,161.07623291015625,151.4103546142578,237.3797607421875
2025-10-21,177.1075897216797,207.26959228515625,143.8656768798828
2025-10-22,122.92731475830078,139.8771514892578,128.99888610839844
2025-10-23,193.3405303955078,257.2299194335937,141.3466339111328
2025-10-24,158.6478729248047,189.9657745361328,113.87487030029295
2025-10-25,108.35501861572266,120.13411712646484,113.16537475585938
2025-10-26,124.46063232421876,159.21986389160156,57.26655197143555
2025-10-27,163.14573669433594,188.7454376220703,127.28626251220705
2025-10-28,129.3971710205078,107.59780883789062,154.7986602783203
2025-10-29,100.992919921875,111.97169494628906,134.24273681640625
2025-10-30,132.0226287841797,159.68138122558594,83.75579071044922
2025-10-31,158.78424072265625,236.750732421875,141.9200897216797
2025-11-01,64.5305404663086,89.43194580078125,32.16595458984375
2025-11-02,57.25425338745117,54.40995407104492,65.23202514648438
2025-11-03,236.6119842529297,141.25660705566406,350.8013610839844
2025-11-04,107.0601806640625,104.73397827148438,138.1219940185547
2025-11-05,140.9603271484375,195.3548889160156,93.68428802490234
2025-11-06,82.0813217163086,87.75410461425781,93.51847839355467
2025-11-07,99.21167755126952,100.8304214477539,87.91670227050781
2025-11-08,64.21778869628906,80.0986557006836,42.680084228515625
2025-11-09,24.720653533935547,27.407997131347656,16.42970848083496
2025-11-10,105.160888671875,98.37513732910156,117.94183349609376
2025-11-11,104.4241943359375,144.71998596191406,80.96882629394531
2025-11-12,77.42227935791016,101.16708374023438,99.23653411865234
2025-11-13,71.02971649169922,64.4328384399414,64.37371063232422
2025-11-14,81.59033203125,108.55187225341795,43.38090515136719
2025-11-15,76.27622985839844,63.42607498168945,86.90451049804688
2025-11-16,79.62903594970703,92.69965362548828,95.26071166992188
2025-11-17,111.8166275024414,127.84617614746094,69.67028045654297
2025-11-18,81.25166320800781,93.54918670654295,49.84711456298828
2025-11-19,59.47159194946289,59.34299087524414,59.28853225708008
2025-11-20,84.79268646240234,94.0103759765625,67.62535095214844
2025-11-21,163.00860595703125,261.41162109375,23.21526336669922
2025-11-22,38.45435333251953,45.67999649047852,43.81255340576172
2025-11-23,113.11206817626952,120.92943572998048,112.76390075683594
2025-11-24,173.25144958496094,138.30145263671875,234.89671325683597
2025-11-25,188.14927673339844,293.9401550292969,45.47154998779297
2025-11-26,118.30599212646484,167.23773193359375,47.176734924316406
2025-11-27,181.4025115966797,170.51690673828125,172.98135375976562
2025-11-28,151.36514282226562,213.0020446777344,81.25342559814453
2025-11-29,93.311767578125,67.8927001953125,116.28068542480467
2025-11-30,77.03646087646484,96.08734893798828,38.39966583251953
2025-12-01,149.9516143798828,147.36029052734375,135.90005493164062
2025-12-02,110.011474609375,121.97064971923828,109.6728515625
2025-12-03,106.47539520263672,127.88768005371094,117.94183349609376
2025-12-04,154.6261444091797,187.91946411132807,142.29248046875
2025-12-05,150.29798889160156,189.9657745361328,131.85511779785156
2025-12-06,82.40218353271484,118.76799011230467,21.90627670288086
2025-12-07,40.89589691162109,27.20497703552246,48.92401885986328
2025-12-08,110.63585662841795,97.40878295898438,116.78327178955078
2025-12-09,104.47801208496094,122.64952087402344,61.26848220825195
2025-12-10,95.6698226928711,119.32868957519533,59.60959243774414
2025-12-11,142.22116088867188,187.2471160888672,106.33753967285156
2025-12-12,175.30010986328125,201.0586700439453,108.4720458984375
2025-12-13,75.28562927246094,98.37513732910156,32.16595458984375
2025-12-14,185.31846618652344,166.93963623046875,277.1220703125
2025-12-15,202.2409820556641,173.96865844726562,250.2849884033203
2025-12-16,145.1220245361328,136.41351318359375,150.96554565429688
2025-12-17,125.1149673461914,118.89944458007812,130.66937255859375
2025-12-18,209.34442138671875,194.55604553222656,270.0824279785156
2025-12-19,100.20222473144533,147.03756713867188,82.26547241210938
2025-12-20,105.53312683105467,78.00364685058594,128.58790588378906
2025-12-21,113.11206817626952,147.80264282226562,64.43651580810547
2025-12-22,106.6277084350586,70.93142700195312,127.55941009521484
2025-12-23,97.63357543945312,127.57701873779295,83.42832946777344
2025-12-24,134.29327392578125,186.1151123046875,89.25328063964844
2025-12-25,147.22523498535156,73.45343780517578,234.83529663085935
2025-12-26,144.02468872070312,186.29493713378903,159.5348358154297
2025-12-27,209.290771484375,228.0417022705078,172.67300415039062
2025-12-28,79.82090759277344,99.56037139892578,79.57521057128906
2025-12-29,62.946659088134766,65.42764282226562,47.064674377441406
2025-12-30,218.8921356201172,266.9563293457031,160.0268096923828
2025-12-31,161.7602081298828,210.5353240966797,140.2280731201172
2026-01-01,164.65980529785156,225.5149383544922,77.24845123291016
2026-01-02,175.08287048339844,232.9390106201172,111.70811462402344
2026-01-03,197.96221923828125,208.50827026367188,184.19601440429688
2026-01-04,135.55264282226562,169.07440185546875,84.45962524414062
2026-01-05,263.3422241210937,299.65313720703125,165.80943298339844
2026-01-06,255.32977294921875,379.9315490722656,66.98522186279297
2026-01-07,242.22332763671875,348.395751953125,65.26425170898438
2026-01-08,267.4366760253906,333.57293701171875,169.66310119628906
2026-01-09,131.62521362304688,118.57135772705078,142.15505981445312
2026-01-10,192.1967620849609,272.63006591796875,112.70892333984376
2026-01-11,118.91268920898438,197.7592620849609,33.87047576904297
2026-01-12,186.33192443847656,241.01907348632807,151.3586883544922
2026-01-13,167.4221954345703,228.7133026123047,119.21918487548828
2026-01-14,119.8833999633789,178.3869171142578,62.90231323242188
2026-01-15,152.97825622558594,225.05715942382807,46.92534637451172
2026-01-16,194.8569183349609,283.5518798828125,84.98749542236328
2026-01-17,87.89566040039062,127.90399169921876,32.85941696166992
2026-01-18,89.3094253540039,81.01481628417969,97.12857055664062
2026-01-19,191.91197204589844,222.0254821777344,116.4564208984375
2026-01-20,251.4282989501953,303.1522216796875,137.85989379882812
2026-01-21,180.3575897216797,219.9603729248047,143.84193420410156
2026-01-22,133.7183380126953,151.6240692138672,84.83155059814453
2026-01-23,193.18576049804688,255.1341552734375,135.94667053222656
2026-01-24,123.72918701171876,168.3567657470703,67.2809066772461
2026-01-25,85.1559829711914,99.1338119506836,67.91509246826172
2026-01-26,80.7943344116211,76.78059387207031,69.03912353515625
2026-01-27,206.2771148681641,282.5132141113281,96.77278900146484
2026-01-28,134.1356658935547,184.2801818847656,93.02454376220705
2026-01-29,177.5683135986328,244.39219665527344,122.08396911621094
2026-01-30,161.4616241455078,233.8729705810547,72.69371032714844
2026-01-31,129.1953125,180.4822998046875,61.82286071777344
2026-02-01,106.85701751708984,136.69993591308594,65.55575561523438
2026-02-02,109.20553588867188,121.07709503173828,72.57958984375
2026-02-03,141.4619598388672,156.84007263183594,105.7698974609375
2026-02-04,239.6070709228516,338.7093200683594,226.92605590820312
2026-02-05,139.28529357910156,120.85574340820312,169.0427703857422
2026-02-06,114.82037353515624,143.21510314941406,80.12686157226562
2026-02-07,110.23519134521484,128.32962036132812,87.91670227050781
2026-02-08,64.23261260986328,76.30204010009766,54.887054443359375
2026-02-09,114.00806427001952,115.86823272705078,101.028564453125
2026-02-10,59.25881576538086,78.84089660644531,23.630563735961918
2026-02-11,107.04885864257812,69.23348999023438,142.29248046875
2026-02-12,125.6491241455078,161.47091674804688,91.0998992919922
2026-02-13,116.78925323486328,158.91368103027344,74.09166717529297
2026-02-14,69.01182556152344,79.45684051513672,74.09166717529297
2026-02-15,21.51017951965332,35.77277755737305,0.0
2026-02-16,72.96404266357422,121.3437728881836,0.0
2026-02-17,76.59115600585938,84.91726684570312,63.62950897216797
2026-02-18,122.04196166992188,183.6335906982422,46.34907150268555
2026-02-19,113.25018310546876,178.925048828125,33.87047576904297
2026-02-20,153.67581176757812,236.6412353515625,56.74177551269531
2026-02-21,78.07398223876953,102.01866149902344,33.35728454589844
2026-02-22,62.062156677246094,103.2132568359375,15.467780113220217
2026-02-23,139.28529357910156,171.21229553222656,108.67034912109376
2026-02-24,197.6758270263672,298.8611755371094,83.60433959960938
2026-02-25,138.26370239257812,201.19854736328125,68.91905975341797
2026-02-26,167.3013916015625,250.4094390869141,66.71456909179688
2026-02-27,197.1114654541016,273.1739196777344,141.9200897216797
2026-02-28,110.59446716308594,140.1337432861328,105.0038604736328
2026-03-01,273.90740966796875,270.46807861328125,341.3303527832031
2026-03-02,500.8071594238281,602.0773315429688,553.40283203125
2026-03-03,391.0670166015625,478.2124633789063,447.1961364746094
2026-03-04,465.9186401367188,548.06591796875,611.7600708007812
2026-03-05,413.3631591796875,461.4382629394531,485.4768371582031
2026-03-06,314.7455444335937,240.2682342529297,390.9349060058594
2026-03-07,226.41619873046875,130.97195434570312,353.2997436523437
2026-03-08,213.7140350341797,177.7099151611328,304.36602783203125
2026-03-09,372.1300659179688,365.2380676269531,608.1715087890625
2026-03-10,457.110595703125,434.4020385742188,627.3322143554688
2026-03-11,368.6567077636719,346.53436279296875,543.2933349609375
2026-03-12,313.2816162109375,230.609619140625,460.7960205078125
2026-03-13,322.7901306152344,246.40928649902344,506.4339294433594
2026-03-14,270.5178527832031,246.16522216796875,386.7183532714844
2026-03-15,236.6119842529297,176.39678955078125,374.1603088378906
2026-03-16,253.78543090820312,266.5648803710937,319.5843200683594
2026-03-17,378.0647888183594,319.3627624511719,574.325439453125
2026-03-18,338.9095764160156,309.08624267578125,468.6533508300781
2026-03-19,376.2985534667969,360.3137512207031,477.4512634277344
2026-03-20,308.6585388183594,274.9920654296875,406.61474609375
2026-03-21,300.6869201660156,308.37109375,329.737548828125
2026-03-22,177.3150634765625,201.0586700439453,208.9091339111328
2026-03-23,301.1425170898437,286.1822204589844,453.38677978515625
2026-03-24,400.4202575683594,464.1288757324219,495.9605407714844
2026-03-25,311.7710876464844,351.8358154296875,377.4138793945313
2026-03-26,288.5512084960937,297.5248107910156,437.2477722167969
2026-03-27,286.61151123046875,229.16004943847656,439.5835266113281
2026-03-28,241.90138244628903,164.20291137695312,374.0390625
2026-03-29,236.6119842529297,224.85745239257807,387.5231628417969
2026-03-30,256.29150390625,234.42584228515625,357.7036437988281
2026-03-31,435.86419677734375,490.6808166503906,561.5368041992188
2026-04-01,284.62646484375,322.281982421875,422.60693359375
2026-04-02,319.2836303710937,341.3498840332031,420.61181640625
2026-04-03,212.674560546875,203.64035034179688,321.2423400878906
2026-04-04,222.2489471435547,158.40597534179688,390.3761596679688
2026-04-05,164.33102416992188,172.60597229003906,224.18185424804688
2026-04-06,285.13238525390625,292.8839416503906,250.81300354003903
2026-04-07,254.2377014160156,248.71365356445312,328.0007629394531
2026-04-08,294.9076843261719,296.5511474609375,478.6045227050781
2026-04-09,413.2241821289063,428.1028137207031,526.7586059570312
2026-04-10,341.62762451171875,294.2195739746094,364.9028930664063
2026-04-11,287.7584228515625,311.6206359863281,360.2586975097656
2026-04-12,240.6223602294922,253.44102478027344,335.8343505859375
2026-04-13,405.4802856445313,548.6148681640625,507.0030822753906
2026-04-14,370.95550537109375,497.8670654296875,389.2775573730469
2026-04-15,232.3563690185547,277.4320373535156,273.2177734375
2026-04-16,358.1154479980469,423.7698364257813,329.5505676269531
2026-04-17,328.2724609375,317.636474609375,368.9135437011719
2026-04-18,230.8192138671875,280.1190185546875,211.45127868652344
2026-04-19,203.85032653808597,296.6388854980469,203.2228546142578
2026-04-20,199.55227661132807,265.49432373046875,265.2507019042969
2026-04-21,183.6391448974609,258.41827392578125,126.74346160888672
2026-04-22,225.70602416992188,231.84201049804688,225.0112762451172
2026-04-23,238.5048675537109,286.4684143066406,303.8181457519531
2026-04-24,262.50537109375,332.61932373046875,236.77378845214844
2026-04-25,200.76168823242188,178.06893920898438,226.82952880859372
2026-04-26,167.39039611816406,190.47100830078125,228.3554534912109
2026-04-27,140.17547607421875,122.6950454711914,205.9385223388672
2026-04-28,249.3330535888672,189.5572509765625,369.2974243164063
2026-04-29,253.78543090820312,266.5648803710937,319.5843200683594
2026-04-30,217.8477783203125,213.11441040039065,293.8280029296875
2026-05-01,250.85464477539065,320.9130554199219,256.494873046875
2026-05-02,198.8912353515625,182.49301147460935,314.5115661621094
2026-05-03,169.87527465820312,141.25660705566406,254.028564453125
2026-05-04,189.28958129882807,186.0184326171875,291.6379699707031
